7267945.821108 0.000000 0.000000 0.000000 0.000000 0.000000 0.000000 1.000000
7268049.320833 0.000000 0.000000 0.000000 0.000000 0.000000 0.000000 1.000000
7268050.620724 0.000000 0.000000 0.000000 0.000000 0.000000 0.000000 1.000000
7268051.920828 0.000000 0.000000 0.000000 0.000000 0.000000 0.000000 1.000000
7268053.220963 0.000000 0.000000 0.000000 0.000000 0.000000 0.000000 1.000000
7268054.420105 0.000000 0.000000 0.000000 0.000000 0.000000 0.000000 1.000000
7268055.720766 0.000000 0.000000 0.000000 0.000000 0.000000 0.000000 1.000000
7268056.920782 0.000000 0.000000 0.000000 0.000000 0.000000 0.000000 1.000000
7268058.120965 0.000000 0.000000 0.000000 0.000000 0.000000 0.000000 1.000000
7268059.320797 0.000000 0.000000 0.000000 0.000000 0.000000 0.000000 1.000000
7268060.520938 0.000000 0.000000 0.000000 0.000000 0.000000 0.000000 1.000000
7268061.720857 0.000000 0.000000 0.000000 0.000000 0.000000 0.000000 1.000000
7268062.920773 0.000000 0.000000 0.000000 0.000000 0.000000 0.000000 1.000000
7268064.121288 0.000000 0.000000 0.000000 0.000000 0.000000 0.000000 1.000000
7268065.320777 0.000000 0.000000 0.000000 0.000000 0.000000 0.000000 1.000000
7268066.521187 0.000000 0.000000 0.000000 0.000000 0.000000 0.000000 1.000000
7268067.721186 0.000000 0.000000 0.000000 0.000000 0.000000 0.000000 1.000000
7268068.920267 0.000000 0.000000 0.000000 0.000000 0.000000 0.000000 1.000000
7268070.121150 0.000000 0.000000 0.000000 0.000000 0.000000 0.000000 1.000000
7268071.021186 0.000000 0.000000 0.000000 0.000000 0.000000 0.000000 1.000000
7268072.221096 0.000000 0.000000 0.000000 0.000000 0.000000 0.000000 1.000000
7268073.421062 0.000000 0.000000 0.000000 0.000000 0.000000 0.000000 1.000000
7268074.621003 0.000000 0.000000 0.000000 0.000000 0.000000 0.000000 1.000000
7268075.820969 0.000000 0.000000 0.000000 0.000000 0.000000 0.000000 1.000000
7268077.020941 0.000000 0.000000 0.000000 0.000000 0.000000 0.000000 1.000000
7268077.920941 0.000000 0.000000 0.000000 0.000000 0.000000 0.000000 1.000000
7268078.220963 0.000000 0.000000 0.000000 0.000000 0.000000 0.000000 1.000000
7268078.421033 0.000000 0.000000 0.000000 0.000000 0.000000 0.000000 1.000000
7268078.619990 0.000000 0.000000 0.000000 0.000000 0.000000 0.000000 1.000000
7268078.820954 0.000000 0.000000 0.000000 0.000000 0.000000 0.000000 1.000000
7268079.521965 0.000000 0.000000 0.000000 0.000000 0.000000 0.000000 1.000000
7268079.820897 0.000000 0.000000 0.000000 0.000000 0.000000 0.000000 1.000000
7268080.520943 0.000000 0.000000 0.000000 0.000000 0.000000 0.000000 1.000000
7268081.720863 0.000000 0.000000 0.000000 0.000000 0.000000 0.000000 1.000000
7268082.920864 0.000000 0.000000 0.000000 0.000000 0.000000 0.000000 1.000000
7268083.420854 0.000000 0.000000 0.000000 0.000000 0.000000 0.000000 1.000000
7268084.519750 0.000000 0.000000 0.000000 0.000000 0.000000 0.000000 1.000000
7268085.720787 0.000000 0.000000 0.000000 0.000000 0.000000 0.000000 1.000000
7268086.921778 0.000000 0.000000 0.000000 0.000000 0.000000 0.000000 1.000000
7268088.120751 0.000000 0.000000 0.000000 0.000000 0.000000 0.000000 1.000000
7268089.321775 0.000000 0.000000 0.000000 0.000000 0.000000 0.000000 1.000000
7268090.521751 0.000000 0.000000 0.000000 0.000000 0.000000 0.000000 1.000000
7268091.721702 0.000000 0.000000 0.000000 0.000000 0.000000 0.000000 1.000000
7268092.921751 0.000000 0.000000 0.000000 0.000000 0.000000 0.000000 1.000000
7268094.120829 0.000000 0.000000 0.000000 0.000000 0.000000 0.000000 1.000000
7268095.221573 0.000000 0.000000 0.000000 0.000000 0.000000 0.000000 1.000000
7268096.421670 0.000000 0.000000 0.000000 0.000000 0.000000 0.000000 1.000000
7268097.621630 0.000000 0.000000 0.000000 0.000000 0.000000 0.000000 1.000000
7268107.621376 0.000000 0.000000 0.000000 0.000000 0.000000 0.000000 1.000000
7268108.821309 0.000000 0.000000 0.000000 0.000000 0.000000 0.000000 1.000000
7268110.021281 0.000000 0.000000 0.000000 0.000000 0.000000 0.000000 1.000000
7268111.221251 0.000000 0.000000 0.000000 0.000000 0.000000 0.000000 1.000000
7268112.421207 0.000000 0.000000 0.000000 0.000000 0.000000 0.000000 1.000000
7268113.621177 0.000000 0.000000 0.000000 0.000000 0.000000 0.000000 1.000000
7268114.821163 0.000000 0.000000 0.000000 0.000000 0.000000 0.000000 1.000000
7268116.021181 0.000000 0.000000 0.000000 0.000000 0.000000 0.000000 1.000000
7268117.221163 0.000000 0.000000 0.000000 0.000000 0.000000 0.000000 1.000000
7268118.321206 0.000000 0.000000 0.000000 0.000000 0.000000 0.000000 1.000000
7268119.521120 0.000000 0.000000 0.000000 0.000000 0.000000 0.000000 1.000000
7268120.721094 0.000000 0.000000 0.000000 0.000000 0.000000 0.000000 1.000000
7268121.420975 0.000000 0.000000 0.000000 0.000000 0.000000 0.000000 1.000000
7268122.521046 0.000000 0.000000 0.000000 0.000000 0.000000 0.000000 1.000000
7268123.721027 0.000000 0.000000 0.000000 0.000000 0.000000 0.000000 1.000000
7268124.121042 0.000000 0.000000 0.000000 0.000000 0.000000 0.000000 1.000000
7268124.420973 0.000000 0.000000 0.000000 0.000000 0.000000 0.000000 1.000000
7268124.920909 0.000000 0.000000 0.000000 0.000000 0.000000 0.000000 1.000000
7268125.221010 0.000000 0.000000 0.000000 0.000000 0.000000 0.000000 1.000000
7268126.120953 0.000000 0.000000 0.000000 0.000000 0.000000 0.000000 1.000000
7268127.320915 0.000000 0.000000 0.000000 0.000000 0.000000 0.000000 1.000000
7268128.520879 0.000000 0.000000 0.000000 0.000000 0.000000 0.000000 1.000000
7268129.120888 0.000000 0.000000 0.000000 0.000000 0.000000 0.000000 1.000000
7268129.420837 0.000000 0.000000 0.000000 0.000000 0.000000 0.000000 1.000000
7268130.220803 0.000000 0.000000 0.000000 0.000000 0.000000 0.000000 1.000000
7268131.420868 0.000000 0.000000 0.000000 0.000000 0.000000 0.000000 1.000000
7268132.620860 0.000000 0.000000 0.000000 0.000000 0.000000 0.000000 1.000000
7268133.620868 0.000000 0.000000 0.000000 0.000000 0.000000 0.000000 1.000000
7268133.920778 0.000000 0.000000 0.000000 0.000000 0.000000 0.000000 1.000000
7268134.120783 0.000000 0.000000 0.000000 0.000000 0.000000 0.000000 1.000000
7268134.320895 0.000000 0.000000 0.000000 0.000000 0.000000 0.000000 1.000000
7268134.520943 0.000000 0.000000 0.000000 0.000000 0.000000 0.000000 1.000000
7268135.020848 0.000000 0.000000 0.000000 0.000000 0.000000 0.000000 1.000000
7268135.920775 0.000000 0.000000 0.000000 0.000000 0.000000 0.000000 1.000000
7268136.620925 0.000000 0.000000 0.000000 0.000000 0.000000 0.000000 1.000000
7268137.120893 0.000000 0.000000 0.000000 0.000000 0.000000 0.000000 1.000000
7268138.420961 0.000000 0.000000 0.000000 0.000000 0.000000 0.000000 1.000000
7268139.620919 0.000000 0.000000 0.000000 0.000000 0.000000 0.000000 1.000000
7268140.820841 0.000000 0.000000 0.000000 0.000000 0.000000 0.000000 1.000000
7268142.020780 0.000000 0.000000 0.000000 0.000000 0.000000 0.000000 1.000000
7268143.220799 0.000000 0.000000 0.000000 0.000000 0.000000 0.000000 1.000000
7268144.320773 0.000000 0.000000 0.000000 0.000000 0.000000 0.000000 1.000000
7268145.520828 0.000000 0.000000 0.000000 0.000000 0.000000 0.000000 1.000000
7268146.720761 0.000000 0.000000 0.000000 0.000000 0.000000 0.000000 1.000000
7268147.920898 0.000000 0.000000 0.000000 0.000000 0.000000 0.000000 1.000000
7268149.220921 0.000000 0.000000 0.000000 0.000000 0.000000 0.000000 1.000000
7268150.420918 0.000000 0.000000 0.000000 0.000000 0.000000 0.000000 1.000000
7268151.620890 0.000000 0.000000 0.000000 0.000000 0.000000 0.000000 1.000000
7268152.820816 0.000000 0.000000 0.000000 0.000000 0.000000 0.000000 1.000000
7268154.021196 0.000000 0.000000 0.000000 0.000000 0.000000 0.000000 1.000000
7268155.221209 0.000000 0.000000 0.000000 0.000000 0.000000 0.000000 1.000000
7268156.421238 0.000000 0.000000 0.000000 0.000000 0.000000 0.000000 1.000000
7268157.621111 0.000000 0.000000 0.000000 0.000000 0.000000 0.000000 1.000000
7268159.520837 0.000000 0.000000 0.000000 0.000000 0.000000 0.000000 1.000000
7268160.721069 0.000000 0.000000 0.000000 0.000000 0.000000 0.000000 1.000000
7268161.921067 0.000000 0.000000 0.000000 0.000000 0.000000 0.000000 1.000000
7268162.521114 0.000000 0.000000 0.000000 0.000000 0.000000 0.000000 1.000000
7268162.821000 0.000000 0.000000 0.000000 0.000000 0.000000 0.000000 1.000000
7268163.021039 0.000000 0.000000 0.000000 0.000000 0.000000 0.000000 1.000000
7268163.221051 0.000000 0.000000 0.000000 0.000000 0.000000 0.000000 1.000000
7268163.621026 0.000000 0.000000 0.000000 0.000000 0.000000 0.000000 1.000000
7268164.720973 0.000000 0.000000 0.000000 0.000000 0.000000 0.000000 1.000000
7268165.821039 0.000000 0.000000 0.000000 0.000000 0.000000 0.000000 1.000000
7268166.920936 0.000000 0.000000 0.000000 0.000000 0.000000 0.000000 1.000000
7268168.120968 0.000000 0.000000 0.000000 0.000000 0.000000 0.000000 1.000000
7268169.322111 0.000000 0.000000 0.000000 0.000000 0.000000 0.000000 1.000000
7268170.520862 0.000000 0.000000 0.000000 0.000000 0.000000 0.000000 1.000000
7268171.721950 0.000000 0.000000 0.000000 0.000000 0.000000 0.000000 1.000000
7268173.620904 0.000000 0.000000 0.000000 0.000000 0.000000 0.000000 1.000000
7268174.921982 0.000000 0.000000 0.000000 0.000000 0.000000 0.000000 1.000000
7268176.220763 0.000000 0.000000 0.000000 0.000000 0.000000 0.000000 1.000000
7268177.420910 0.000000 0.000000 0.000000 0.000000 0.000000 0.000000 1.000000
7268178.621901 0.000000 0.000000 0.000000 0.000000 0.000000 0.000000 1.000000
7268178.920896 0.000000 0.000000 0.000000 0.000000 0.000000 0.000000 1.000000
7268179.220790 0.000000 0.000000 0.000000 0.000000 0.000000 0.000000 1.000000
7268179.421805 0.000000 0.000000 0.000000 0.000000 0.000000 0.000000 1.000000
7268179.621795 0.000000 0.000000 0.000000 0.000000 0.000000 0.000000 1.000000
7268179.921854 0.000000 0.000000 0.000000 0.000000 0.000000 0.000000 1.000000
7268181.120806 0.000000 0.000000 0.000000 0.000000 0.000000 0.000000 1.000000
7268182.321748 0.000000 0.000000 0.000000 0.000000 0.000000 0.000000 1.000000
7268183.621726 0.000000 0.000000 0.000000 0.000000 0.000000 0.000000 1.000000
7268184.820796 0.000000 0.000000 0.000000 0.000000 0.000000 0.000000 1.000000
7268186.021645 0.000000 0.000000 0.000000 0.000000 0.000000 0.000000 1.000000
7268187.221709 0.000000 0.000000 0.000000 0.000000 0.000000 0.000000 1.000000
7268188.421546 0.000000 0.000000 0.000000 0.000000 0.000000 0.000000 1.000000
7268189.521652 0.000000 0.000000 0.000000 0.000000 0.000000 0.000000 1.000000
7268190.721651 0.000000 0.000000 0.000000 0.000000 0.000000 0.000000 1.000000
7268191.821509 0.000000 0.000000 0.000000 0.000000 0.000000 0.000000 1.000000
7268193.021672 0.000000 0.000000 0.000000 0.000000 0.000000 0.000000 1.000000
7268194.221600 0.000000 0.000000 0.000000 0.000000 0.000000 0.000000 1.000000
7268195.321547 0.000000 0.000000 0.000000 0.000000 0.000000 0.000000 1.000000
7268196.521535 0.000000 0.000000 0.000000 0.000000 0.000000 0.000000 1.000000
7268197.721422 0.000000 0.000000 0.000000 0.000000 0.000000 0.000000 1.000000
7268198.920304 0.000000 0.000000 0.000000 0.000000 0.000000 0.000000 1.000000
7268200.121493 0.000000 0.000000 0.000000 0.000000 0.000000 0.000000 1.000000
7268201.221416 0.000000 0.000000 0.000000 0.000000 0.000000 0.000000 1.000000
7268202.421378 0.000000 0.000000 0.000000 0.000000 0.000000 0.000000 1.000000
7268203.521412 0.000000 0.000000 0.000000 0.000000 0.000000 0.000000 1.000000
7268203.821461 0.000000 0.000000 0.000000 0.000000 0.000000 0.000000 1.000000
7268204.620042 0.000000 0.000000 0.000000 0.000000 0.000000 0.000000 1.000000
7268205.721315 0.000000 0.000000 0.000000 0.000000 0.000000 0.000000 1.000000
7268206.821175 0.000000 0.000000 0.000000 0.000000 0.000000 0.000000 1.000000
7268208.021143 0.000000 0.000000 0.000000 0.000000 0.000000 0.000000 1.000000
7268209.121128 0.000000 0.000000 0.000000 0.000000 0.000000 0.000000 1.000000
7268210.321192 0.000000 0.000000 0.000000 0.000000 0.000000 0.000000 1.000000
7268211.121257 0.000000 0.000000 0.000000 0.000000 0.000000 0.000000 1.000000
7268212.221113 0.000000 0.000000 0.000000 0.000000 0.000000 0.000000 1.000000
7268213.421148 0.000000 0.000000 0.000000 0.000000 0.000000 0.000000 1.000000
7268214.621042 0.000000 0.000000 0.000000 0.000000 0.000000 0.000000 1.000000
7268215.821009 0.000000 0.000000 0.000000 0.000000 0.000000 0.000000 1.000000
7268216.921203 0.000000 0.000000 0.000000 0.000000 0.000000 0.000000 1.000000
7268218.121000 0.000000 0.000000 0.000000 0.000000 0.000000 0.000000 1.000000
7268219.221041 0.000000 0.000000 0.000000 0.000000 0.000000 0.000000 1.000000
7268220.420864 0.000000 0.000000 0.000000 0.000000 0.000000 0.000000 1.000000
7268221.621033 0.000000 0.000000 0.000000 0.000000 0.000000 0.000000 1.000000
7268222.721055 0.000000 0.000000 0.000000 0.000000 0.000000 0.000000 1.000000
7268223.920796 0.000000 0.000000 0.000000 0.000000 0.000000 0.000000 1.000000
7268225.020810 0.000000 0.000000 0.000000 0.000000 0.000000 0.000000 1.000000
7268225.920948 0.000000 0.000000 0.000000 0.000000 0.000000 0.000000 1.000000
7268226.220852 0.000000 0.000000 0.000000 0.000000 0.000000 0.000000 1.000000
7268227.320955 0.000000 0.000000 0.000000 0.000000 0.000000 0.000000 1.000000
7268227.620756 0.000000 0.000000 0.000000 0.000000 0.000000 0.000000 1.000000
7268228.120888 0.000000 0.000000 0.000000 0.000000 0.000000 0.000000 1.000000
7268229.320819 0.000000 0.000000 0.000000 0.000000 0.000000 0.000000 1.000000
7268230.120808 0.000000 0.000000 0.000000 0.000000 0.000000 0.000000 1.000000
7268230.920778 0.000000 0.000000 0.000000 0.000000 0.000000 0.000000 1.000000
7268231.220777 0.000000 0.000000 0.000000 0.000000 0.000000 0.000000 1.000000
7268231.720784 0.000000 0.000000 0.000000 0.000000 0.000000 0.000000 1.000000
7268232.820721 0.000000 0.000000 0.000000 0.000000 0.000000 0.000000 1.000000
7268233.920790 0.000000 0.000000 0.000000 0.000000 0.000000 0.000000 1.000000
7268235.020912 0.000000 0.000000 0.000000 0.000000 0.000000 0.000000 1.000000
7268236.120846 0.000000 0.000000 0.000000 0.000000 0.000000 0.000000 1.000000
7268237.220754 0.000000 0.000000 0.000000 0.000000 0.000000 0.000000 1.000000
7268238.320956 0.000000 0.000000 0.000000 0.000000 0.000000 0.000000 1.000000
7268239.520899 0.000000 0.000000 0.000000 0.000000 0.000000 0.000000 1.000000
7268240.620828 0.000000 0.000000 0.000000 0.000000 0.000000 0.000000 1.000000
7268241.720575 0.000000 0.000000 0.000000 0.000000 0.000000 0.000000 1.000000
7268242.120697 0.000000 0.000000 0.000000 0.000000 0.000000 0.000000 1.000000
7268243.320913 0.000000 0.000000 0.000000 0.000000 0.000000 0.000000 1.000000
7268244.420872 0.000000 0.000000 0.000000 0.000000 0.000000 0.000000 1.000000
7268245.520931 0.000000 0.000000 0.000000 0.000000 0.000000 0.000000 1.000000
7268246.720896 0.000000 0.000000 0.000000 0.000000 0.000000 0.000000 1.000000
7268247.920882 0.000000 0.000000 0.000000 0.000000 0.000000 0.000000 1.000000
7268248.720431 0.000000 0.000000 0.000000 0.000000 0.000000 0.000000 1.000000
7268249.320757 0.000000 0.000000 0.000000 0.000000 0.000000 0.000000 1.000000
7268250.420920 0.000000 0.000000 0.000000 0.000000 0.000000 0.000000 1.000000
7268251.320502 0.000000 0.000000 0.000000 0.000000 0.000000 0.000000 1.000000
7268252.521066 0.000000 0.000000 0.000000 0.000000 0.000000 0.000000 1.000000
7268253.620981 0.000000 0.000000 0.000000 0.000000 0.000000 0.000000 1.000000
7268254.821034 0.000000 0.000000 0.000000 0.000000 0.000000 0.000000 1.000000
7268256.020866 0.000000 0.000000 0.000000 0.000000 0.000000 0.000000 1.000000
7268257.220911 0.000000 0.000000 0.000000 0.000000 0.000000 0.000000 1.000000
7268258.420971 0.000000 0.000000 0.000000 0.000000 0.000000 0.000000 1.000000
7268259.520823 0.000000 0.000000 0.000000 0.000000 0.000000 0.000000 1.000000
7268259.820941 0.000000 0.000000 0.000000 0.000000 0.000000 0.000000 1.000000
7268260.021871 0.000000 0.000000 0.000000 0.000000 0.000000 0.000000 1.000000
7268260.320826 0.000000 0.000000 0.000000 0.000000 0.000000 0.000000 1.000000
7268261.421933 0.000000 0.000000 0.000000 0.000000 0.000000 0.000000 1.000000
7268262.621901 0.000000 0.000000 0.000000 0.000000 0.000000 0.000000 1.000000
7268263.421809 0.000000 0.000000 0.000000 0.000000 0.000000 0.000000 1.000000
7268264.520839 0.000000 0.000000 0.000000 0.000000 0.000000 0.000000 1.000000
7268265.721818 0.000000 0.000000 0.000000 0.000000 0.000000 0.000000 1.000000
7268266.820772 0.000000 0.000000 0.000000 0.000000 0.000000 0.000000 1.000000
7268268.021739 0.000000 0.000000 0.000000 0.000000 0.000000 0.000000 1.000000
7268270.021781 0.000000 0.000000 0.000000 0.000000 0.000000 0.000000 1.000000
7268270.921815 0.000000 0.000000 0.000000 0.000000 0.000000 0.000000 1.000000
7268272.120742 0.000000 0.000000 0.000000 0.000000 0.000000 0.000000 1.000000
7268273.321750 0.000000 0.000000 0.000000 0.000000 0.000000 0.000000 1.000000
7268274.321630 0.000000 0.000000 0.000000 0.000000 0.000000 0.000000 1.000000
7268275.720761 0.000000 0.000000 0.000000 0.000000 0.000000 0.000000 1.000000
7268276.921534 0.000000 0.000000 0.000000 0.000000 0.000000 0.000000 1.000000
7268278.221543 0.000000 0.000000 0.000000 0.000000 0.000000 0.000000 1.000000
7268279.421039 0.000000 0.000000 0.000000 0.000000 0.000000 0.000000 1.000000
7268280.421610 0.000000 0.000000 0.000000 0.000000 0.000000 0.000000 1.000000
7268288.721326 0.000000 0.000000 0.000000 0.000000 0.000000 0.000000 1.000000
7268289.021359 0.000000 0.000000 0.000000 0.000000 0.000000 0.000000 1.000000
7268289.921360 0.000000 0.000000 0.000000 0.000000 0.000000 0.000000 1.000000
7268290.221289 0.000000 0.000000 0.000000 0.000000 0.000000 0.000000 1.000000
7268290.621239 0.000000 0.000000 0.000000 0.000000 0.000000 0.000000 1.000000
7268291.920906 0.000000 0.000000 0.000000 0.000000 0.000000 0.000000 1.000000
7268293.121159 0.000000 0.000000 0.000000 0.000000 0.000000 0.000000 1.000000
7268294.421144 0.000000 0.000000 0.000000 0.000000 0.000000 0.000000 1.000000
7268295.119817 0.000000 0.000000 0.000000 0.000000 0.000000 0.000000 1.000000
7268296.321250 0.000000 0.000000 0.000000 0.000000 0.000000 0.000000 1.000000
7268297.521180 0.000000 0.000000 0.000000 0.000000 0.000000 0.000000 1.000000
7268298.721107 0.000000 0.000000 0.000000 0.000000 0.000000 0.000000 1.000000
7268300.021070 0.000000 0.000000 0.000000 0.000000 0.000000 0.000000 1.000000
7268301.220993 0.000000 0.000000 0.000000 0.000000 0.000000 0.000000 1.000000
7268302.421044 0.000000 0.000000 0.000000 0.000000 0.000000 0.000000 1.000000
7268303.620997 0.000000 0.000000 0.000000 0.000000 0.000000 0.000000 1.000000
7268304.921056 0.000000 0.000000 0.000000 0.000000 0.000000 0.000000 1.000000
7268305.420983 0.000000 0.000000 0.000000 0.000000 0.000000 0.000000 1.000000
7268305.721003 0.000000 0.000000 0.000000 0.000000 0.000000 0.000000 1.000000
7268306.120947 0.000000 0.000000 0.000000 0.000000 0.000000 0.000000 1.000000
7268306.420918 0.000000 0.000000 0.000000 0.000000 0.000000 0.000000 1.000000
7268307.721019 0.000000 0.000000 0.000000 0.000000 0.000000 0.000000 1.000000
7268308.820792 0.000000 0.000000 0.000000 0.000000 0.000000 0.000000 1.000000
7268310.020834 0.000000 0.000000 0.000000 0.000000 0.000000 0.000000 1.000000
7268311.220911 0.000000 0.000000 0.000000 0.000000 0.000000 0.000000 1.000000
7268312.420836 0.000000 0.000000 0.000000 0.000000 0.000000 0.000000 1.000000
7268313.320832 0.000000 0.000000 0.000000 0.000000 0.000000 0.000000 1.000000
7268314.220793 0.000000 0.000000 0.000000 0.000000 0.000000 0.000000 1.000000
7268315.020878 0.000000 0.000000 0.000000 0.000000 0.000000 0.000000 1.000000
7268315.320776 0.000000 0.000000 0.000000 0.000000 0.000000 0.000000 1.000000
7268316.120889 0.000000 0.000000 0.000000 0.000000 0.000000 0.000000 1.000000
7268317.320917 0.000000 0.000000 0.000000 0.000000 0.000000 0.000000 1.000000
7268318.420935 0.000000 0.000000 0.000000 0.000000 0.000000 0.000000 1.000000
7268318.720758 0.000000 0.000000 0.000000 0.000000 0.000000 0.000000 1.000000
7268318.920774 0.000000 0.000000 0.000000 0.000000 0.000000 0.000000 1.000000
7268319.120842 0.000000 0.000000 0.000000 0.000000 0.000000 0.000000 1.000000
7268319.320531 0.000000 0.000000 0.000000 0.000000 0.000000 0.000000 1.000000
7268319.520816 0.000000 0.000000 0.000000 0.000000 0.000000 0.000000 1.000000
7268319.820941 0.000000 0.000000 0.000000 0.000000 0.000000 0.000000 1.000000
7268321.020869 0.000000 0.000000 0.000000 0.000000 0.000000 0.000000 1.000000
7268322.321583 0.000000 0.000000 0.000000 0.000000 0.000000 0.000000 1.000000
7268323.520766 0.000000 0.000000 0.000000 0.000000 0.000000 0.000000 1.000000
7268324.821433 0.000000 0.000000 0.000000 0.000000 0.000000 0.000000 1.000000
7268326.020878 0.000000 0.000000 0.000000 0.000000 0.000000 0.000000 1.000000
7268327.220853 0.000000 0.000000 0.000000 0.000000 0.000000 0.000000 1.000000
7268328.420939 0.000000 0.000000 0.000000 0.000000 0.000000 0.000000 1.000000
7268329.020980 0.000000 0.000000 0.000000 0.000000 0.000000 0.000000 1.000000
7268330.221260 0.000000 0.000000 0.000000 0.000000 0.000000 0.000000 1.000000
7268331.520750 0.000000 0.000000 0.000000 0.000000 0.000000 0.000000 1.000000
7268332.221234 0.000000 0.000000 0.000000 0.000000 0.000000 0.000000 1.000000
7268332.520555 0.000000 0.000000 0.000000 0.000000 0.000000 0.000000 1.000000
7268332.720823 0.000000 0.000000 0.000000 0.000000 0.000000 0.000000 1.000000
7268333.121273 0.000000 0.000000 0.000000 0.000000 0.000000 0.000000 1.000000
7268333.420787 0.000000 0.000000 0.000000 0.000000 0.000000 0.000000 1.000000
7268333.720937 0.000000 0.000000 0.000000 0.000000 0.000000 0.000000 1.000000
7268335.320802 0.000000 0.000000 0.000000 0.000000 0.000000 0.000000 1.000000
7268336.720811 0.000000 0.000000 0.000000 0.000000 0.000000 0.000000 1.000000
7268337.321137 0.000000 0.000000 0.000000 0.000000 0.000000 0.000000 1.000000
7268361.721719 0.000000 0.000000 0.000000 0.000000 0.000000 0.000000 1.000000
7268363.021628 0.000000 0.000000 0.000000 0.000000 0.000000 0.000000 1.000000
7268364.320844 0.000000 0.000000 0.000000 0.000000 0.000000 0.000000 1.000000
7268365.521452 0.000000 0.000000 0.000000 0.000000 0.000000 0.000000 1.000000
7268366.821559 0.000000 0.000000 0.000000 0.000000 0.000000 0.000000 1.000000
7268368.121678 0.000000 0.000000 0.000000 0.000000 0.000000 0.000000 1.000000
7268368.621541 0.000000 0.000000 0.000000 0.000000 0.000000 0.000000 1.000000
7268368.821583 0.000000 0.000000 0.000000 0.000000 0.000000 0.000000 1.000000
7268369.021475 0.000000 0.000000 0.000000 0.000000 0.000000 0.000000 1.000000
7268369.320422 0.000000 0.000000 0.000000 0.000000 0.000000 0.000000 1.000000
7268370.321566 0.000000 0.000000 0.000000 0.000000 0.000000 0.000000 1.000000
7268371.021521 0.000000 0.000000 0.000000 0.000000 0.000000 0.000000 1.000000
7268372.220327 0.000000 0.000000 0.000000 0.000000 0.000000 0.000000 1.000000
7268373.421493 0.000000 0.000000 0.000000 0.000000 0.000000 0.000000 1.000000
7268374.621490 0.000000 0.000000 0.000000 0.000000 0.000000 0.000000 1.000000
7268375.821310 0.000000 0.000000 0.000000 0.000000 0.000000 0.000000 1.000000
7268376.121405 0.000000 0.000000 0.000000 0.000000 0.000000 0.000000 1.000000
7268376.721409 0.000000 0.000000 0.000000 0.000000 0.000000 0.000000 1.000000
7268377.921446 0.000000 0.000000 0.000000 0.000000 0.000000 0.000000 1.000000
7268379.219322 0.000000 0.000000 0.000000 0.000000 0.000000 0.000000 1.000000
7268380.521223 0.000000 0.000000 0.000000 0.000000 0.000000 0.000000 1.000000
7268381.821329 0.000000 0.000000 0.000000 0.000000 0.000000 0.000000 1.000000
7268383.021279 0.000000 0.000000 0.000000 0.000000 0.000000 0.000000 1.000000
7268384.321129 0.000000 0.000000 0.000000 0.000000 0.000000 0.000000 1.000000
7268385.621122 0.000000 0.000000 0.000000 0.000000 0.000000 0.000000 1.000000
7268386.921152 0.000000 0.000000 0.000000 0.000000 0.000000 0.000000 1.000000
7268388.121192 0.000000 0.000000 0.000000 0.000000 0.000000 0.000000 1.000000
7268389.321084 0.000000 0.000000 0.000000 0.000000 0.000000 0.000000 1.000000
7268390.521106 0.000000 0.000000 0.000000 0.000000 0.000000 0.000000 1.000000
7268390.821026 0.000000 0.000000 0.000000 0.000000 0.000000 0.000000 1.000000
7268391.221119 0.000000 0.000000 0.000000 0.000000 0.000000 0.000000 1.000000
7268391.821111 0.000000 0.000000 0.000000 0.000000 0.000000 0.000000 1.000000
7268393.021125 0.000000 0.000000 0.000000 0.000000 0.000000 0.000000 1.000000
7268394.221097 0.000000 0.000000 0.000000 0.000000 0.000000 0.000000 1.000000
7268395.420947 0.000000 0.000000 0.000000 0.000000 0.000000 0.000000 1.000000
7268396.520896 0.000000 0.000000 0.000000 0.000000 0.000000 0.000000 1.000000
7268397.720917 0.000000 0.000000 0.000000 0.000000 0.000000 0.000000 1.000000
7268398.920849 0.000000 0.000000 0.000000 0.000000 0.000000 0.000000 1.000000
7268400.120892 0.000000 0.000000 0.000000 0.000000 0.000000 0.000000 1.000000
7268401.320900 0.000000 0.000000 0.000000 0.000000 0.000000 0.000000 1.000000
7268401.820822 0.000000 0.000000 0.000000 0.000000 0.000000 0.000000 1.000000
7268402.119843 0.000000 0.000000 0.000000 0.000000 0.000000 0.000000 1.000000
7268402.620891 0.000000 0.000000 0.000000 0.000000 0.000000 0.000000 1.000000
7268403.120934 0.000000 0.000000 0.000000 0.000000 0.000000 0.000000 1.000000
7268404.220871 0.000000 0.000000 0.000000 0.000000 0.000000 0.000000 1.000000
7268405.019528 0.000000 0.000000 0.000000 0.000000 0.000000 0.000000 1.000000
7268405.320892 0.000000 0.000000 0.000000 0.000000 0.000000 0.000000 1.000000
7268405.820965 0.000000 0.000000 0.000000 0.000000 0.000000 0.000000 1.000000
7268406.920953 0.000000 0.000000 0.000000 0.000000 0.000000 0.000000 1.000000
7268408.020832 0.000000 0.000000 0.000000 0.000000 0.000000 0.000000 1.000000
7268409.220825 0.000000 0.000000 0.000000 0.000000 0.000000 0.000000 1.000000
7268410.420733 0.000000 0.000000 0.000000 0.000000 0.000000 0.000000 1.000000
7268411.620948 0.000000 0.000000 0.000000 0.000000 0.000000 0.000000 1.000000
7268411.920523 0.000000 0.000000 0.000000 0.000000 0.000000 0.000000 1.000000
7268412.120636 0.000000 0.000000 0.000000 0.000000 0.000000 0.000000 1.000000
7268412.319924 0.000000 0.000000 0.000000 0.000000 0.000000 0.000000 1.000000
7268412.620902 0.000000 0.000000 0.000000 0.000000 0.000000 0.000000 1.000000
7268413.020814 0.000000 0.000000 0.000000 0.000000 0.000000 0.000000 1.000000
7268414.220757 0.000000 0.000000 0.000000 0.000000 0.000000 0.000000 1.000000
7268415.420776 0.000000 0.000000 0.000000 0.000000 0.000000 0.000000 1.000000
7268416.520963 0.000000 0.000000 0.000000 0.000000 0.000000 0.000000 1.000000
7268417.720961 0.000000 0.000000 0.000000 0.000000 0.000000 0.000000 1.000000
7268418.920934 0.000000 0.000000 0.000000 0.000000 0.000000 0.000000 1.000000
7268420.120889 0.000000 0.000000 0.000000 0.000000 0.000000 0.000000 1.000000
7268421.320889 0.000000 0.000000 0.000000 0.000000 0.000000 0.000000 1.000000
7268422.520823 0.000000 0.000000 0.000000 0.000000 0.000000 0.000000 1.000000
7268423.720858 0.000000 0.000000 0.000000 0.000000 0.000000 0.000000 1.000000
7268424.921378 0.000000 0.000000 0.000000 0.000000 0.000000 0.000000 1.000000
7268426.120903 0.000000 0.000000 0.000000 0.000000 0.000000 0.000000 1.000000
7268427.420759 0.000000 0.000000 0.000000 0.000000 0.000000 0.000000 1.000000
7268428.620894 0.000000 0.000000 0.000000 0.000000 0.000000 0.000000 1.000000
7268429.820778 0.000000 0.000000 0.000000 0.000000 0.000000 0.000000 1.000000
7268431.021146 0.000000 0.000000 0.000000 0.000000 0.000000 0.000000 1.000000
7268432.221248 0.000000 0.000000 0.000000 0.000000 0.000000 0.000000 1.000000
7268432.921016 0.000000 0.000000 0.000000 0.000000 0.000000 0.000000 1.000000
7268433.121117 0.000000 0.000000 0.000000 0.000000 0.000000 0.000000 1.000000
7268433.321125 0.000000 0.000000 0.000000 0.000000 0.000000 0.000000 1.000000
7268433.521154 0.000000 0.000000 0.000000 0.000000 0.000000 0.000000 1.000000
7268433.721099 0.000000 0.000000 0.000000 0.000000 0.000000 0.000000 1.000000
7268434.020807 0.000000 0.000000 0.000000 0.000000 0.000000 0.000000 1.000000
7268435.622006 0.000000 0.000000 0.000000 0.000000 0.000000 0.000000 1.000000
7268436.820966 0.000000 0.000000 0.000000 0.000000 0.000000 0.000000 1.000000
7268438.021992 0.000000 0.000000 0.000000 0.000000 0.000000 0.000000 1.000000
7268439.220687 0.000000 0.000000 0.000000 0.000000 0.000000 0.000000 1.000000
7268440.420928 0.000000 0.000000 0.000000 0.000000 0.000000 0.000000 1.000000
7268441.620986 0.000000 0.000000 0.000000 0.000000 0.000000 0.000000 1.000000
7268442.520883 0.000000 0.000000 0.000000 0.000000 0.000000 0.000000 1.000000
7268443.720943 0.000000 0.000000 0.000000 0.000000 0.000000 0.000000 1.000000
7268444.920793 0.000000 0.000000 0.000000 0.000000 0.000000 0.000000 1.000000
7268446.120884 0.000000 0.000000 0.000000 0.000000 0.000000 0.000000 1.000000
7268447.320774 0.000000 0.000000 0.000000 0.000000 0.000000 0.000000 1.000000
7268448.520826 0.000000 0.000000 0.000000 0.000000 0.000000 0.000000 1.000000
7268449.721777 0.000000 0.000000 0.000000 0.000000 0.000000 0.000000 1.000000
7268450.920796 0.000000 0.000000 0.000000 0.000000 0.000000 0.000000 1.000000
7268452.220850 0.000000 0.000000 0.000000 0.000000 0.000000 0.000000 1.000000
7268453.421607 0.000000 0.000000 0.000000 0.000000 0.000000 0.000000 1.000000
7268454.621674 0.000000 0.000000 0.000000 0.000000 0.000000 0.000000 1.000000
7268455.821565 0.000000 0.000000 0.000000 0.000000 0.000000 0.000000 1.000000
7268456.521733 0.000000 0.000000 0.000000 0.000000 0.000000 0.000000 1.000000
7268457.721661 0.000000 0.000000 0.000000 0.000000 0.000000 0.000000 1.000000
7268458.921589 0.000000 0.000000 0.000000 0.000000 0.000000 0.000000 1.000000
7268460.121518 0.000000 0.000000 0.000000 0.000000 0.000000 0.000000 1.000000
7268461.321585 0.000000 0.000000 0.000000 0.000000 0.000000 0.000000 1.000000
7268462.621334 0.000000 0.000000 0.000000 0.000000 0.000000 0.000000 1.000000
7268463.921427 0.000000 0.000000 0.000000 0.000000 0.000000 0.000000 1.000000
7268464.521431 0.000000 0.000000 0.000000 0.000000 0.000000 0.000000 1.000000
7268465.120865 0.000000 0.000000 0.000000 0.000000 0.000000 0.000000 1.000000
7268466.321365 0.000000 0.000000 0.000000 0.000000 0.000000 0.000000 1.000000
7268467.521381 0.000000 0.000000 0.000000 0.000000 0.000000 0.000000 1.000000
7268468.721404 0.000000 0.000000 0.000000 0.000000 0.000000 0.000000 1.000000
7268591.720865 0.000000 0.000000 0.000000 0.000000 0.000000 0.000000 1.000000
7268592.818849 0.000000 0.000000 0.000000 0.000000 0.000000 0.000000 1.000000
7268593.920869 0.000000 0.000000 0.000000 0.000000 0.000000 0.000000 1.000000
7268594.620877 0.000000 0.000000 0.000000 0.000000 0.000000 0.000000 1.000000
7268596.420935 0.000000 0.000000 0.000000 0.000000 0.000000 0.000000 1.000000
7268597.920889 0.000000 0.000000 0.000000 0.000000 0.000000 0.000000 1.000000
7268599.020856 0.000000 0.000000 0.000000 0.000000 0.000000 0.000000 1.000000
7268600.320756 0.000000 0.000000 0.000000 0.000000 0.000000 0.000000 1.000000
7268601.720842 0.000000 0.000000 0.000000 0.000000 0.000000 0.000000 1.000000
7268603.220781 0.000000 0.000000 0.000000 0.000000 0.000000 0.000000 1.000000
7268604.120780 0.000000 0.000000 0.000000 0.000000 0.000000 0.000000 1.000000
7268605.521440 0.000000 0.000000 0.000000 0.000000 0.000000 0.000000 1.000000
7268606.420824 0.000000 0.000000 0.000000 0.000000 0.000000 0.000000 1.000000
7268607.520081 0.000000 0.000000 0.000000 0.000000 0.000000 0.000000 1.000000
7268608.021262 0.000000 0.000000 0.000000 0.000000 0.000000 0.000000 1.000000
7268608.321268 0.000000 0.000000 0.000000 0.000000 0.000000 0.000000 1.000000
7268608.621237 0.000000 0.000000 0.000000 0.000000 0.000000 0.000000 1.000000
7268608.821315 0.000000 0.000000 0.000000 0.000000 0.000000 0.000000 1.000000
7268609.020881 0.000000 0.000000 0.000000 0.000000 0.000000 0.000000 1.000000
7268609.621163 0.000000 0.000000 0.000000 0.000000 0.000000 0.000000 1.000000
7268610.320745 0.000000 0.000000 0.000000 0.000000 0.000000 0.000000 1.000000
7268611.221294 0.000000 0.000000 0.000000 0.000000 0.000000 0.000000 1.000000
7268612.620378 0.000000 0.000000 0.000000 0.000000 0.000000 0.000000 1.000000
7268613.220890 0.000000 0.000000 0.000000 0.000000 0.000000 0.000000 1.000000
7268613.521203 0.000000 0.000000 0.000000 0.000000 0.000000 0.000000 1.000000
7268613.721272 0.000000 0.000000 0.000000 0.000000 0.000000 0.000000 1.000000
7268613.921117 0.000000 0.000000 0.000000 0.000000 0.000000 0.000000 1.000000
7268614.121073 0.000000 0.000000 0.000000 0.000000 0.000000 0.000000 1.000000
7268614.421109 0.000000 0.000000 0.000000 0.000000 0.000000 0.000000 1.000000
7268616.721062 0.000000 0.000000 0.000000 0.000000 0.000000 0.000000 1.000000
7268618.021188 0.000000 0.000000 0.000000 0.000000 0.000000 0.000000 1.000000
7268619.721016 0.000000 0.000000 0.000000 0.000000 0.000000 0.000000 1.000000
7268619.920942 0.000000 0.000000 0.000000 0.000000 0.000000 0.000000 1.000000
7268621.822079 0.000000 0.000000 0.000000 0.000000 0.000000 0.000000 1.000000
7268622.122052 0.000000 0.000000 0.000000 0.000000 0.000000 0.000000 1.000000
7268622.722085 0.000000 0.000000 0.000000 0.000000 0.000000 0.000000 1.000000
7268627.720767 0.000000 0.000000 0.000000 0.000000 0.000000 0.000000 1.000000
7268629.020932 0.000000 0.000000 0.000000 0.000000 0.000000 0.000000 1.000000
7268630.720882 0.000000 0.000000 0.000000 0.000000 0.000000 0.000000 1.000000
7268632.120791 0.000000 0.000000 0.000000 0.000000 0.000000 0.000000 1.000000
7268633.521919 0.000000 0.000000 0.000000 0.000000 0.000000 0.000000 1.000000
7268634.620822 0.000000 0.000000 0.000000 0.000000 0.000000 0.000000 1.000000
7268636.021829 0.000000 0.000000 0.000000 0.000000 0.000000 0.000000 1.000000
7268636.521793 0.000000 0.000000 0.000000 0.000000 0.000000 0.000000 1.000000
7268637.321842 0.000000 0.000000 0.000000 0.000000 0.000000 0.000000 1.000000
7268637.621805 0.000000 0.000000 0.000000 0.000000 0.000000 0.000000 1.000000
7268637.821895 0.000000 0.000000 0.000000 0.000000 0.000000 0.000000 1.000000
7268638.021901 0.000000 0.000000 0.000000 0.000000 0.000000 0.000000 1.000000
7268638.321776 0.000000 0.000000 0.000000 0.000000 0.000000 0.000000 1.000000
7268639.720965 0.000000 0.000000 0.000000 0.000000 0.000000 0.000000 1.000000
7268640.921801 0.000000 0.000000 0.000000 0.000000 0.000000 0.000000 1.000000
7268641.221750 0.000000 0.000000 0.000000 0.000000 0.000000 0.000000 1.000000
7268641.421797 0.000000 0.000000 0.000000 0.000000 0.000000 0.000000 1.000000
7268641.620819 0.000000 0.000000 0.000000 0.000000 0.000000 0.000000 1.000000
7268642.021758 0.000000 0.000000 0.000000 0.000000 0.000000 0.000000 1.000000
7268642.420899 0.000000 0.000000 0.000000 0.000000 0.000000 0.000000 1.000000
7268644.121678 0.000000 0.000000 0.000000 0.000000 0.000000 0.000000 1.000000
7268645.421558 0.000000 0.000000 0.000000 0.000000 0.000000 0.000000 1.000000
7268646.721632 0.000000 0.000000 0.000000 0.000000 0.000000 0.000000 1.000000
7268648.421663 0.000000 0.000000 0.000000 0.000000 0.000000 0.000000 1.000000
7268803.821078 0.000000 0.000000 0.000000 0.000000 0.000000 0.000000 1.000000
7268804.121009 0.000000 0.000000 0.000000 0.000000 0.000000 0.000000 1.000000
7268804.421065 0.000000 0.000000 0.000000 0.000000 0.000000 0.000000 1.000000
7268804.721142 0.000000 0.000000 0.000000 0.000000 0.000000 0.000000 1.000000
7268805.820659 0.000000 0.000000 0.000000 0.000000 0.000000 0.000000 1.000000
7268806.420999 0.000000 0.000000 0.000000 0.000000 0.000000 0.000000 1.000000
7268807.720947 0.000000 0.000000 0.000000 0.000000 0.000000 0.000000 1.000000
7268809.021078 0.000000 0.000000 0.000000 0.000000 0.000000 0.000000 1.000000
7268810.320901 0.000000 0.000000 0.000000 0.000000 0.000000 0.000000 1.000000
7268811.620899 0.000000 0.000000 0.000000 0.000000 0.000000 0.000000 1.000000
7268811.920882 0.000000 0.000000 0.000000 0.000000 0.000000 0.000000 1.000000
7268812.221998 0.000000 0.000000 0.000000 0.000000 0.000000 0.000000 1.000000
7268812.621900 0.000000 0.000000 0.000000 0.000000 0.000000 0.000000 1.000000
7268813.920982 0.000000 0.000000 0.000000 0.000000 0.000000 0.000000 1.000000
7268814.820955 0.000000 0.000000 0.000000 0.000000 0.000000 0.000000 1.000000
7268815.120868 0.000000 0.000000 0.000000 0.000000 0.000000 0.000000 1.000000
7268815.320800 0.000000 0.000000 0.000000 0.000000 0.000000 0.000000 1.000000
7268815.520783 0.000000 0.000000 0.000000 0.000000 0.000000 0.000000 1.000000
7268816.920798 0.000000 0.000000 0.000000 0.000000 0.000000 0.000000 1.000000
7268817.820810 0.000000 0.000000 0.000000 0.000000 0.000000 0.000000 1.000000
7268818.120877 0.000000 0.000000 0.000000 0.000000 0.000000 0.000000 1.000000
7268818.420853 0.000000 0.000000 0.000000 0.000000 0.000000 0.000000 1.000000
7268818.620838 0.000000 0.000000 0.000000 0.000000 0.000000 0.000000 1.000000
7268818.920847 0.000000 0.000000 0.000000 0.000000 0.000000 0.000000 1.000000
7268819.320758 0.000000 0.000000 0.000000 0.000000 0.000000 0.000000 1.000000
7268819.620761 0.000000 0.000000 0.000000 0.000000 0.000000 0.000000 1.000000
7268820.421742 0.000000 0.000000 0.000000 0.000000 0.000000 0.000000 1.000000
7268821.821759 0.000000 0.000000 0.000000 0.000000 0.000000 0.000000 1.000000
7268823.221748 0.000000 0.000000 0.000000 0.000000 0.000000 0.000000 1.000000
7268824.521546 0.000000 0.000000 0.000000 0.000000 0.000000 0.000000 1.000000
7268825.721649 0.000000 0.000000 0.000000 0.000000 0.000000 0.000000 1.000000
7268827.021696 0.000000 0.000000 0.000000 0.000000 0.000000 0.000000 1.000000
7268828.321611 0.000000 0.000000 0.000000 0.000000 0.000000 0.000000 1.000000
7268829.621520 0.000000 0.000000 0.000000 0.000000 0.000000 0.000000 1.000000
7268830.921596 0.000000 0.000000 0.000000 0.000000 0.000000 0.000000 1.000000
7268832.221529 0.000000 0.000000 0.000000 0.000000 0.000000 0.000000 1.000000
7268833.520828 0.000000 0.000000 0.000000 0.000000 0.000000 0.000000 1.000000
7268834.721452 0.000000 0.000000 0.000000 0.000000 0.000000 0.000000 1.000000
7268835.921473 0.000000 0.000000 0.000000 0.000000 0.000000 0.000000 1.000000
7268837.321371 0.000000 0.000000 0.000000 0.000000 0.000000 0.000000 1.000000
7268837.621424 0.000000 0.000000 0.000000 0.000000 0.000000 0.000000 1.000000
7268838.221454 0.000000 0.000000 0.000000 0.000000 0.000000 0.000000 1.000000
7268839.821379 0.000000 0.000000 0.000000 0.000000 0.000000 0.000000 1.000000
7268840.021325 0.000000 0.000000 0.000000 0.000000 0.000000 0.000000 1.000000
7268840.221415 0.000000 0.000000 0.000000 0.000000 0.000000 0.000000 1.000000
7268840.421022 0.000000 0.000000 0.000000 0.000000 0.000000 0.000000 1.000000
7268840.621325 0.000000 0.000000 0.000000 0.000000 0.000000 0.000000 1.000000
7268840.821342 0.000000 0.000000 0.000000 0.000000 0.000000 0.000000 1.000000
7268841.021423 0.000000 0.000000 0.000000 0.000000 0.000000 0.000000 1.000000
7268841.221379 0.000000 0.000000 0.000000 0.000000 0.000000 0.000000 1.000000
7268841.521144 0.000000 0.000000 0.000000 0.000000 0.000000 0.000000 1.000000
7268842.221301 0.000000 0.000000 0.000000 0.000000 0.000000 0.000000 1.000000
7268843.821352 0.000000 0.000000 0.000000 0.000000 0.000000 0.000000 1.000000
7268845.121275 0.000000 0.000000 0.000000 0.000000 0.000000 0.000000 1.000000
7268846.419745 0.000000 0.000000 0.000000 0.000000 0.000000 0.000000 1.000000
7268847.721226 0.000000 0.000000 0.000000 0.000000 0.000000 0.000000 1.000000
7268849.021015 0.000000 0.000000 0.000000 0.000000 0.000000 0.000000 1.000000
7268850.321290 0.000000 0.000000 0.000000 0.000000 0.000000 0.000000 1.000000
7268852.021218 0.000000 0.000000 0.000000 0.000000 0.000000 0.000000 1.000000
7268852.321203 0.000000 0.000000 0.000000 0.000000 0.000000 0.000000 1.000000
7268852.521081 0.000000 0.000000 0.000000 0.000000 0.000000 0.000000 1.000000
7268852.721258 0.000000 0.000000 0.000000 0.000000 0.000000 0.000000 1.000000
7268853.021201 0.000000 0.000000 0.000000 0.000000 0.000000 0.000000 1.000000
7268855.121115 0.000000 0.000000 0.000000 0.000000 0.000000 0.000000 1.000000
7268855.621048 0.000000 0.000000 0.000000 0.000000 0.000000 0.000000 1.000000
7268856.420698 0.000000 0.000000 0.000000 0.000000 0.000000 0.000000 1.000000
7268856.721159 0.000000 0.000000 0.000000 0.000000 0.000000 0.000000 1.000000
7268857.221009 0.000000 0.000000 0.000000 0.000000 0.000000 0.000000 1.000000
7268863.421858 0.000000 0.000000 0.000000 0.000000 0.000000 0.000000 1.000000
7268863.720805 0.000000 0.000000 0.000000 0.000000 0.000000 0.000000 1.000000
7268864.220839 0.000000 0.000000 0.000000 0.000000 0.000000 0.000000 1.000000
7268865.920947 0.000000 0.000000 0.000000 0.000000 0.000000 0.000000 1.000000
7268866.220777 0.000000 0.000000 0.000000 0.000000 0.000000 0.000000 1.000000
7268872.820956 0.000000 0.000000 0.000000 0.000000 0.000000 0.000000 1.000000
7268873.220850 0.000000 0.000000 0.000000 0.000000 0.000000 0.000000 1.000000
7268875.420850 0.000000 0.000000 0.000000 0.000000 0.000000 0.000000 1.000000
7268875.720950 0.000000 0.000000 0.000000 0.000000 0.000000 0.000000 1.000000
7268876.018391 0.000000 0.000000 0.000000 0.000000 0.000000 0.000000 1.000000
7268958.320854 0.000000 0.000000 0.000000 0.000000 0.000000 0.000000 1.000000
7268959.020832 0.000000 0.000000 0.000000 0.000000 0.000000 0.000000 1.000000
7268960.320835 0.000000 0.000000 0.000000 0.000000 0.000000 0.000000 1.000000
7268961.320747 0.000000 0.000000 0.000000 0.000000 0.000000 0.000000 1.000000
7268962.620889 0.000000 0.000000 0.000000 0.000000 0.000000 0.000000 1.000000
7268963.920802 0.000000 0.000000 0.000000 0.000000 0.000000 0.000000 1.000000
7268964.320704 0.000000 0.000000 0.000000 0.000000 0.000000 0.000000 1.000000
7268964.620882 0.000000 0.000000 0.000000 0.000000 0.000000 0.000000 1.000000
7268965.320875 0.000000 0.000000 0.000000 0.000000 0.000000 0.000000 1.000000
7268965.620808 0.000000 0.000000 0.000000 0.000000 0.000000 0.000000 1.000000
7268966.020870 0.000000 0.000000 0.000000 0.000000 0.000000 0.000000 1.000000
7268967.320839 0.000000 0.000000 0.000000 0.000000 0.000000 0.000000 1.000000
7268968.620771 0.000000 0.000000 0.000000 0.000000 0.000000 0.000000 1.000000
7268969.120790 0.000000 0.000000 0.000000 0.000000 0.000000 0.000000 1.000000
7268970.420555 0.000000 0.000000 0.000000 0.000000 0.000000 0.000000 1.000000
7268971.620952 0.000000 0.000000 0.000000 0.000000 0.000000 0.000000 1.000000
7268972.920841 0.000000 0.000000 0.000000 0.000000 0.000000 0.000000 1.000000
7268974.220917 0.000000 0.000000 0.000000 0.000000 0.000000 0.000000 1.000000
7268975.520745 0.000000 0.000000 0.000000 0.000000 0.000000 0.000000 1.000000
7268976.820921 0.000000 0.000000 0.000000 0.000000 0.000000 0.000000 1.000000
7268978.120757 0.000000 0.000000 0.000000 0.000000 0.000000 0.000000 1.000000
7268978.820779 0.000000 0.000000 0.000000 0.000000 0.000000 0.000000 1.000000
7268979.120805 0.000000 0.000000 0.000000 0.000000 0.000000 0.000000 1.000000
7268979.420766 0.000000 0.000000 0.000000 0.000000 0.000000 0.000000 1.000000
7268980.620924 0.000000 0.000000 0.000000 0.000000 0.000000 0.000000 1.000000
7268981.121330 0.000000 0.000000 0.000000 0.000000 0.000000 0.000000 1.000000
7268981.420764 0.000000 0.000000 0.000000 0.000000 0.000000 0.000000 1.000000
7268982.621266 0.000000 0.000000 0.000000 0.000000 0.000000 0.000000 1.000000
7268983.221240 0.000000 0.000000 0.000000 0.000000 0.000000 0.000000 1.000000
7268984.521205 0.000000 0.000000 0.000000 0.000000 0.000000 0.000000 1.000000
7268992.521110 0.000000 0.000000 0.000000 0.000000 0.000000 0.000000 1.000000
7268993.821022 0.000000 0.000000 0.000000 0.000000 0.000000 0.000000 1.000000
7268995.020881 0.000000 0.000000 0.000000 0.000000 0.000000 0.000000 1.000000
7268996.221043 0.000000 0.000000 0.000000 0.000000 0.000000 0.000000 1.000000
7268997.420909 0.000000 0.000000 0.000000 0.000000 0.000000 0.000000 1.000000
7268998.620850 0.000000 0.000000 0.000000 0.000000 0.000000 0.000000 1.000000
7268999.821866 0.000000 0.000000 0.000000 0.000000 0.000000 0.000000 1.000000
7269001.120567 0.000000 0.000000 0.000000 0.000000 0.000000 0.000000 1.000000
7269002.421771 0.000000 0.000000 0.000000 0.000000 0.000000 0.000000 1.000000
7269003.619948 0.000000 0.000000 0.000000 0.000000 0.000000 0.000000 1.000000
7269004.821843 0.000000 0.000000 0.000000 0.000000 0.000000 0.000000 1.000000
7269005.820782 0.000000 0.000000 0.000000 0.000000 0.000000 0.000000 1.000000
7269006.120787 0.000000 0.000000 0.000000 0.000000 0.000000 0.000000 1.000000
7269006.420861 0.000000 0.000000 0.000000 0.000000 0.000000 0.000000 1.000000
7269007.120770 0.000000 0.000000 0.000000 0.000000 0.000000 0.000000 1.000000
7269008.321722 0.000000 0.000000 0.000000 0.000000 0.000000 0.000000 1.000000
7269008.921681 0.000000 0.000000 0.000000 0.000000 0.000000 0.000000 1.000000
7269009.621641 0.000000 0.000000 0.000000 0.000000 0.000000 0.000000 1.000000
7269010.921653 0.000000 0.000000 0.000000 0.000000 0.000000 0.000000 1.000000
7269012.021728 0.000000 0.000000 0.000000 0.000000 0.000000 0.000000 1.000000
7269013.321696 0.000000 0.000000 0.000000 0.000000 0.000000 0.000000 1.000000
7269014.521616 0.000000 0.000000 0.000000 0.000000 0.000000 0.000000 1.000000
7269015.721519 0.000000 0.000000 0.000000 0.000000 0.000000 0.000000 1.000000
7269016.921561 0.000000 0.000000 0.000000 0.000000 0.000000 0.000000 1.000000
7269018.121490 0.000000 0.000000 0.000000 0.000000 0.000000 0.000000 1.000000
7269019.321446 0.000000 0.000000 0.000000 0.000000 0.000000 0.000000 1.000000
7269020.521487 0.000000 0.000000 0.000000 0.000000 0.000000 0.000000 1.000000
7269021.721423 0.000000 0.000000 0.000000 0.000000 0.000000 0.000000 1.000000
7269022.921455 0.000000 0.000000 0.000000 0.000000 0.000000 0.000000 1.000000
7269024.121413 0.000000 0.000000 0.000000 0.000000 0.000000 0.000000 1.000000
7269025.321384 0.000000 0.000000 0.000000 0.000000 0.000000 0.000000 1.000000
7269026.521315 0.000000 0.000000 0.000000 0.000000 0.000000 0.000000 1.000000
7269027.721223 0.000000 0.000000 0.000000 0.000000 0.000000 0.000000 1.000000
7269028.921190 0.000000 0.000000 0.000000 0.000000 0.000000 0.000000 1.000000
7269030.121201 0.000000 0.000000 0.000000 0.000000 0.000000 0.000000 1.000000
7269031.320922 0.000000 0.000000 0.000000 0.000000 0.000000 0.000000 1.000000
7269032.521248 0.000000 0.000000 0.000000 0.000000 0.000000 0.000000 1.000000
7269033.721160 0.000000 0.000000 0.000000 0.000000 0.000000 0.000000 1.000000
7269034.521170 0.000000 0.000000 0.000000 0.000000 0.000000 0.000000 1.000000
7269035.721139 0.000000 0.000000 0.000000 0.000000 0.000000 0.000000 1.000000
7269036.021167 0.000000 0.000000 0.000000 0.000000 0.000000 0.000000 1.000000
7269037.221114 0.000000 0.000000 0.000000 0.000000 0.000000 0.000000 1.000000
7269037.721131 0.000000 0.000000 0.000000 0.000000 0.000000 0.000000 1.000000
7269038.420956 0.000000 0.000000 0.000000 0.000000 0.000000 0.000000 1.000000
7269039.620954 0.000000 0.000000 0.000000 0.000000 0.000000 0.000000 1.000000
7269040.821078 0.000000 0.000000 0.000000 0.000000 0.000000 0.000000 1.000000
7269042.020997 0.000000 0.000000 0.000000 0.000000 0.000000 0.000000 1.000000
7269043.120895 0.000000 0.000000 0.000000 0.000000 0.000000 0.000000 1.000000
7269044.320864 0.000000 0.000000 0.000000 0.000000 0.000000 0.000000 1.000000
7269045.420961 0.000000 0.000000 0.000000 0.000000 0.000000 0.000000 1.000000
7269046.520996 0.000000 0.000000 0.000000 0.000000 0.000000 0.000000 1.000000
7269047.620772 0.000000 0.000000 0.000000 0.000000 0.000000 0.000000 1.000000
7269048.820973 0.000000 0.000000 0.000000 0.000000 0.000000 0.000000 1.000000
7269049.120948 0.000000 0.000000 0.000000 0.000000 0.000000 0.000000 1.000000
7269049.420953 0.000000 0.000000 0.000000 0.000000 0.000000 0.000000 1.000000
7269049.620787 0.000000 0.000000 0.000000 0.000000 0.000000 0.000000 1.000000
7269049.820828 0.000000 0.000000 0.000000 0.000000 0.000000 0.000000 1.000000
7269050.020897 0.000000 0.000000 0.000000 0.000000 0.000000 0.000000 1.000000
7269050.420802 0.000000 0.000000 0.000000 0.000000 0.000000 0.000000 1.000000
7269051.220903 0.000000 0.000000 0.000000 0.000000 0.000000 0.000000 1.000000
7269052.420795 0.000000 0.000000 0.000000 0.000000 0.000000 0.000000 1.000000
7269053.620533 0.000000 0.000000 0.000000 0.000000 0.000000 0.000000 1.000000
7269054.020844 0.000000 0.000000 0.000000 0.000000 0.000000 0.000000 1.000000
7269055.320785 0.000000 0.000000 0.000000 0.000000 0.000000 0.000000 1.000000
7269067.820777 0.000000 0.000000 0.000000 0.000000 0.000000 0.000000 1.000000
7269068.120801 0.000000 0.000000 0.000000 0.000000 0.000000 0.000000 1.000000
7269068.320725 0.000000 0.000000 0.000000 0.000000 0.000000 0.000000 1.000000
7269068.620826 0.000000 0.000000 0.000000 0.000000 0.000000 0.000000 1.000000
7269069.821330 0.000000 0.000000 0.000000 0.000000 0.000000 0.000000 1.000000
7269070.921225 0.000000 0.000000 0.000000 0.000000 0.000000 0.000000 1.000000
7269071.620757 0.000000 0.000000 0.000000 0.000000 0.000000 0.000000 1.000000
7269077.820902 0.000000 0.000000 0.000000 0.000000 0.000000 0.000000 1.000000
7269078.921107 0.000000 0.000000 0.000000 0.000000 0.000000 0.000000 1.000000
7269080.221004 0.000000 0.000000 0.000000 0.000000 0.000000 0.000000 1.000000
7269080.920878 0.000000 0.000000 0.000000 0.000000 0.000000 0.000000 1.000000
7269081.221069 0.000000 0.000000 0.000000 0.000000 0.000000 0.000000 1.000000
7269081.922269 0.000000 0.000000 0.000000 0.000000 0.000000 0.000000 1.000000
7269082.221087 0.000000 0.000000 0.000000 0.000000 0.000000 0.000000 1.000000
7269083.522213 0.000000 0.000000 0.000000 0.000000 0.000000 0.000000 1.000000
7269084.822260 0.000000 0.000000 0.000000 0.000000 0.000000 0.000000 1.000000
7269086.121033 0.000000 0.000000 0.000000 0.000000 0.000000 0.000000 1.000000
7269087.320917 0.000000 0.000000 0.000000 0.000000 0.000000 0.000000 1.000000
7269088.520912 0.000000 0.000000 0.000000 0.000000 0.000000 0.000000 1.000000
7269089.720863 0.000000 0.000000 0.000000 0.000000 0.000000 0.000000 1.000000
7269091.022097 0.000000 0.000000 0.000000 0.000000 0.000000 0.000000 1.000000
7269092.222034 0.000000 0.000000 0.000000 0.000000 0.000000 0.000000 1.000000
7269093.520772 0.000000 0.000000 0.000000 0.000000 0.000000 0.000000 1.000000
7269094.820892 0.000000 0.000000 0.000000 0.000000 0.000000 0.000000 1.000000
7269096.020871 0.000000 0.000000 0.000000 0.000000 0.000000 0.000000 1.000000
7269096.320921 0.000000 0.000000 0.000000 0.000000 0.000000 0.000000 1.000000
7269096.621993 0.000000 0.000000 0.000000 0.000000 0.000000 0.000000 1.000000
7269097.620879 0.000000 0.000000 0.000000 0.000000 0.000000 0.000000 1.000000
7269098.921989 0.000000 0.000000 0.000000 0.000000 0.000000 0.000000 1.000000
7269100.121993 0.000000 0.000000 0.000000 0.000000 0.000000 0.000000 1.000000
7269101.421756 0.000000 0.000000 0.000000 0.000000 0.000000 0.000000 1.000000
7269108.321602 0.000000 0.000000 0.000000 0.000000 0.000000 0.000000 1.000000
7269108.921482 0.000000 0.000000 0.000000 0.000000 0.000000 0.000000 1.000000
7269109.221761 0.000000 0.000000 0.000000 0.000000 0.000000 0.000000 1.000000
7269109.521776 0.000000 0.000000 0.000000 0.000000 0.000000 0.000000 1.000000
7269110.121709 0.000000 0.000000 0.000000 0.000000 0.000000 0.000000 1.000000
7269111.220316 0.000000 0.000000 0.000000 0.000000 0.000000 0.000000 1.000000
7269111.521756 0.000000 0.000000 0.000000 0.000000 0.000000 0.000000 1.000000
7269113.321562 0.000000 0.000000 0.000000 0.000000 0.000000 0.000000 1.000000
7269114.519887 0.000000 0.000000 0.000000 0.000000 0.000000 0.000000 1.000000
7269115.721568 0.000000 0.000000 0.000000 0.000000 0.000000 0.000000 1.000000
7269116.921537 0.000000 0.000000 0.000000 0.000000 0.000000 0.000000 1.000000
7269118.121526 0.000000 0.000000 0.000000 0.000000 0.000000 0.000000 1.000000
7269119.321525 0.000000 0.000000 0.000000 0.000000 0.000000 0.000000 1.000000
7269120.521426 0.000000 0.000000 0.000000 0.000000 0.000000 0.000000 1.000000
7269121.721367 0.000000 0.000000 0.000000 0.000000 0.000000 0.000000 1.000000
7269122.921340 0.000000 0.000000 0.000000 0.000000 0.000000 0.000000 1.000000
7269124.021447 0.000000 0.000000 0.000000 0.000000 0.000000 0.000000 1.000000
7269124.321412 0.000000 0.000000 0.000000 0.000000 0.000000 0.000000 1.000000
7269124.521505 0.000000 0.000000 0.000000 0.000000 0.000000 0.000000 1.000000
7269124.721457 0.000000 0.000000 0.000000 0.000000 0.000000 0.000000 1.000000
7269125.021404 0.000000 0.000000 0.000000 0.000000 0.000000 0.000000 1.000000
7269126.221370 0.000000 0.000000 0.000000 0.000000 0.000000 0.000000 1.000000
7269127.421449 0.000000 0.000000 0.000000 0.000000 0.000000 0.000000 1.000000
7269128.621304 0.000000 0.000000 0.000000 0.000000 0.000000 0.000000 1.000000
7269129.821325 0.000000 0.000000 0.000000 0.000000 0.000000 0.000000 1.000000
7269131.020894 0.000000 0.000000 0.000000 0.000000 0.000000 0.000000 1.000000
7269132.221300 0.000000 0.000000 0.000000 0.000000 0.000000 0.000000 1.000000
7269133.421262 0.000000 0.000000 0.000000 0.000000 0.000000 0.000000 1.000000
7269134.521195 0.000000 0.000000 0.000000 0.000000 0.000000 0.000000 1.000000
7269135.821170 0.000000 0.000000 0.000000 0.000000 0.000000 0.000000 1.000000
7269136.221054 0.000000 0.000000 0.000000 0.000000 0.000000 0.000000 1.000000
7269136.521083 0.000000 0.000000 0.000000 0.000000 0.000000 0.000000 1.000000
7269136.921020 0.000000 0.000000 0.000000 0.000000 0.000000 0.000000 1.000000
7269138.021075 0.000000 0.000000 0.000000 0.000000 0.000000 0.000000 1.000000
7269138.321190 0.000000 0.000000 0.000000 0.000000 0.000000 0.000000 1.000000
7269138.621074 0.000000 0.000000 0.000000 0.000000 0.000000 0.000000 1.000000
7269139.920995 0.000000 0.000000 0.000000 0.000000 0.000000 0.000000 1.000000
7269141.020955 0.000000 0.000000 0.000000 0.000000 0.000000 0.000000 1.000000
7269179.420564 0.000000 0.000000 0.000000 0.000000 0.000000 0.000000 1.000000
7269180.820997 0.000000 0.000000 0.000000 0.000000 0.000000 0.000000 1.000000
7269182.120947 0.000000 0.000000 0.000000 0.000000 0.000000 0.000000 1.000000
7269183.420956 0.000000 0.000000 0.000000 0.000000 0.000000 0.000000 1.000000
7269184.620981 0.000000 0.000000 0.000000 0.000000 0.000000 0.000000 1.000000
7269185.820861 0.000000 0.000000 0.000000 0.000000 0.000000 0.000000 1.000000
7269186.920753 0.000000 0.000000 0.000000 0.000000 0.000000 0.000000 1.000000
7269187.220894 0.000000 0.000000 0.000000 0.000000 0.000000 0.000000 1.000000
7269187.520770 0.000000 0.000000 0.000000 0.000000 0.000000 0.000000 1.000000
7269188.220870 0.000000 0.000000 0.000000 0.000000 0.000000 0.000000 1.000000
7269195.520775 0.000000 0.000000 0.000000 0.000000 0.000000 0.000000 1.000000
7269195.821461 0.000000 0.000000 0.000000 0.000000 0.000000 0.000000 1.000000
7269196.121484 0.000000 0.000000 0.000000 0.000000 0.000000 0.000000 1.000000
7269197.220835 0.000000 0.000000 0.000000 0.000000 0.000000 0.000000 1.000000
7269198.521414 0.000000 0.000000 0.000000 0.000000 0.000000 0.000000 1.000000
7269199.820773 0.000000 0.000000 0.000000 0.000000 0.000000 0.000000 1.000000
7269201.020891 0.000000 0.000000 0.000000 0.000000 0.000000 0.000000 1.000000
7269201.620885 0.000000 0.000000 0.000000 0.000000 0.000000 0.000000 1.000000
7269202.220768 0.000000 0.000000 0.000000 0.000000 0.000000 0.000000 1.000000
7269203.021362 0.000000 0.000000 0.000000 0.000000 0.000000 0.000000 1.000000
7269203.421334 0.000000 0.000000 0.000000 0.000000 0.000000 0.000000 1.000000
7269204.320936 0.000000 0.000000 0.000000 0.000000 0.000000 0.000000 1.000000
7269204.820792 0.000000 0.000000 0.000000 0.000000 0.000000 0.000000 1.000000
7269206.021386 0.000000 0.000000 0.000000 0.000000 0.000000 0.000000 1.000000
7269207.221398 0.000000 0.000000 0.000000 0.000000 0.000000 0.000000 1.000000
7269208.421250 0.000000 0.000000 0.000000 0.000000 0.000000 0.000000 1.000000
7269209.621365 0.000000 0.000000 0.000000 0.000000 0.000000 0.000000 1.000000
7269210.821176 0.000000 0.000000 0.000000 0.000000 0.000000 0.000000 1.000000
7269212.021252 0.000000 0.000000 0.000000 0.000000 0.000000 0.000000 1.000000
7269213.221250 0.000000 0.000000 0.000000 0.000000 0.000000 0.000000 1.000000
7269214.420456 0.000000 0.000000 0.000000 0.000000 0.000000 0.000000 1.000000
7269215.621182 0.000000 0.000000 0.000000 0.000000 0.000000 0.000000 1.000000
7269216.821173 0.000000 0.000000 0.000000 0.000000 0.000000 0.000000 1.000000
7269217.121134 0.000000 0.000000 0.000000 0.000000 0.000000 0.000000 1.000000
7269217.420268 0.000000 0.000000 0.000000 0.000000 0.000000 0.000000 1.000000
7269217.620979 0.000000 0.000000 0.000000 0.000000 0.000000 0.000000 1.000000
7269218.521014 0.000000 0.000000 0.000000 0.000000 0.000000 0.000000 1.000000
7269219.720621 0.000000 0.000000 0.000000 0.000000 0.000000 0.000000 1.000000
7269220.921080 0.000000 0.000000 0.000000 0.000000 0.000000 0.000000 1.000000
7269222.120997 0.000000 0.000000 0.000000 0.000000 0.000000 0.000000 1.000000
7269223.320887 0.000000 0.000000 0.000000 0.000000 0.000000 0.000000 1.000000
7269223.720927 0.000000 0.000000 0.000000 0.000000 0.000000 0.000000 1.000000
7269224.020964 0.000000 0.000000 0.000000 0.000000 0.000000 0.000000 1.000000
7269224.420914 0.000000 0.000000 0.000000 0.000000 0.000000 0.000000 1.000000
7269225.620967 0.000000 0.000000 0.000000 0.000000 0.000000 0.000000 1.000000
7269226.320864 0.000000 0.000000 0.000000 0.000000 0.000000 0.000000 1.000000
7269226.620870 0.000000 0.000000 0.000000 0.000000 0.000000 0.000000 1.000000
7269227.820909 0.000000 0.000000 0.000000 0.000000 0.000000 0.000000 1.000000
7269229.020872 0.000000 0.000000 0.000000 0.000000 0.000000 0.000000 1.000000
7269229.920867 0.000000 0.000000 0.000000 0.000000 0.000000 0.000000 1.000000
7269231.120809 0.000000 0.000000 0.000000 0.000000 0.000000 0.000000 1.000000
7269232.420865 0.000000 0.000000 0.000000 0.000000 0.000000 0.000000 1.000000
7269233.620772 0.000000 0.000000 0.000000 0.000000 0.000000 0.000000 1.000000
7269234.820645 0.000000 0.000000 0.000000 0.000000 0.000000 0.000000 1.000000
7269236.121622 0.000000 0.000000 0.000000 0.000000 0.000000 0.000000 1.000000
7269237.321606 0.000000 0.000000 0.000000 0.000000 0.000000 0.000000 1.000000
7269237.820751 0.000000 0.000000 0.000000 0.000000 0.000000 0.000000 1.000000
7269238.120833 0.000000 0.000000 0.000000 0.000000 0.000000 0.000000 1.000000
7269239.320845 0.000000 0.000000 0.000000 0.000000 0.000000 0.000000 1.000000
7269239.620786 0.000000 0.000000 0.000000 0.000000 0.000000 0.000000 1.000000
7269240.320815 0.000000 0.000000 0.000000 0.000000 0.000000 0.000000 1.000000
7269241.621137 0.000000 0.000000 0.000000 0.000000 0.000000 0.000000 1.000000
7269242.321361 0.000000 0.000000 0.000000 0.000000 0.000000 0.000000 1.000000
7269243.520820 0.000000 0.000000 0.000000 0.000000 0.000000 0.000000 1.000000
7269244.720778 0.000000 0.000000 0.000000 0.000000 0.000000 0.000000 1.000000
7269245.921282 0.000000 0.000000 0.000000 0.000000 0.000000 0.000000 1.000000
7269247.121330 0.000000 0.000000 0.000000 0.000000 0.000000 0.000000 1.000000
7269248.220765 0.000000 0.000000 0.000000 0.000000 0.000000 0.000000 1.000000
7269249.421335 0.000000 0.000000 0.000000 0.000000 0.000000 0.000000 1.000000
7269250.621270 0.000000 0.000000 0.000000 0.000000 0.000000 0.000000 1.000000
7269251.821382 0.000000 0.000000 0.000000 0.000000 0.000000 0.000000 1.000000
7269255.921191 0.000000 0.000000 0.000000 0.000000 0.000000 0.000000 1.000000
7269256.221132 0.000000 0.000000 0.000000 0.000000 0.000000 0.000000 1.000000
7269256.421244 0.000000 0.000000 0.000000 0.000000 0.000000 0.000000 1.000000
7269256.820832 0.000000 0.000000 0.000000 0.000000 0.000000 0.000000 1.000000
7269262.921040 0.000000 0.000000 0.000000 0.000000 0.000000 0.000000 1.000000
7269264.220907 0.000000 0.000000 0.000000 0.000000 0.000000 0.000000 1.000000
7269265.521035 0.000000 0.000000 0.000000 0.000000 0.000000 0.000000 1.000000
7269266.820844 0.000000 0.000000 0.000000 0.000000 0.000000 0.000000 1.000000
7269268.020967 0.000000 0.000000 0.000000 0.000000 0.000000 0.000000 1.000000
7269269.320957 0.000000 0.000000 0.000000 0.000000 0.000000 0.000000 1.000000
7269270.620666 0.000000 0.000000 0.000000 0.000000 0.000000 0.000000 1.000000
7269271.820861 0.000000 0.000000 0.000000 0.000000 0.000000 0.000000 1.000000
7269273.020793 0.000000 0.000000 0.000000 0.000000 0.000000 0.000000 1.000000
7269274.220871 0.000000 0.000000 0.000000 0.000000 0.000000 0.000000 1.000000
7269275.420946 0.000000 0.000000 0.000000 0.000000 0.000000 0.000000 1.000000
7269276.620768 0.000000 0.000000 0.000000 0.000000 0.000000 0.000000 1.000000
7269277.820950 0.000000 0.000000 0.000000 0.000000 0.000000 0.000000 1.000000
7269279.020918 0.000000 0.000000 0.000000 0.000000 0.000000 0.000000 1.000000
7269280.020915 0.000000 0.000000 0.000000 0.000000 0.000000 0.000000 1.000000
7269280.320846 0.000000 0.000000 0.000000 0.000000 0.000000 0.000000 1.000000
7269280.520881 0.000000 0.000000 0.000000 0.000000 0.000000 0.000000 1.000000
7269280.721656 0.000000 0.000000 0.000000 0.000000 0.000000 0.000000 1.000000
7269280.920877 0.000000 0.000000 0.000000 0.000000 0.000000 0.000000 1.000000
7269281.220861 0.000000 0.000000 0.000000 0.000000 0.000000 0.000000 1.000000
7269282.421597 0.000000 0.000000 0.000000 0.000000 0.000000 0.000000 1.000000
7269283.621632 0.000000 0.000000 0.000000 0.000000 0.000000 0.000000 1.000000
7269284.820798 0.000000 0.000000 0.000000 0.000000 0.000000 0.000000 1.000000
7269285.321644 0.000000 0.000000 0.000000 0.000000 0.000000 0.000000 1.000000
7269285.620889 0.000000 0.000000 0.000000 0.000000 0.000000 0.000000 1.000000
7269285.821498 0.000000 0.000000 0.000000 0.000000 0.000000 0.000000 1.000000
7269286.121438 0.000000 0.000000 0.000000 0.000000 0.000000 0.000000 1.000000
7269286.321511 0.000000 0.000000 0.000000 0.000000 0.000000 0.000000 1.000000
7269286.521548 0.000000 0.000000 0.000000 0.000000 0.000000 0.000000 1.000000
7269287.121515 0.000000 0.000000 0.000000 0.000000 0.000000 0.000000 1.000000
7269288.221432 0.000000 0.000000 0.000000 0.000000 0.000000 0.000000 1.000000
7269288.921413 0.000000 0.000000 0.000000 0.000000 0.000000 0.000000 1.000000
7269289.120863 0.000000 0.000000 0.000000 0.000000 0.000000 0.000000 1.000000
7269289.320812 0.000000 0.000000 0.000000 0.000000 0.000000 0.000000 1.000000
7269289.521369 0.000000 0.000000 0.000000 0.000000 0.000000 0.000000 1.000000
7269289.721485 0.000000 0.000000 0.000000 0.000000 0.000000 0.000000 1.000000
7269289.921435 0.000000 0.000000 0.000000 0.000000 0.000000 0.000000 1.000000
7269291.021334 0.000000 0.000000 0.000000 0.000000 0.000000 0.000000 1.000000
7269292.221465 0.000000 0.000000 0.000000 0.000000 0.000000 0.000000 1.000000
7269293.421367 0.000000 0.000000 0.000000 0.000000 0.000000 0.000000 1.000000
7269294.520433 0.000000 0.000000 0.000000 0.000000 0.000000 0.000000 1.000000
7269295.721284 0.000000 0.000000 0.000000 0.000000 0.000000 0.000000 1.000000
7269296.921337 0.000000 0.000000 0.000000 0.000000 0.000000 0.000000 1.000000
7269298.121237 0.000000 0.000000 0.000000 0.000000 0.000000 0.000000 1.000000
7269299.321164 0.000000 0.000000 0.000000 0.000000 0.000000 0.000000 1.000000
7269300.521173 0.000000 0.000000 0.000000 0.000000 0.000000 0.000000 1.000000
7269301.721266 0.000000 0.000000 0.000000 0.000000 0.000000 0.000000 1.000000
7269302.821210 0.000000 0.000000 0.000000 0.000000 0.000000 0.000000 1.000000
7269304.021166 0.000000 0.000000 0.000000 0.000000 0.000000 0.000000 1.000000
7269305.221135 0.000000 0.000000 0.000000 0.000000 0.000000 0.000000 1.000000
7269305.721185 0.000000 0.000000 0.000000 0.000000 0.000000 0.000000 1.000000
7269306.021089 0.000000 0.000000 0.000000 0.000000 0.000000 0.000000 1.000000
7269306.921154 0.000000 0.000000 0.000000 0.000000 0.000000 0.000000 1.000000
7269307.821295 0.000000 0.000000 0.000000 0.000000 0.000000 0.000000 1.000000
7269308.521000 0.000000 0.000000 0.000000 0.000000 0.000000 0.000000 1.000000
7269308.821130 0.000000 0.000000 0.000000 0.000000 0.000000 0.000000 1.000000
7269309.121020 0.000000 0.000000 0.000000 0.000000 0.000000 0.000000 1.000000
7269310.320935 0.000000 0.000000 0.000000 0.000000 0.000000 0.000000 1.000000
7269311.420907 0.000000 0.000000 0.000000 0.000000 0.000000 0.000000 1.000000
7269312.621044 0.000000 0.000000 0.000000 0.000000 0.000000 0.000000 1.000000
7269313.821059 0.000000 0.000000 0.000000 0.000000 0.000000 0.000000 1.000000
7269315.020854 0.000000 0.000000 0.000000 0.000000 0.000000 0.000000 1.000000
7269316.120826 0.000000 0.000000 0.000000 0.000000 0.000000 0.000000 1.000000
7269317.320934 0.000000 0.000000 0.000000 0.000000 0.000000 0.000000 1.000000
7269318.520908 0.000000 0.000000 0.000000 0.000000 0.000000 0.000000 1.000000
7269319.720864 0.000000 0.000000 0.000000 0.000000 0.000000 0.000000 1.000000
7269320.920979 0.000000 0.000000 0.000000 0.000000 0.000000 0.000000 1.000000
7269322.020866 0.000000 0.000000 0.000000 0.000000 0.000000 0.000000 1.000000
7269323.220789 0.000000 0.000000 0.000000 0.000000 0.000000 0.000000 1.000000
7269324.420584 0.000000 0.000000 0.000000 0.000000 0.000000 0.000000 1.000000
7269325.620891 0.000000 0.000000 0.000000 0.000000 0.000000 0.000000 1.000000
7269326.820814 0.000000 0.000000 0.000000 0.000000 0.000000 0.000000 1.000000
7269328.020809 0.000000 0.000000 0.000000 0.000000 0.000000 0.000000 1.000000
7269329.220936 0.000000 0.000000 0.000000 0.000000 0.000000 0.000000 1.000000
7269330.420841 0.000000 0.000000 0.000000 0.000000 0.000000 0.000000 1.000000
7269331.520344 0.000000 0.000000 0.000000 0.000000 0.000000 0.000000 1.000000
7269332.720903 0.000000 0.000000 0.000000 0.000000 0.000000 0.000000 1.000000
7269333.920767 0.000000 0.000000 0.000000 0.000000 0.000000 0.000000 1.000000
7269335.121404 0.000000 0.000000 0.000000 0.000000 0.000000 0.000000 1.000000
7269336.320800 0.000000 0.000000 0.000000 0.000000 0.000000 0.000000 1.000000
7269337.521389 0.000000 0.000000 0.000000 0.000000 0.000000 0.000000 1.000000
7269338.721367 0.000000 0.000000 0.000000 0.000000 0.000000 0.000000 1.000000
7269339.921286 0.000000 0.000000 0.000000 0.000000 0.000000 0.000000 1.000000
7269341.121273 0.000000 0.000000 0.000000 0.000000 0.000000 0.000000 1.000000
7269342.321312 0.000000 0.000000 0.000000 0.000000 0.000000 0.000000 1.000000
7269343.521175 0.000000 0.000000 0.000000 0.000000 0.000000 0.000000 1.000000
7269346.421248 0.000000 0.000000 0.000000 0.000000 0.000000 0.000000 1.000000
7269347.721113 0.000000 0.000000 0.000000 0.000000 0.000000 0.000000 1.000000
7270380.820856 0.000000 0.000000 0.000000 0.000000 0.000000 0.000000 1.000000
7270400.420627 0.000000 0.000000 0.000000 0.000000 0.000000 0.000000 1.000000
7270400.720843 0.000000 0.000000 0.000000 0.000000 0.000000 0.000000 1.000000
7270401.020777 0.000000 0.000000 0.000000 0.000000 0.000000 0.000000 1.000000
7270432.021113 0.000000 0.000000 0.000000 0.000000 0.000000 0.000000 1.000000
7270432.721129 0.000000 0.000000 0.000000 0.000000 0.000000 0.000000 1.000000
7270433.621146 0.000000 0.000000 0.000000 0.000000 0.000000 0.000000 1.000000
7270436.921080 0.000000 0.000000 0.000000 0.000000 0.000000 0.000000 1.000000
7270437.121099 0.000000 0.000000 0.000000 0.000000 0.000000 0.000000 1.000000
7270437.320936 0.000000 0.000000 0.000000 0.000000 0.000000 0.000000 1.000000
7270437.521107 0.000000 0.000000 0.000000 0.000000 0.000000 0.000000 1.000000
7270437.721030 0.000000 0.000000 0.000000 0.000000 0.000000 0.000000 1.000000
7270437.920969 0.000000 0.000000 0.000000 0.000000 0.000000 0.000000 1.000000
7270438.121023 0.000000 0.000000 0.000000 0.000000 0.000000 0.000000 1.000000
7270438.320941 0.000000 0.000000 0.000000 0.000000 0.000000 0.000000 1.000000
7270438.520967 0.000000 0.000000 0.000000 0.000000 0.000000 0.000000 1.000000
7270438.721123 0.000000 0.000000 0.000000 0.000000 0.000000 0.000000 1.000000
7270438.921105 0.000000 0.000000 0.000000 0.000000 0.000000 0.000000 1.000000
7270439.120952 0.000000 0.000000 0.000000 0.000000 0.000000 0.000000 1.000000
7270439.320975 0.000000 0.000000 0.000000 0.000000 0.000000 0.000000 1.000000
7270439.620979 0.000000 0.000000 0.000000 0.000000 0.000000 0.000000 1.000000
7270440.920920 0.000000 0.000000 0.000000 0.000000 0.000000 0.000000 1.000000
7270442.220999 0.000000 0.000000 0.000000 0.000000 0.000000 0.000000 1.000000
7270443.520891 0.000000 0.000000 0.000000 0.000000 0.000000 0.000000 1.000000
7270444.820811 0.000000 0.000000 0.000000 0.000000 0.000000 0.000000 1.000000
7270446.120933 0.000000 0.000000 0.000000 0.000000 0.000000 0.000000 1.000000
7270447.520778 0.000000 0.000000 0.000000 0.000000 0.000000 0.000000 1.000000
7270448.820760 0.000000 0.000000 0.000000 0.000000 0.000000 0.000000 1.000000
7270450.219802 0.000000 0.000000 0.000000 0.000000 0.000000 0.000000 1.000000
7270452.720798 0.000000 0.000000 0.000000 0.000000 0.000000 0.000000 1.000000
7270454.120761 0.000000 0.000000 0.000000 0.000000 0.000000 0.000000 1.000000
7270454.620764 0.000000 0.000000 0.000000 0.000000 0.000000 0.000000 1.000000
7270454.920844 0.000000 0.000000 0.000000 0.000000 0.000000 0.000000 1.000000
7270455.120945 0.000000 0.000000 0.000000 0.000000 0.000000 0.000000 1.000000
7270455.320941 0.000000 0.000000 0.000000 0.000000 0.000000 0.000000 1.000000
7270455.620915 0.000000 0.000000 0.000000 0.000000 0.000000 0.000000 1.000000
7270456.920570 0.000000 0.000000 0.000000 0.000000 0.000000 0.000000 1.000000
7270457.920756 0.000000 0.000000 0.000000 0.000000 0.000000 0.000000 1.000000
7270459.220751 0.000000 0.000000 0.000000 0.000000 0.000000 0.000000 1.000000
7270466.821285 0.000000 0.000000 0.000000 0.000000 0.000000 0.000000 1.000000
7270469.020829 0.000000 0.000000 0.000000 0.000000 0.000000 0.000000 1.000000
7270470.220552 0.000000 0.000000 0.000000 0.000000 0.000000 0.000000 1.000000
7270471.420827 0.000000 0.000000 0.000000 0.000000 0.000000 0.000000 1.000000
7270472.520855 0.000000 0.000000 0.000000 0.000000 0.000000 0.000000 1.000000
7270473.720722 0.000000 0.000000 0.000000 0.000000 0.000000 0.000000 1.000000
7270474.821139 0.000000 0.000000 0.000000 0.000000 0.000000 0.000000 1.000000
7270476.021164 0.000000 0.000000 0.000000 0.000000 0.000000 0.000000 1.000000
7270476.621087 0.000000 0.000000 0.000000 0.000000 0.000000 0.000000 1.000000
7270477.021169 0.000000 0.000000 0.000000 0.000000 0.000000 0.000000 1.000000
7270477.321204 0.000000 0.000000 0.000000 0.000000 0.000000 0.000000 1.000000
7270477.620392 0.000000 0.000000 0.000000 0.000000 0.000000 0.000000 1.000000
7270478.121086 0.000000 0.000000 0.000000 0.000000 0.000000 0.000000 1.000000
7270480.921128 0.000000 0.000000 0.000000 0.000000 0.000000 0.000000 1.000000
7270483.620930 0.000000 0.000000 0.000000 0.000000 0.000000 0.000000 1.000000
7270536.821129 0.000000 0.000000 0.000000 0.000000 0.000000 0.000000 1.000000
7270538.121090 0.000000 0.000000 0.000000 0.000000 0.000000 0.000000 1.000000
7270539.421023 0.000000 0.000000 0.000000 0.000000 0.000000 0.000000 1.000000
7270540.521000 0.000000 0.000000 0.000000 0.000000 0.000000 0.000000 1.000000
7270541.820909 0.000000 0.000000 0.000000 0.000000 0.000000 0.000000 1.000000
7270542.420999 0.000000 0.000000 0.000000 0.000000 0.000000 0.000000 1.000000
7270543.520904 0.000000 0.000000 0.000000 0.000000 0.000000 0.000000 1.000000
7270544.719155 0.000000 0.000000 0.000000 0.000000 0.000000 0.000000 1.000000
7270545.920916 0.000000 0.000000 0.000000 0.000000 0.000000 0.000000 1.000000
7270547.120808 0.000000 0.000000 0.000000 0.000000 0.000000 0.000000 1.000000
7270548.020847 0.000000 0.000000 0.000000 0.000000 0.000000 0.000000 1.000000
7270548.720848 0.000000 0.000000 0.000000 0.000000 0.000000 0.000000 1.000000
7270549.320933 0.000000 0.000000 0.000000 0.000000 0.000000 0.000000 1.000000
7270549.720824 0.000000 0.000000 0.000000 0.000000 0.000000 0.000000 1.000000
7270550.820804 0.000000 0.000000 0.000000 0.000000 0.000000 0.000000 1.000000
7270551.420837 0.000000 0.000000 0.000000 0.000000 0.000000 0.000000 1.000000
7270551.920938 0.000000 0.000000 0.000000 0.000000 0.000000 0.000000 1.000000
7270552.920904 0.000000 0.000000 0.000000 0.000000 0.000000 0.000000 1.000000
7270559.020819 0.000000 0.000000 0.000000 0.000000 0.000000 0.000000 1.000000
7270610.421402 0.000000 0.000000 0.000000 0.000000 0.000000 0.000000 1.000000
7270611.921268 0.000000 0.000000 0.000000 0.000000 0.000000 0.000000 1.000000
7270622.521128 0.000000 0.000000 0.000000 0.000000 0.000000 0.000000 1.000000
7270623.621100 0.000000 0.000000 0.000000 0.000000 0.000000 0.000000 1.000000
7270624.221141 0.000000 0.000000 0.000000 0.000000 0.000000 0.000000 1.000000
7270624.521043 0.000000 0.000000 0.000000 0.000000 0.000000 0.000000 1.000000
7270624.820714 0.000000 0.000000 0.000000 0.000000 0.000000 0.000000 1.000000
7270625.221111 0.000000 0.000000 0.000000 0.000000 0.000000 0.000000 1.000000
7270626.420993 0.000000 0.000000 0.000000 0.000000 0.000000 0.000000 1.000000
7270627.621012 0.000000 0.000000 0.000000 0.000000 0.000000 0.000000 1.000000
7270628.720947 0.000000 0.000000 0.000000 0.000000 0.000000 0.000000 1.000000
7270629.920980 0.000000 0.000000 0.000000 0.000000 0.000000 0.000000 1.000000
7270631.120925 0.000000 0.000000 0.000000 0.000000 0.000000 0.000000 1.000000
7270632.320754 0.000000 0.000000 0.000000 0.000000 0.000000 0.000000 1.000000
7270633.420792 0.000000 0.000000 0.000000 0.000000 0.000000 0.000000 1.000000
7270634.520866 0.000000 0.000000 0.000000 0.000000 0.000000 0.000000 1.000000
7270635.720841 0.000000 0.000000 0.000000 0.000000 0.000000 0.000000 1.000000
7270637.621629 0.000000 0.000000 0.000000 0.000000 0.000000 0.000000 1.000000
7270638.820924 0.000000 0.000000 0.000000 0.000000 0.000000 0.000000 1.000000
7270640.020869 0.000000 0.000000 0.000000 0.000000 0.000000 0.000000 1.000000
7270641.320844 0.000000 0.000000 0.000000 0.000000 0.000000 0.000000 1.000000
7270642.520769 0.000000 0.000000 0.000000 0.000000 0.000000 0.000000 1.000000
7270643.220894 0.000000 0.000000 0.000000 0.000000 0.000000 0.000000 1.000000
7270654.920620 0.000000 0.000000 0.000000 0.000000 0.000000 0.000000 1.000000
7270656.320868 0.000000 0.000000 0.000000 0.000000 0.000000 0.000000 1.000000
7270657.020843 0.000000 0.000000 0.000000 0.000000 0.000000 0.000000 1.000000
7270657.620948 0.000000 0.000000 0.000000 0.000000 0.000000 0.000000 1.000000
7270659.021257 0.000000 0.000000 0.000000 0.000000 0.000000 0.000000 1.000000
7270659.820946 0.000000 0.000000 0.000000 0.000000 0.000000 0.000000 1.000000
7270660.820507 0.000000 0.000000 0.000000 0.000000 0.000000 0.000000 1.000000
7270663.121083 0.000000 0.000000 0.000000 0.000000 0.000000 0.000000 1.000000
7270664.321061 0.000000 0.000000 0.000000 0.000000 0.000000 0.000000 1.000000
7270665.522041 0.000000 0.000000 0.000000 0.000000 0.000000 0.000000 1.000000
7270666.721006 0.000000 0.000000 0.000000 0.000000 0.000000 0.000000 1.000000
7270667.921976 0.000000 0.000000 0.000000 0.000000 0.000000 0.000000 1.000000
7270669.121936 0.000000 0.000000 0.000000 0.000000 0.000000 0.000000 1.000000
7270670.320871 0.000000 0.000000 0.000000 0.000000 0.000000 0.000000 1.000000
7270671.521871 0.000000 0.000000 0.000000 0.000000 0.000000 0.000000 1.000000
7270672.720809 0.000000 0.000000 0.000000 0.000000 0.000000 0.000000 1.000000
7270673.921911 0.000000 0.000000 0.000000 0.000000 0.000000 0.000000 1.000000
7270675.121868 0.000000 0.000000 0.000000 0.000000 0.000000 0.000000 1.000000
7270676.220819 0.000000 0.000000 0.000000 0.000000 0.000000 0.000000 1.000000
7270677.420811 0.000000 0.000000 0.000000 0.000000 0.000000 0.000000 1.000000
7270678.621854 0.000000 0.000000 0.000000 0.000000 0.000000 0.000000 1.000000
7270679.921745 0.000000 0.000000 0.000000 0.000000 0.000000 0.000000 1.000000
7270681.121298 0.000000 0.000000 0.000000 0.000000 0.000000 0.000000 1.000000
7270682.121829 0.000000 0.000000 0.000000 0.000000 0.000000 0.000000 1.000000
7270683.321791 0.000000 0.000000 0.000000 0.000000 0.000000 0.000000 1.000000
7270684.521736 0.000000 0.000000 0.000000 0.000000 0.000000 0.000000 1.000000
7270685.721644 0.000000 0.000000 0.000000 0.000000 0.000000 0.000000 1.000000
7270686.921667 0.000000 0.000000 0.000000 0.000000 0.000000 0.000000 1.000000
7270688.121580 0.000000 0.000000 0.000000 0.000000 0.000000 0.000000 1.000000
7270689.321492 0.000000 0.000000 0.000000 0.000000 0.000000 0.000000 1.000000
7270689.921547 0.000000 0.000000 0.000000 0.000000 0.000000 0.000000 1.000000
7270691.121543 0.000000 0.000000 0.000000 0.000000 0.000000 0.000000 1.000000
7270692.321503 0.000000 0.000000 0.000000 0.000000 0.000000 0.000000 1.000000
7270693.521507 0.000000 0.000000 0.000000 0.000000 0.000000 0.000000 1.000000
7270694.721354 0.000000 0.000000 0.000000 0.000000 0.000000 0.000000 1.000000
7270695.721445 0.000000 0.000000 0.000000 0.000000 0.000000 0.000000 1.000000
7270696.921324 0.000000 0.000000 0.000000 0.000000 0.000000 0.000000 1.000000
7270698.121350 0.000000 0.000000 0.000000 0.000000 0.000000 0.000000 1.000000
7270698.521408 0.000000 0.000000 0.000000 0.000000 0.000000 0.000000 1.000000
7270699.121453 0.000000 0.000000 0.000000 0.000000 0.000000 0.000000 1.000000
7270700.821135 0.000000 0.000000 0.000000 0.000000 0.000000 0.000000 1.000000
7270702.021266 0.000000 0.000000 0.000000 0.000000 0.000000 0.000000 1.000000
7270705.421235 0.000000 0.000000 0.000000 0.000000 0.000000 0.000000 1.000000
7270709.521163 0.000000 0.000000 0.000000 0.000000 0.000000 0.000000 1.000000
7270739.920957 0.000000 0.000000 0.000000 0.000000 0.000000 0.000000 1.000000
7270740.620870 0.000000 0.000000 0.000000 0.000000 0.000000 0.000000 1.000000
7270742.220883 0.000000 0.000000 0.000000 0.000000 0.000000 0.000000 1.000000
7270743.520991 0.000000 0.000000 0.000000 0.000000 0.000000 0.000000 1.000000
7270744.321304 0.000000 0.000000 0.000000 0.000000 0.000000 0.000000 1.000000
7270745.620878 0.000000 0.000000 0.000000 0.000000 0.000000 0.000000 1.000000
7270746.320832 0.000000 0.000000 0.000000 0.000000 0.000000 0.000000 1.000000
7270747.521279 0.000000 0.000000 0.000000 0.000000 0.000000 0.000000 1.000000
7270748.721312 0.000000 0.000000 0.000000 0.000000 0.000000 0.000000 1.000000
7270749.321208 0.000000 0.000000 0.000000 0.000000 0.000000 0.000000 1.000000
7270750.520754 0.000000 0.000000 0.000000 0.000000 0.000000 0.000000 1.000000
7270751.721155 0.000000 0.000000 0.000000 0.000000 0.000000 0.000000 1.000000
7270752.821181 0.000000 0.000000 0.000000 0.000000 0.000000 0.000000 1.000000
7270754.721136 0.000000 0.000000 0.000000 0.000000 0.000000 0.000000 1.000000
7270756.020784 0.000000 0.000000 0.000000 0.000000 0.000000 0.000000 1.000000
7270757.221108 0.000000 0.000000 0.000000 0.000000 0.000000 0.000000 1.000000
7270758.421046 0.000000 0.000000 0.000000 0.000000 0.000000 0.000000 1.000000
7270759.621019 0.000000 0.000000 0.000000 0.000000 0.000000 0.000000 1.000000
7270760.820189 0.000000 0.000000 0.000000 0.000000 0.000000 0.000000 1.000000
7270762.020914 0.000000 0.000000 0.000000 0.000000 0.000000 0.000000 1.000000
7270762.820902 0.000000 0.000000 0.000000 0.000000 0.000000 0.000000 1.000000
7270766.621931 0.000000 0.000000 0.000000 0.000000 0.000000 0.000000 1.000000
7270767.820816 0.000000 0.000000 0.000000 0.000000 0.000000 0.000000 1.000000
7270768.920866 0.000000 0.000000 0.000000 0.000000 0.000000 0.000000 1.000000
7270770.120807 0.000000 0.000000 0.000000 0.000000 0.000000 0.000000 1.000000
7270770.520855 0.000000 0.000000 0.000000 0.000000 0.000000 0.000000 1.000000
7270770.720772 0.000000 0.000000 0.000000 0.000000 0.000000 0.000000 1.000000
7270771.020781 0.000000 0.000000 0.000000 0.000000 0.000000 0.000000 1.000000
7270772.221806 0.000000 0.000000 0.000000 0.000000 0.000000 0.000000 1.000000
7270772.821733 0.000000 0.000000 0.000000 0.000000 0.000000 0.000000 1.000000
7270773.421677 0.000000 0.000000 0.000000 0.000000 0.000000 0.000000 1.000000
7270774.520808 0.000000 0.000000 0.000000 0.000000 0.000000 0.000000 1.000000
7270775.621754 0.000000 0.000000 0.000000 0.000000 0.000000 0.000000 1.000000
7270776.721718 0.000000 0.000000 0.000000 0.000000 0.000000 0.000000 1.000000
7270777.820846 0.000000 0.000000 0.000000 0.000000 0.000000 0.000000 1.000000
7270778.921595 0.000000 0.000000 0.000000 0.000000 0.000000 0.000000 1.000000
7270780.121601 0.000000 0.000000 0.000000 0.000000 0.000000 0.000000 1.000000
7270781.820769 0.000000 0.000000 0.000000 0.000000 0.000000 0.000000 1.000000
7271002.220839 0.000000 0.000000 0.000000 0.000000 0.000000 0.000000 1.000000
7271012.420856 0.000000 0.000000 0.000000 0.000000 0.000000 0.000000 1.000000
7271012.620898 0.000000 0.000000 0.000000 0.000000 0.000000 0.000000 1.000000
7271012.820963 0.000000 0.000000 0.000000 0.000000 0.000000 0.000000 1.000000
7271013.020826 0.000000 0.000000 0.000000 0.000000 0.000000 0.000000 1.000000
7271013.220878 0.000000 0.000000 0.000000 0.000000 0.000000 0.000000 1.000000
7271013.520907 0.000000 0.000000 0.000000 0.000000 0.000000 0.000000 1.000000
7271015.920881 0.000000 0.000000 0.000000 0.000000 0.000000 0.000000 1.000000
7271018.920937 0.000000 0.000000 0.000000 0.000000 0.000000 0.000000 1.000000
7271019.620903 0.000000 0.000000 0.000000 0.000000 0.000000 0.000000 1.000000
7271020.320809 0.000000 0.000000 0.000000 0.000000 0.000000 0.000000 1.000000
7271021.020777 0.000000 0.000000 0.000000 0.000000 0.000000 0.000000 1.000000
7271021.720842 0.000000 0.000000 0.000000 0.000000 0.000000 0.000000 1.000000
7271023.920958 0.000000 0.000000 0.000000 0.000000 0.000000 0.000000 1.000000
7271026.220834 0.000000 0.000000 0.000000 0.000000 0.000000 0.000000 1.000000
7271027.720828 0.000000 0.000000 0.000000 0.000000 0.000000 0.000000 1.000000
7271028.621009 0.000000 0.000000 0.000000 0.000000 0.000000 0.000000 1.000000
7271029.420965 0.000000 0.000000 0.000000 0.000000 0.000000 0.000000 1.000000
7271032.020887 0.000000 0.000000 0.000000 0.000000 0.000000 0.000000 1.000000
7271033.120782 0.000000 0.000000 0.000000 0.000000 0.000000 0.000000 1.000000
7271033.820840 0.000000 0.000000 0.000000 0.000000 0.000000 0.000000 1.000000
7271034.120778 0.000000 0.000000 0.000000 0.000000 0.000000 0.000000 1.000000
7271035.420933 0.000000 0.000000 0.000000 0.000000 0.000000 0.000000 1.000000
7271035.820707 0.000000 0.000000 0.000000 0.000000 0.000000 0.000000 1.000000
7271036.320980 0.000000 0.000000 0.000000 0.000000 0.000000 0.000000 1.000000
7271039.220853 0.000000 0.000000 0.000000 0.000000 0.000000 0.000000 1.000000
7271042.520983 0.000000 0.000000 0.000000 0.000000 0.000000 0.000000 1.000000
7271043.220994 0.000000 0.000000 0.000000 0.000000 0.000000 0.000000 1.000000
7271043.920913 0.000000 0.000000 0.000000 0.000000 0.000000 0.000000 1.000000
7271044.620990 0.000000 0.000000 0.000000 0.000000 0.000000 0.000000 1.000000
7271045.320911 0.000000 0.000000 0.000000 0.000000 0.000000 0.000000 1.000000
7271047.621901 0.000000 0.000000 0.000000 0.000000 0.000000 0.000000 1.000000
7271053.921718 0.000000 0.000000 0.000000 0.000000 0.000000 0.000000 1.000000
7271057.320803 0.000000 0.000000 0.000000 0.000000 0.000000 0.000000 1.000000
7271058.419647 0.000000 0.000000 0.000000 0.000000 0.000000 0.000000 1.000000
7271059.221766 0.000000 0.000000 0.000000 0.000000 0.000000 0.000000 1.000000
7271120.521301 0.000000 0.000000 0.000000 0.000000 0.000000 0.000000 1.000000
7271121.320854 0.000000 0.000000 0.000000 0.000000 0.000000 0.000000 1.000000
7271121.620491 0.000000 0.000000 0.000000 0.000000 0.000000 0.000000 1.000000
7271122.320799 0.000000 0.000000 0.000000 0.000000 0.000000 0.000000 1.000000
7271122.721304 0.000000 0.000000 0.000000 0.000000 0.000000 0.000000 1.000000
7271123.221218 0.000000 0.000000 0.000000 0.000000 0.000000 0.000000 1.000000
7271123.421283 0.000000 0.000000 0.000000 0.000000 0.000000 0.000000 1.000000
7271123.720792 0.000000 0.000000 0.000000 0.000000 0.000000 0.000000 1.000000
7271128.321148 0.000000 0.000000 0.000000 0.000000 0.000000 0.000000 1.000000
7271128.921191 0.000000 0.000000 0.000000 0.000000 0.000000 0.000000 1.000000
7271129.420784 0.000000 0.000000 0.000000 0.000000 0.000000 0.000000 1.000000
7271131.720258 0.000000 0.000000 0.000000 0.000000 0.000000 0.000000 1.000000
7271132.721142 0.000000 0.000000 0.000000 0.000000 0.000000 0.000000 1.000000
7271134.622009 0.000000 0.000000 0.000000 0.000000 0.000000 0.000000 1.000000
7271136.420968 0.000000 0.000000 0.000000 0.000000 0.000000 0.000000 1.000000
7271137.220929 0.000000 0.000000 0.000000 0.000000 0.000000 0.000000 1.000000
7271137.921082 0.000000 0.000000 0.000000 0.000000 0.000000 0.000000 1.000000
7271138.620923 0.000000 0.000000 0.000000 0.000000 0.000000 0.000000 1.000000
7271139.320903 0.000000 0.000000 0.000000 0.000000 0.000000 0.000000 1.000000
7271140.720906 0.000000 0.000000 0.000000 0.000000 0.000000 0.000000 1.000000
7271142.620960 0.000000 0.000000 0.000000 0.000000 0.000000 0.000000 1.000000
7271143.420889 0.000000 0.000000 0.000000 0.000000 0.000000 0.000000 1.000000
7271144.720961 0.000000 0.000000 0.000000 0.000000 0.000000 0.000000 1.000000
7271146.520793 0.000000 0.000000 0.000000 0.000000 0.000000 0.000000 1.000000
7271147.120857 0.000000 0.000000 0.000000 0.000000 0.000000 0.000000 1.000000
7271147.721744 0.000000 0.000000 0.000000 0.000000 0.000000 0.000000 1.000000
7271160.220814 0.000000 0.000000 0.000000 0.000000 0.000000 0.000000 1.000000
7271161.021540 0.000000 0.000000 0.000000 0.000000 0.000000 0.000000 1.000000
7271162.621510 0.000000 0.000000 0.000000 0.000000 0.000000 0.000000 1.000000
7271163.321563 0.000000 0.000000 0.000000 0.000000 0.000000 0.000000 1.000000
7271164.721403 0.000000 0.000000 0.000000 0.000000 0.000000 0.000000 1.000000
7271165.621409 0.000000 0.000000 0.000000 0.000000 0.000000 0.000000 1.000000
7271168.421329 0.000000 0.000000 0.000000 0.000000 0.000000 0.000000 1.000000
7271169.121312 0.000000 0.000000 0.000000 0.000000 0.000000 0.000000 1.000000
7271171.321330 0.000000 0.000000 0.000000 0.000000 0.000000 0.000000 1.000000
7271174.321367 0.000000 0.000000 0.000000 0.000000 0.000000 0.000000 1.000000
7271174.521226 0.000000 0.000000 0.000000 0.000000 0.000000 0.000000 1.000000
7271174.721261 0.000000 0.000000 0.000000 0.000000 0.000000 0.000000 1.000000
7271174.921242 0.000000 0.000000 0.000000 0.000000 0.000000 0.000000 1.000000
7271176.621158 0.000000 0.000000 0.000000 0.000000 0.000000 0.000000 1.000000
7271177.321180 0.000000 0.000000 0.000000 0.000000 0.000000 0.000000 1.000000
7271177.521096 0.000000 0.000000 0.000000 0.000000 0.000000 0.000000 1.000000
7271177.821189 0.000000 0.000000 0.000000 0.000000 0.000000 0.000000 1.000000
7271179.821132 0.000000 0.000000 0.000000 0.000000 0.000000 0.000000 1.000000
7271181.321112 0.000000 0.000000 0.000000 0.000000 0.000000 0.000000 1.000000
7271182.721194 0.000000 0.000000 0.000000 0.000000 0.000000 0.000000 1.000000
7271183.421167 0.000000 0.000000 0.000000 0.000000 0.000000 0.000000 1.000000
7271184.121021 0.000000 0.000000 0.000000 0.000000 0.000000 0.000000 1.000000
7271184.721048 0.000000 0.000000 0.000000 0.000000 0.000000 0.000000 1.000000
7271185.420974 0.000000 0.000000 0.000000 0.000000 0.000000 0.000000 1.000000
7271186.021082 0.000000 0.000000 0.000000 0.000000 0.000000 0.000000 1.000000
7271186.721080 0.000000 0.000000 0.000000 0.000000 0.000000 0.000000 1.000000
7271187.421016 0.000000 0.000000 0.000000 0.000000 0.000000 0.000000 1.000000
7271187.820919 0.000000 0.000000 0.000000 0.000000 0.000000 0.000000 1.000000
7271188.121054 0.000000 0.000000 0.000000 0.000000 0.000000 0.000000 1.000000
7271188.520938 0.000000 0.000000 0.000000 0.000000 0.000000 0.000000 1.000000
7271189.220881 0.000000 0.000000 0.000000 0.000000 0.000000 0.000000 1.000000
7271189.920836 0.000000 0.000000 0.000000 0.000000 0.000000 0.000000 1.000000
7271191.120869 0.000000 0.000000 0.000000 0.000000 0.000000 0.000000 1.000000
7271192.019797 0.000000 0.000000 0.000000 0.000000 0.000000 0.000000 1.000000
7271193.020851 0.000000 0.000000 0.000000 0.000000 0.000000 0.000000 1.000000
7271195.620757 0.000000 0.000000 0.000000 0.000000 0.000000 0.000000 1.000000
7271198.120763 0.000000 0.000000 0.000000 0.000000 0.000000 0.000000 1.000000
7271199.520875 0.000000 0.000000 0.000000 0.000000 0.000000 0.000000 1.000000
7271204.220464 0.000000 0.000000 0.000000 0.000000 0.000000 0.000000 1.000000
7271757.320886 0.000000 0.000000 0.000000 0.000000 0.000000 0.000000 1.000000
7271764.720929 0.000000 0.000000 0.000000 0.000000 0.000000 0.000000 1.000000
7271766.721031 0.000000 0.000000 0.000000 0.000000 0.000000 0.000000 1.000000
7271769.520900 0.000000 0.000000 0.000000 0.000000 0.000000 0.000000 1.000000
7271772.020755 0.000000 0.000000 0.000000 0.000000 0.000000 0.000000 1.000000
7271774.420765 0.000000 0.000000 0.000000 0.000000 0.000000 0.000000 1.000000
7271776.920965 0.000000 0.000000 0.000000 0.000000 0.000000 0.000000 1.000000
7271778.520832 0.000000 0.000000 0.000000 0.000000 0.000000 0.000000 1.000000
7271780.718964 0.000000 0.000000 0.000000 0.000000 0.000000 0.000000 1.000000
7271782.920826 0.000000 0.000000 0.000000 0.000000 0.000000 0.000000 1.000000
7271784.420811 0.000000 0.000000 0.000000 0.000000 0.000000 0.000000 1.000000
7271788.320813 0.000000 0.000000 0.000000 0.000000 0.000000 0.000000 1.000000
7271789.621495 0.000000 0.000000 0.000000 0.000000 0.000000 0.000000 1.000000
7271789.820797 0.000000 0.000000 0.000000 0.000000 0.000000 0.000000 1.000000
7271790.219529 0.000000 0.000000 0.000000 0.000000 0.000000 0.000000 1.000000
7271791.120776 0.000000 0.000000 0.000000 0.000000 0.000000 0.000000 1.000000
7271791.420784 0.000000 0.000000 0.000000 0.000000 0.000000 0.000000 1.000000
7271791.920949 0.000000 0.000000 0.000000 0.000000 0.000000 0.000000 1.000000
7271795.220772 0.000000 0.000000 0.000000 0.000000 0.000000 0.000000 1.000000
7271798.420960 0.000000 0.000000 0.000000 0.000000 0.000000 0.000000 1.000000
7271799.320903 0.000000 0.000000 0.000000 0.000000 0.000000 0.000000 1.000000
7271799.821232 0.000000 0.000000 0.000000 0.000000 0.000000 0.000000 1.000000
7271800.020754 0.000000 0.000000 0.000000 0.000000 0.000000 0.000000 1.000000
7271800.420155 0.000000 0.000000 0.000000 0.000000 0.000000 0.000000 1.000000
7271801.020333 0.000000 0.000000 0.000000 0.000000 0.000000 0.000000 1.000000
7271801.621155 0.000000 0.000000 0.000000 0.000000 0.000000 0.000000 1.000000
7271803.021271 0.000000 0.000000 0.000000 0.000000 0.000000 0.000000 1.000000
7271808.420966 0.000000 0.000000 0.000000 0.000000 0.000000 0.000000 1.000000
7271811.021979 0.000000 0.000000 0.000000 0.000000 0.000000 0.000000 1.000000
7271812.420942 0.000000 0.000000 0.000000 0.000000 0.000000 0.000000 1.000000
7271813.921967 0.000000 0.000000 0.000000 0.000000 0.000000 0.000000 1.000000
7271815.320894 0.000000 0.000000 0.000000 0.000000 0.000000 0.000000 1.000000
7271817.820832 0.000000 0.000000 0.000000 0.000000 0.000000 0.000000 1.000000
7271819.621767 0.000000 0.000000 0.000000 0.000000 0.000000 0.000000 1.000000
7271822.020807 0.000000 0.000000 0.000000 0.000000 0.000000 0.000000 1.000000
7271823.720780 0.000000 0.000000 0.000000 0.000000 0.000000 0.000000 1.000000
7271825.619999 0.000000 0.000000 0.000000 0.000000 0.000000 0.000000 1.000000
7271826.821606 0.000000 0.000000 0.000000 0.000000 0.000000 0.000000 1.000000
7271828.020833 0.000000 0.000000 0.000000 0.000000 0.000000 0.000000 1.000000
7271828.821686 0.000000 0.000000 0.000000 0.000000 0.000000 0.000000 1.000000
7271829.721579 0.000000 0.000000 0.000000 0.000000 0.000000 0.000000 1.000000
7271831.821586 0.000000 0.000000 0.000000 0.000000 0.000000 0.000000 1.000000
7271835.621273 0.000000 0.000000 0.000000 0.000000 0.000000 0.000000 1.000000
7271836.021484 0.000000 0.000000 0.000000 0.000000 0.000000 0.000000 1.000000
7271919.020823 0.000000 0.000000 0.000000 0.000000 0.000000 0.000000 1.000000
7271920.420763 0.000000 0.000000 0.000000 0.000000 0.000000 0.000000 1.000000
7271921.621796 0.000000 0.000000 0.000000 0.000000 0.000000 0.000000 1.000000
7271934.521711 0.000000 0.000000 0.000000 0.000000 0.000000 0.000000 1.000000
7271935.021701 0.000000 0.000000 0.000000 0.000000 0.000000 0.000000 1.000000
7271935.221600 0.000000 0.000000 0.000000 0.000000 0.000000 0.000000 1.000000
7271935.421668 0.000000 0.000000 0.000000 0.000000 0.000000 0.000000 1.000000
7271935.621524 0.000000 0.000000 0.000000 0.000000 0.000000 0.000000 1.000000
7271935.921558 0.000000 0.000000 0.000000 0.000000 0.000000 0.000000 1.000000
7271938.021514 0.000000 0.000000 0.000000 0.000000 0.000000 0.000000 1.000000
7271941.721418 0.000000 0.000000 0.000000 0.000000 0.000000 0.000000 1.000000
7271943.621365 0.000000 0.000000 0.000000 0.000000 0.000000 0.000000 1.000000
7271944.121523 0.000000 0.000000 0.000000 0.000000 0.000000 0.000000 1.000000
7271946.021329 0.000000 0.000000 0.000000 0.000000 0.000000 0.000000 1.000000
7271947.921273 0.000000 0.000000 0.000000 0.000000 0.000000 0.000000 1.000000
7271950.321286 0.000000 0.000000 0.000000 0.000000 0.000000 0.000000 1.000000
7271967.320882 0.000000 0.000000 0.000000 0.000000 0.000000 0.000000 1.000000
7271968.620852 0.000000 0.000000 0.000000 0.000000 0.000000 0.000000 1.000000
7271969.320954 0.000000 0.000000 0.000000 0.000000 0.000000 0.000000 1.000000
7271970.020812 0.000000 0.000000 0.000000 0.000000 0.000000 0.000000 1.000000
7271972.820961 0.000000 0.000000 0.000000 0.000000 0.000000 0.000000 1.000000
7271974.820807 0.000000 0.000000 0.000000 0.000000 0.000000 0.000000 1.000000
7271975.520898 0.000000 0.000000 0.000000 0.000000 0.000000 0.000000 1.000000
7271976.220857 0.000000 0.000000 0.000000 0.000000 0.000000 0.000000 1.000000
7271976.920756 0.000000 0.000000 0.000000 0.000000 0.000000 0.000000 1.000000
7271979.520785 0.000000 0.000000 0.000000 0.000000 0.000000 0.000000 1.000000
7271980.720866 0.000000 0.000000 0.000000 0.000000 0.000000 0.000000 1.000000
7271981.820864 0.000000 0.000000 0.000000 0.000000 0.000000 0.000000 1.000000
7271983.718600 0.000000 0.000000 0.000000 0.000000 0.000000 0.000000 1.000000
7271984.920840 0.000000 0.000000 0.000000 0.000000 0.000000 0.000000 1.000000
7271986.220927 0.000000 0.000000 0.000000 0.000000 0.000000 0.000000 1.000000
7272016.420856 0.000000 0.000000 0.000000 0.000000 0.000000 0.000000 1.000000
7272021.320801 0.000000 0.000000 0.000000 0.000000 0.000000 0.000000 1.000000
7272024.720799 0.000000 0.000000 0.000000 0.000000 0.000000 0.000000 1.000000
7272025.621655 0.000000 0.000000 0.000000 0.000000 0.000000 0.000000 1.000000
7272026.621593 0.000000 0.000000 0.000000 0.000000 0.000000 0.000000 1.000000
7272027.621720 0.000000 0.000000 0.000000 0.000000 0.000000 0.000000 1.000000
7272029.221525 0.000000 0.000000 0.000000 0.000000 0.000000 0.000000 1.000000
7272029.721554 0.000000 0.000000 0.000000 0.000000 0.000000 0.000000 1.000000
7272030.221447 0.000000 0.000000 0.000000 0.000000 0.000000 0.000000 1.000000
7272031.421157 0.000000 0.000000 0.000000 0.000000 0.000000 0.000000 1.000000
7272032.721402 0.000000 0.000000 0.000000 0.000000 0.000000 0.000000 1.000000
7272040.021379 0.000000 0.000000 0.000000 0.000000 0.000000 0.000000 1.000000
7272040.921406 0.000000 0.000000 0.000000 0.000000 0.000000 0.000000 1.000000
7272042.121357 0.000000 0.000000 0.000000 0.000000 0.000000 0.000000 1.000000
7272044.520986 0.000000 0.000000 0.000000 0.000000 0.000000 0.000000 1.000000
7272046.219812 0.000000 0.000000 0.000000 0.000000 0.000000 0.000000 1.000000
7272047.221078 0.000000 0.000000 0.000000 0.000000 0.000000 0.000000 1.000000
7272051.421140 0.000000 0.000000 0.000000 0.000000 0.000000 0.000000 1.000000
7272136.021163 0.000000 0.000000 0.000000 0.000000 0.000000 0.000000 1.000000
7272136.721197 0.000000 0.000000 0.000000 0.000000 0.000000 0.000000 1.000000
7272137.321203 0.000000 0.000000 0.000000 0.000000 0.000000 0.000000 1.000000
7272137.621397 0.000000 0.000000 0.000000 0.000000 0.000000 0.000000 1.000000
7272138.121283 0.000000 0.000000 0.000000 0.000000 0.000000 0.000000 1.000000
7272138.421156 0.000000 0.000000 0.000000 0.000000 0.000000 0.000000 1.000000
7272138.921109 0.000000 0.000000 0.000000 0.000000 0.000000 0.000000 1.000000
7272139.421275 0.000000 0.000000 0.000000 0.000000 0.000000 0.000000 1.000000
7272140.121193 0.000000 0.000000 0.000000 0.000000 0.000000 0.000000 1.000000
7272140.621215 0.000000 0.000000 0.000000 0.000000 0.000000 0.000000 1.000000
7272140.921117 0.000000 0.000000 0.000000 0.000000 0.000000 0.000000 1.000000
7272141.421242 0.000000 0.000000 0.000000 0.000000 0.000000 0.000000 1.000000
7272141.721086 0.000000 0.000000 0.000000 0.000000 0.000000 0.000000 1.000000
7272144.521051 0.000000 0.000000 0.000000 0.000000 0.000000 0.000000 1.000000
7272145.421290 0.000000 0.000000 0.000000 0.000000 0.000000 0.000000 1.000000
7272147.019208 0.000000 0.000000 0.000000 0.000000 0.000000 0.000000 1.000000
7272150.420951 0.000000 0.000000 0.000000 0.000000 0.000000 0.000000 1.000000
7272151.220936 0.000000 0.000000 0.000000 0.000000 0.000000 0.000000 1.000000
7272152.520953 0.000000 0.000000 0.000000 0.000000 0.000000 0.000000 1.000000
7272153.220909 0.000000 0.000000 0.000000 0.000000 0.000000 0.000000 1.000000
7272153.920876 0.000000 0.000000 0.000000 0.000000 0.000000 0.000000 1.000000
7272154.320489 0.000000 0.000000 0.000000 0.000000 0.000000 0.000000 1.000000
7272154.720956 0.000000 0.000000 0.000000 0.000000 0.000000 0.000000 1.000000
7272155.120853 0.000000 0.000000 0.000000 0.000000 0.000000 0.000000 1.000000
7272155.520992 0.000000 0.000000 0.000000 0.000000 0.000000 0.000000 1.000000
7272160.120938 0.000000 0.000000 0.000000 0.000000 0.000000 0.000000 1.000000
7272162.820851 0.000000 0.000000 0.000000 0.000000 0.000000 0.000000 1.000000
7272164.220947 0.000000 0.000000 0.000000 0.000000 0.000000 0.000000 1.000000
7272164.920842 0.000000 0.000000 0.000000 0.000000 0.000000 0.000000 1.000000
7272165.620789 0.000000 0.000000 0.000000 0.000000 0.000000 0.000000 1.000000
7272166.320860 0.000000 0.000000 0.000000 0.000000 0.000000 0.000000 1.000000
7272167.020795 0.000000 0.000000 0.000000 0.000000 0.000000 0.000000 1.000000
7272167.720860 0.000000 0.000000 0.000000 0.000000 0.000000 0.000000 1.000000
7272168.420785 0.000000 0.000000 0.000000 0.000000 0.000000 0.000000 1.000000
7272168.920762 0.000000 0.000000 0.000000 0.000000 0.000000 0.000000 1.000000
7272169.220750 0.000000 0.000000 0.000000 0.000000 0.000000 0.000000 1.000000
7272170.420861 0.000000 0.000000 0.000000 0.000000 0.000000 0.000000 1.000000
7272170.720827 0.000000 0.000000 0.000000 0.000000 0.000000 0.000000 1.000000
7272171.820940 0.000000 0.000000 0.000000 0.000000 0.000000 0.000000 1.000000
7272172.420941 0.000000 0.000000 0.000000 0.000000 0.000000 0.000000 1.000000
7272173.920874 0.000000 0.000000 0.000000 0.000000 0.000000 0.000000 1.000000
7272174.920795 0.000000 0.000000 0.000000 0.000000 0.000000 0.000000 1.000000
7272176.420877 0.000000 0.000000 0.000000 0.000000 0.000000 0.000000 1.000000
7272177.620779 0.000000 0.000000 0.000000 0.000000 0.000000 0.000000 1.000000
7272178.721322 0.000000 0.000000 0.000000 0.000000 0.000000 0.000000 1.000000
7272179.420921 0.000000 0.000000 0.000000 0.000000 0.000000 0.000000 1.000000
7272180.721410 0.000000 0.000000 0.000000 0.000000 0.000000 0.000000 1.000000
7272181.421186 0.000000 0.000000 0.000000 0.000000 0.000000 0.000000 1.000000
7272182.121229 0.000000 0.000000 0.000000 0.000000 0.000000 0.000000 1.000000
7272182.620757 0.000000 0.000000 0.000000 0.000000 0.000000 0.000000 1.000000
7272183.321208 0.000000 0.000000 0.000000 0.000000 0.000000 0.000000 1.000000
7272184.020830 0.000000 0.000000 0.000000 0.000000 0.000000 0.000000 1.000000
7272184.721345 0.000000 0.000000 0.000000 0.000000 0.000000 0.000000 1.000000
7272185.421074 0.000000 0.000000 0.000000 0.000000 0.000000 0.000000 1.000000
7272186.021253 0.000000 0.000000 0.000000 0.000000 0.000000 0.000000 1.000000
7272186.620772 0.000000 0.000000 0.000000 0.000000 0.000000 0.000000 1.000000
7272187.121068 0.000000 0.000000 0.000000 0.000000 0.000000 0.000000 1.000000
7272188.021100 0.000000 0.000000 0.000000 0.000000 0.000000 0.000000 1.000000
7272188.921024 0.000000 0.000000 0.000000 0.000000 0.000000 0.000000 1.000000
7272190.721055 0.000000 0.000000 0.000000 0.000000 0.000000 0.000000 1.000000
7272191.720676 0.000000 0.000000 0.000000 0.000000 0.000000 0.000000 1.000000
7272193.021065 0.000000 0.000000 0.000000 0.000000 0.000000 0.000000 1.000000
7272208.321660 0.000000 0.000000 0.000000 0.000000 0.000000 0.000000 1.000000
7272212.621662 0.000000 0.000000 0.000000 0.000000 0.000000 0.000000 1.000000
7272214.621542 0.000000 0.000000 0.000000 0.000000 0.000000 0.000000 1.000000
7272215.921459 0.000000 0.000000 0.000000 0.000000 0.000000 0.000000 1.000000
7272217.721497 0.000000 0.000000 0.000000 0.000000 0.000000 0.000000 1.000000
7272218.721423 0.000000 0.000000 0.000000 0.000000 0.000000 0.000000 1.000000
7272219.421532 0.000000 0.000000 0.000000 0.000000 0.000000 0.000000 1.000000
7272220.721387 0.000000 0.000000 0.000000 0.000000 0.000000 0.000000 1.000000
7272221.119488 0.000000 0.000000 0.000000 0.000000 0.000000 0.000000 1.000000
7272226.121286 0.000000 0.000000 0.000000 0.000000 0.000000 0.000000 1.000000
7272226.621373 0.000000 0.000000 0.000000 0.000000 0.000000 0.000000 1.000000
7272229.521191 0.000000 0.000000 0.000000 0.000000 0.000000 0.000000 1.000000
7272233.721144 0.000000 0.000000 0.000000 0.000000 0.000000 0.000000 1.000000
7272235.721075 0.000000 0.000000 0.000000 0.000000 0.000000 0.000000 1.000000
7272236.821103 0.000000 0.000000 0.000000 0.000000 0.000000 0.000000 1.000000
7272238.521076 0.000000 0.000000 0.000000 0.000000 0.000000 0.000000 1.000000
7272303.221664 0.000000 0.000000 0.000000 0.000000 0.000000 0.000000 1.000000
7272303.721665 0.000000 0.000000 0.000000 0.000000 0.000000 0.000000 1.000000
7272303.921706 0.000000 0.000000 0.000000 0.000000 0.000000 0.000000 1.000000
7272304.120804 0.000000 0.000000 0.000000 0.000000 0.000000 0.000000 1.000000
7272304.618233 0.000000 0.000000 0.000000 0.000000 0.000000 0.000000 1.000000
7272308.920080 0.000000 0.000000 0.000000 0.000000 0.000000 0.000000 1.000000
7272310.221445 0.000000 0.000000 0.000000 0.000000 0.000000 0.000000 1.000000
7272311.621553 0.000000 0.000000 0.000000 0.000000 0.000000 0.000000 1.000000
7272312.221494 0.000000 0.000000 0.000000 0.000000 0.000000 0.000000 1.000000
7272315.821353 0.000000 0.000000 0.000000 0.000000 0.000000 0.000000 1.000000
7272316.321431 0.000000 0.000000 0.000000 0.000000 0.000000 0.000000 1.000000
7272316.521280 0.000000 0.000000 0.000000 0.000000 0.000000 0.000000 1.000000
7272316.921390 0.000000 0.000000 0.000000 0.000000 0.000000 0.000000 1.000000
7272317.421316 0.000000 0.000000 0.000000 0.000000 0.000000 0.000000 1.000000
7272317.721373 0.000000 0.000000 0.000000 0.000000 0.000000 0.000000 1.000000
7272320.421227 0.000000 0.000000 0.000000 0.000000 0.000000 0.000000 1.000000
7272322.221245 0.000000 0.000000 0.000000 0.000000 0.000000 0.000000 1.000000
7272324.521267 0.000000 0.000000 0.000000 0.000000 0.000000 0.000000 1.000000
7272324.921199 0.000000 0.000000 0.000000 0.000000 0.000000 0.000000 1.000000
7272325.121229 0.000000 0.000000 0.000000 0.000000 0.000000 0.000000 1.000000
7272325.521077 0.000000 0.000000 0.000000 0.000000 0.000000 0.000000 1.000000
7272325.921178 0.000000 0.000000 0.000000 0.000000 0.000000 0.000000 1.000000
7272326.221126 0.000000 0.000000 0.000000 0.000000 0.000000 0.000000 1.000000
7272333.421007 0.000000 0.000000 0.000000 0.000000 0.000000 0.000000 1.000000
7272334.520942 0.000000 0.000000 0.000000 0.000000 0.000000 0.000000 1.000000
7272336.021005 0.000000 0.000000 0.000000 0.000000 0.000000 0.000000 1.000000
7272337.620887 0.000000 0.000000 0.000000 0.000000 0.000000 0.000000 1.000000
7272340.420928 0.000000 0.000000 0.000000 0.000000 0.000000 0.000000 1.000000
7272340.720848 0.000000 0.000000 0.000000 0.000000 0.000000 0.000000 1.000000
7272341.020913 0.000000 0.000000 0.000000 0.000000 0.000000 0.000000 1.000000
7272341.320892 0.000000 0.000000 0.000000 0.000000 0.000000 0.000000 1.000000
7272341.619223 0.000000 0.000000 0.000000 0.000000 0.000000 0.000000 1.000000
7272341.920791 0.000000 0.000000 0.000000 0.000000 0.000000 0.000000 1.000000
7272343.220897 0.000000 0.000000 0.000000 0.000000 0.000000 0.000000 1.000000
7272345.420937 0.000000 0.000000 0.000000 0.000000 0.000000 0.000000 1.000000
7272346.120824 0.000000 0.000000 0.000000 0.000000 0.000000 0.000000 1.000000
7272346.720828 0.000000 0.000000 0.000000 0.000000 0.000000 0.000000 1.000000
7272347.520972 0.000000 0.000000 0.000000 0.000000 0.000000 0.000000 1.000000
7272348.220892 0.000000 0.000000 0.000000 0.000000 0.000000 0.000000 1.000000
7272348.920768 0.000000 0.000000 0.000000 0.000000 0.000000 0.000000 1.000000
7272349.620755 0.000000 0.000000 0.000000 0.000000 0.000000 0.000000 1.000000
7272350.320794 0.000000 0.000000 0.000000 0.000000 0.000000 0.000000 1.000000
7272351.020777 0.000000 0.000000 0.000000 0.000000 0.000000 0.000000 1.000000
7272351.620767 0.000000 0.000000 0.000000 0.000000 0.000000 0.000000 1.000000
7272352.020756 0.000000 0.000000 0.000000 0.000000 0.000000 0.000000 1.000000
7272352.220751 0.000000 0.000000 0.000000 0.000000 0.000000 0.000000 1.000000
7272352.420861 0.000000 0.000000 0.000000 0.000000 0.000000 0.000000 1.000000
7272352.820778 0.000000 0.000000 0.000000 0.000000 0.000000 0.000000 1.000000
7272353.920919 0.000000 0.000000 0.000000 0.000000 0.000000 0.000000 1.000000
7272354.221541 0.000000 0.000000 0.000000 0.000000 0.000000 0.000000 1.000000
7272354.421585 0.000000 0.000000 0.000000 0.000000 0.000000 0.000000 1.000000
7272354.720791 0.000000 0.000000 0.000000 0.000000 0.000000 0.000000 1.000000
7272355.020774 0.000000 0.000000 0.000000 0.000000 0.000000 0.000000 1.000000
7272356.220907 0.000000 0.000000 0.000000 0.000000 0.000000 0.000000 1.000000
7272356.920888 0.000000 0.000000 0.000000 0.000000 0.000000 0.000000 1.000000
7272357.620870 0.000000 0.000000 0.000000 0.000000 0.000000 0.000000 1.000000
7272358.320750 0.000000 0.000000 0.000000 0.000000 0.000000 0.000000 1.000000
7272359.620799 0.000000 0.000000 0.000000 0.000000 0.000000 0.000000 1.000000
7272359.820976 0.000000 0.000000 0.000000 0.000000 0.000000 0.000000 1.000000
7272360.220842 0.000000 0.000000 0.000000 0.000000 0.000000 0.000000 1.000000
7272360.520812 0.000000 0.000000 0.000000 0.000000 0.000000 0.000000 1.000000
7272360.820771 0.000000 0.000000 0.000000 0.000000 0.000000 0.000000 1.000000
7272362.220773 0.000000 0.000000 0.000000 0.000000 0.000000 0.000000 1.000000
7272363.220805 0.000000 0.000000 0.000000 0.000000 0.000000 0.000000 1.000000
7272364.121279 0.000000 0.000000 0.000000 0.000000 0.000000 0.000000 1.000000
7272366.821243 0.000000 0.000000 0.000000 0.000000 0.000000 0.000000 1.000000
7272409.221466 0.000000 0.000000 0.000000 0.000000 0.000000 0.000000 1.000000
7272409.821409 0.000000 0.000000 0.000000 0.000000 0.000000 0.000000 1.000000
7272410.421464 0.000000 0.000000 0.000000 0.000000 0.000000 0.000000 1.000000
7272411.421534 0.000000 0.000000 0.000000 0.000000 0.000000 0.000000 1.000000
7272411.821479 0.000000 0.000000 0.000000 0.000000 0.000000 0.000000 1.000000
7272412.621531 0.000000 0.000000 0.000000 0.000000 0.000000 0.000000 1.000000
7272413.621471 0.000000 0.000000 0.000000 0.000000 0.000000 0.000000 1.000000
7272413.921390 0.000000 0.000000 0.000000 0.000000 0.000000 0.000000 1.000000
7272414.221400 0.000000 0.000000 0.000000 0.000000 0.000000 0.000000 1.000000
7272414.721390 0.000000 0.000000 0.000000 0.000000 0.000000 0.000000 1.000000
7272415.021327 0.000000 0.000000 0.000000 0.000000 0.000000 0.000000 1.000000
7272416.221228 0.000000 0.000000 0.000000 0.000000 0.000000 0.000000 1.000000
7272418.421273 0.000000 0.000000 0.000000 0.000000 0.000000 0.000000 1.000000
7272419.121306 0.000000 0.000000 0.000000 0.000000 0.000000 0.000000 1.000000
7272419.721248 0.000000 0.000000 0.000000 0.000000 0.000000 0.000000 1.000000
7272420.921233 0.000000 0.000000 0.000000 0.000000 0.000000 0.000000 1.000000
7272422.021282 0.000000 0.000000 0.000000 0.000000 0.000000 0.000000 1.000000
7272422.321302 0.000000 0.000000 0.000000 0.000000 0.000000 0.000000 1.000000
7272422.521189 0.000000 0.000000 0.000000 0.000000 0.000000 0.000000 1.000000
7272423.121101 0.000000 0.000000 0.000000 0.000000 0.000000 0.000000 1.000000
7272423.621096 0.000000 0.000000 0.000000 0.000000 0.000000 0.000000 1.000000
7272423.921223 0.000000 0.000000 0.000000 0.000000 0.000000 0.000000 1.000000
7272424.221060 0.000000 0.000000 0.000000 0.000000 0.000000 0.000000 1.000000
7272425.221062 0.000000 0.000000 0.000000 0.000000 0.000000 0.000000 1.000000
7272428.920996 0.000000 0.000000 0.000000 0.000000 0.000000 0.000000 1.000000
7272431.121075 0.000000 0.000000 0.000000 0.000000 0.000000 0.000000 1.000000
7272433.920888 0.000000 0.000000 0.000000 0.000000 0.000000 0.000000 1.000000
7272434.720706 0.000000 0.000000 0.000000 0.000000 0.000000 0.000000 1.000000
7272436.820924 0.000000 0.000000 0.000000 0.000000 0.000000 0.000000 1.000000
7272437.720875 0.000000 0.000000 0.000000 0.000000 0.000000 0.000000 1.000000
7272438.420905 0.000000 0.000000 0.000000 0.000000 0.000000 0.000000 1.000000
7272439.220770 0.000000 0.000000 0.000000 0.000000 0.000000 0.000000 1.000000
7272440.320901 0.000000 0.000000 0.000000 0.000000 0.000000 0.000000 1.000000
7272441.519280 0.000000 0.000000 0.000000 0.000000 0.000000 0.000000 1.000000
7272442.420911 0.000000 0.000000 0.000000 0.000000 0.000000 0.000000 1.000000
7272443.620910 0.000000 0.000000 0.000000 0.000000 0.000000 0.000000 1.000000
7272443.920803 0.000000 0.000000 0.000000 0.000000 0.000000 0.000000 1.000000
7272444.220855 0.000000 0.000000 0.000000 0.000000 0.000000 0.000000 1.000000
7272447.420755 0.000000 0.000000 0.000000 0.000000 0.000000 0.000000 1.000000
7272449.020785 0.000000 0.000000 0.000000 0.000000 0.000000 0.000000 1.000000
7272449.720802 0.000000 0.000000 0.000000 0.000000 0.000000 0.000000 1.000000
7272450.420882 0.000000 0.000000 0.000000 0.000000 0.000000 0.000000 1.000000
7272451.120889 0.000000 0.000000 0.000000 0.000000 0.000000 0.000000 1.000000
7272452.121317 0.000000 0.000000 0.000000 0.000000 0.000000 0.000000 1.000000
7272452.720921 0.000000 0.000000 0.000000 0.000000 0.000000 0.000000 1.000000
7272453.920934 0.000000 0.000000 0.000000 0.000000 0.000000 0.000000 1.000000
7272454.620843 0.000000 0.000000 0.000000 0.000000 0.000000 0.000000 1.000000
7272455.320704 0.000000 0.000000 0.000000 0.000000 0.000000 0.000000 1.000000
7272456.020826 0.000000 0.000000 0.000000 0.000000 0.000000 0.000000 1.000000
7272456.720828 0.000000 0.000000 0.000000 0.000000 0.000000 0.000000 1.000000
7272457.620856 0.000000 0.000000 0.000000 0.000000 0.000000 0.000000 1.000000
7272458.520782 0.000000 0.000000 0.000000 0.000000 0.000000 0.000000 1.000000
7272459.320449 0.000000 0.000000 0.000000 0.000000 0.000000 0.000000 1.000000
7272460.320800 0.000000 0.000000 0.000000 0.000000 0.000000 0.000000 1.000000
7272461.720832 0.000000 0.000000 0.000000 0.000000 0.000000 0.000000 1.000000
7272462.520878 0.000000 0.000000 0.000000 0.000000 0.000000 0.000000 1.000000
