7267945.821108 0.007862 0.019480 -0.042772 -0.001622 -0.000853 -0.000590 0.999998
7268049.320833 0.501001 0.023604 0.102464 0.011772 -0.010257 -0.009419 0.999834
7268050.620724 0.990260 -0.073670 0.238571 0.015178 -0.007990 -0.080550 0.996603
7268051.920828 1.465790 -0.145671 0.380791 0.016423 -0.012087 -0.071037 0.997265
7268053.220963 1.971582 -0.216717 0.532956 0.012144 -0.012077 -0.064851 0.997748
7268054.420105 2.454887 -0.269508 0.670227 0.016001 -0.012503 -0.058419 0.998086
7268055.720766 2.983706 -0.306129 0.809517 0.015603 -0.010590 -0.045191 0.998800
7268056.920782 3.468563 -0.340068 0.959289 0.009205 -0.009871 -0.038153 0.999181
7268058.120965 3.962877 -0.380287 1.093862 0.011148 -0.017020 -0.032057 0.999279
7268059.320797 4.468744 -0.409175 1.239674 0.008207 -0.006960 -0.021881 0.999703
7268060.520938 4.962624 -0.410590 1.378841 -0.001209 -0.007573 -0.012406 0.999894
7268061.720857 5.454245 -0.496891 1.522731 0.026270 -0.016806 -0.088349 0.995601
7268062.920773 5.936116 -0.592271 1.662656 0.027278 -0.010794 -0.084628 0.995981
7268064.121288 6.435104 -0.662934 1.801911 0.021455 -0.009235 -0.075205 0.996894
7268065.320777 6.934751 -0.716391 1.944717 0.012347 -0.015007 -0.030401 0.999349
7268066.521187 7.437615 -0.708101 2.079064 -0.004402 -0.003514 0.013393 0.999894
7268067.721186 7.939837 -0.678313 2.231636 -0.007391 -0.006393 0.019652 0.999759
7268068.920267 8.437462 -0.650379 2.366877 -0.007073 -0.007685 0.022079 0.999702
7268070.121150 8.957876 -0.620473 2.519892 -0.015048 -0.001902 0.032734 0.999349
7268071.021186 9.304230 -0.518658 2.609311 -0.039053 -0.008405 0.137547 0.989689
7268072.221096 9.785236 -0.311268 2.730032 -0.049111 -0.004937 0.175075 0.983317
7268073.421062 10.269644 -0.113249 2.866882 -0.050700 0.001756 0.181042 0.982166
7268074.621003 10.745538 0.097873 2.990437 -0.048912 -0.002100 0.187381 0.981067
7268075.820969 11.214134 0.305737 3.106249 -0.054668 -0.005037 0.202018 0.977842
7268077.020941 11.667099 0.551316 3.235680 -0.058720 -0.003821 0.207112 0.976546
7268077.920941 12.038001 0.662658 3.328259 -0.025628 -0.003716 0.104074 0.994232
7268078.220963 12.191023 0.639349 3.363555 0.018764 -0.004697 -0.039654 0.999026
7268078.421033 12.259433 0.598377 3.370246 0.039435 0.008447 -0.145340 0.988559
7268078.619990 12.303597 0.522444 3.395800 0.077088 -0.022599 -0.255239 0.963535
7268078.820954 12.355515 0.418833 3.418473 0.117520 -0.018857 -0.349059 0.929511
7268079.521965 12.484108 0.117565 3.467951 0.142844 -0.023596 -0.460980 0.875521
7268079.820897 12.519754 -0.005135 3.468269 0.168288 -0.023749 -0.558557 0.811868
7268080.520943 12.523848 -0.325732 3.484773 0.191964 -0.028929 -0.638227 0.744969
7268081.720863 12.557067 -0.855993 3.500589 0.189762 -0.028496 -0.651561 0.733926
7268082.920864 12.580359 -1.381411 3.524407 0.183050 -0.023916 -0.650148 0.737040
7268083.420854 12.565850 -1.585960 3.515871 0.200362 -0.029241 -0.724216 0.659175
7268084.519750 12.349313 -2.035935 3.480584 0.215368 -0.026728 -0.783160 0.582720
7268085.720787 12.201333 -2.527459 3.444661 0.215408 -0.022510 -0.782801 0.583365
7268086.921778 12.027142 -3.006672 3.396083 0.217429 -0.023502 -0.784554 0.580213
7268088.120751 11.839183 -3.488588 3.352470 0.210987 -0.031384 -0.781816 0.585887
7268089.321775 11.694963 -3.973462 3.323095 0.213494 -0.019049 -0.782251 0.584928
7268090.521751 11.464438 -4.436121 3.267989 0.228049 -0.022556 -0.830845 0.507131
7268091.721702 11.216963 -4.889246 3.196708 0.221777 -0.025537 -0.830742 0.509932
7268092.921751 10.981215 -5.367393 3.144954 0.228362 -0.018786 -0.828180 0.511484
7268094.120829 10.732761 -5.830122 3.079128 0.224866 -0.019216 -0.830221 0.509705
7268095.221573 10.562034 -6.288504 3.036309 0.209708 -0.015275 -0.765969 0.607520
7268096.421670 10.487945 -6.799197 3.023721 0.196824 -0.022469 -0.744735 0.637280
7268097.621630 10.414823 -7.326529 3.003129 0.206639 -0.019490 -0.738248 0.641803
7268107.621376 10.360709 -7.845355 2.990945 0.199997 -0.018593 -0.732157 0.650847
7268108.821309 10.296453 -8.341970 2.968535 0.197597 -0.018629 -0.729389 0.654676
7268110.021281 10.243571 -8.858246 2.968401 0.201007 -0.020091 -0.727836 0.655322
7268111.221251 10.181611 -9.365360 2.957911 0.201965 -0.017405 -0.727439 0.655545
7268112.421207 10.125785 -9.866376 2.914251 0.196430 -0.015143 -0.725392 0.659540
7268113.621177 10.070227 -10.392944 2.922366 0.201268 -0.017974 -0.724215 0.659303
7268114.821163 10.000815 -10.906494 2.905525 0.198689 -0.015821 -0.722962 0.661512
7268116.021181 9.949689 -11.406984 2.901369 0.194383 -0.019686 -0.717769 0.668308
7268117.221163 9.904115 -11.912584 2.891336 0.203052 -0.020010 -0.713574 0.670210
7268118.321206 9.854358 -12.410726 2.892262 0.198878 -0.016679 -0.709489 0.675866
7268119.521120 9.846023 -12.924296 2.878158 0.193559 -0.008978 -0.701863 0.685451
7268120.721094 9.816307 -13.450483 2.873970 0.190162 -0.019426 -0.698963 0.689138
7268121.420975 9.860609 -13.750630 2.885755 0.163429 -0.017010 -0.617692 0.769063
7268122.521046 10.049034 -14.199047 2.938051 0.146204 -0.013977 -0.535875 0.831425
7268123.721027 10.263856 -14.679024 2.996016 0.148893 -0.008607 -0.526149 0.837212
7268124.121042 10.349793 -14.824094 3.029493 0.132744 -0.013163 -0.433396 0.891276
7268124.420973 10.471329 -14.881570 3.064142 0.102864 -0.009716 -0.316748 0.942866
7268124.920909 10.684138 -14.955334 3.116092 0.059700 -0.004275 -0.179765 0.981887
7268125.221010 10.821157 -14.936806 3.161809 0.016548 -0.000595 -0.048516 0.998685
7268126.120953 11.205274 -14.887761 3.251377 -0.012117 0.002088 0.055134 0.998403
7268127.320915 11.711294 -14.888494 3.394678 0.023710 0.003073 -0.016355 0.999580
7268128.520879 12.231932 -14.898998 3.530116 0.017851 0.001396 -0.008312 0.999805
7268129.120888 12.472373 -14.841415 3.572004 -0.023593 0.003398 0.124973 0.991874
7268129.420837 12.555469 -14.759478 3.613508 -0.050094 -0.007522 0.236834 0.970229
7268130.220803 12.872245 -14.579002 3.673854 -0.016122 0.008742 0.133805 0.990838
7268131.420868 13.371639 -14.534589 3.827782 0.000809 0.002568 0.046168 0.998930
7268132.620860 13.880618 -14.480742 3.953280 -0.007521 0.002459 0.054967 0.998457
7268133.620868 14.332421 -14.485722 4.074382 0.037376 -0.001714 -0.068083 0.996978
7268133.920778 14.443068 -14.564860 4.097204 0.074671 0.006278 -0.204913 0.975908
7268134.120783 14.494030 -14.650113 4.118999 0.100563 -0.018128 -0.306853 0.946256
7268134.320895 14.548600 -14.751868 4.123564 0.125480 -0.004420 -0.410033 0.903387
7268134.520943 14.580363 -14.839705 4.118574 0.147499 -0.010284 -0.500081 0.853263
7268135.020848 14.594431 -15.049100 4.154937 0.173992 -0.018981 -0.583864 0.792761
7268135.920775 14.631377 -15.454535 4.158545 0.189591 -0.021228 -0.661843 0.724961
7268136.620925 14.579961 -15.761374 4.141668 0.212138 -0.023495 -0.749058 0.627182
7268137.120893 14.450300 -15.946242 4.122047 0.229767 -0.032840 -0.812759 0.534370
7268138.420961 14.324423 -16.465616 4.094674 0.201512 -0.027638 -0.754856 0.623556
7268139.620919 14.194499 -16.980976 4.060940 0.217764 -0.026068 -0.751177 0.622601
7268140.820841 14.065642 -17.492632 4.046774 0.211174 -0.018299 -0.751353 0.624931
7268142.020780 13.956978 -18.012239 4.012127 0.198161 -0.020179 -0.734985 0.648168
7268143.220799 13.936466 -18.525963 4.005166 0.201053 -0.024800 -0.694420 0.690466
7268144.320773 13.918850 -19.027357 4.005840 0.193419 -0.013824 -0.690609 0.696748
7268145.520828 13.916866 -19.544157 4.016418 0.185129 -0.011280 -0.683730 0.705771
7268146.720761 13.907700 -20.065020 4.012323 0.182862 -0.016738 -0.683321 0.706650
7268147.920898 13.905242 -20.594881 4.013642 0.181713 0.000951 -0.679394 0.710917
7268149.220921 13.848238 -21.115036 4.009415 0.197519 -0.015658 -0.723574 0.661197
7268150.420918 13.788721 -21.614140 3.993658 0.192525 -0.015873 -0.724807 0.661315
7268151.620890 13.717450 -22.140882 3.982800 0.198413 -0.018496 -0.716622 0.668388
7268152.820816 13.685437 -22.666018 3.976058 0.195766 -0.011236 -0.711268 0.675017
7268154.021196 13.647291 -23.179413 3.965823 0.187864 -0.016979 -0.710864 0.677563
7268155.221209 13.600775 -23.721214 3.950364 0.196884 -0.009997 -0.730708 0.653607
7268156.421238 13.507632 -24.240435 3.926185 0.202593 -0.009449 -0.745454 0.634953
7268157.621111 13.437044 -24.750893 3.888675 0.198284 -0.013598 -0.742449 0.639741
7268159.520837 13.374898 -25.248516 3.889376 0.196829 -0.003637 -0.729466 0.655076
7268160.721069 13.320614 -25.777597 3.876472 0.194131 -0.012131 -0.727096 0.658405
7268161.921067 13.253747 -26.315510 3.854589 0.195692 -0.003935 -0.718333 0.667598
7268162.521114 13.173782 -26.536535 3.845413 0.211586 -0.018371 -0.803781 0.555725
7268162.821000 13.062290 -26.651438 3.783034 0.235843 -0.020740 -0.874591 0.423130
7268163.021039 12.971955 -26.702127 3.765518 0.256023 -0.028689 -0.910372 0.323810
7268163.221051 12.887053 -26.710464 3.756628 0.250074 -0.021394 -0.942220 0.221871
7268163.621026 12.672610 -26.698627 3.702168 0.255410 -0.035774 -0.959742 0.111267
7268164.720973 12.185960 -26.757574 3.575504 0.248184 -0.025456 -0.965712 0.071809
7268165.821039 11.692948 -26.738649 3.426202 -0.250376 0.031505 0.967494 0.016568
7268166.920936 11.197185 -26.702656 3.318277 -0.241711 0.027251 0.969734 0.021170
7268168.120968 10.676662 -26.685427 3.193078 -0.253098 0.019676 0.967024 0.020453
7268169.322111 10.159760 -26.649855 3.052772 -0.253234 0.025175 0.966967 0.014595
7268170.520862 9.668693 -26.633427 2.923130 -0.247489 0.018730 0.968693 0.005700
7268171.721950 9.167520 -26.617535 2.800492 0.254647 -0.036232 -0.966352 -0.002550
7268173.620904 8.688910 -26.554121 2.661275 -0.245498 0.020174 0.968190 0.043948
7268174.921982 8.190220 -26.503931 2.534090 -0.246108 0.016336 0.968515 0.033789
7268176.220763 7.668118 -26.476126 2.399776 -0.253929 0.009654 0.966713 0.029888
7268177.420910 7.174528 -26.450958 2.290600 -0.243489 0.014207 0.969420 0.027124
7268178.621901 6.682003 -26.416634 2.156656 -0.248711 0.012723 0.967031 0.053215
7268178.920896 6.581916 -26.386114 2.120783 -0.238675 0.025723 0.956481 0.165880
7268179.220790 6.510723 -26.267927 2.113489 -0.216637 0.024151 0.929857 0.296398
7268179.421805 6.472651 -26.164892 2.105197 -0.220679 0.024527 0.887186 0.404476
7268179.621795 6.451130 -26.085068 2.081226 -0.209634 0.026232 0.839782 0.500132
7268179.921854 6.449680 -25.965265 2.072266 -0.179827 0.022914 0.780825 0.597871
7268181.120806 6.423368 -25.425419 2.068458 -0.169515 0.033010 0.728248 0.663197
7268182.321748 6.377291 -24.911850 2.057131 -0.167724 0.022494 0.707557 0.686095
7268183.621726 6.430678 -24.379507 2.067969 -0.162261 0.013565 0.663348 0.730381
7268184.820796 6.460406 -23.862511 2.077506 -0.164432 0.014401 0.664796 0.728561
7268186.021645 6.498960 -23.348785 2.088881 -0.156921 0.015432 0.666066 0.729036
7268187.221709 6.548985 -22.844019 2.090113 -0.166428 0.011906 0.670718 0.722701
7268188.421546 6.559378 -22.335390 2.118376 -0.165096 0.011265 0.670139 0.723554
7268189.521652 6.603623 -21.834681 2.110265 -0.161221 0.022259 0.674855 0.719780
7268190.721651 6.631156 -21.308235 2.098986 -0.163007 0.011026 0.659179 0.734023
7268191.821509 6.716645 -20.804735 2.127800 -0.148257 0.011674 0.628178 0.763725
7268193.021672 6.807210 -20.281645 2.143141 -0.159974 0.009741 0.628798 0.760872
7268194.221600 6.874269 -19.769361 2.159612 -0.160732 0.010871 0.636014 0.754674
7268195.321547 6.945467 -19.264872 2.187407 -0.153127 0.017251 0.638215 0.754279
7268196.521535 6.987852 -18.732275 2.186120 -0.169654 0.011232 0.691259 0.702319
7268197.721422 6.965463 -18.216597 2.181554 -0.159667 0.021511 0.667050 0.727384
7268198.920304 7.033819 -17.689775 2.196615 -0.161997 0.017294 0.653016 0.739613
7268200.121493 7.061934 -17.169193 2.199091 -0.159770 0.020009 0.664659 0.729590
7268201.221416 7.102608 -16.669495 2.192692 -0.162958 0.013503 0.663187 0.730373
7268202.421378 7.134674 -16.134195 2.188452 -0.170729 0.020279 0.670857 0.721382
7268203.521412 7.199028 -15.644734 2.192590 -0.147668 0.020419 0.590376 0.793242
7268203.821461 7.276991 -15.537271 2.218166 -0.114922 0.007873 0.505874 0.854882
7268204.620042 7.532658 -15.239066 2.282794 -0.092763 0.017348 0.409331 0.907492
7268205.721315 7.910657 -14.882219 2.350020 -0.088875 0.014876 0.375044 0.922617
7268206.821175 8.278793 -14.547668 2.430378 -0.082314 0.018789 0.374068 0.923550
7268208.021143 8.649307 -14.164617 2.517781 -0.087701 0.013333 0.381673 0.920031
7268209.121128 9.014977 -13.814931 2.592849 -0.089840 0.014330 0.379873 0.920554
7268210.321192 9.370362 -13.421280 2.668114 -0.094884 0.012126 0.426057 0.899625
7268211.121257 9.522483 -13.110949 2.692514 -0.128551 0.020082 0.520590 0.843835
7268212.221113 9.695286 -12.623598 2.741980 -0.132301 0.018353 0.529922 0.837462
7268213.421148 9.876505 -12.141976 2.782147 -0.143009 0.017017 0.599188 0.787549
7268214.621042 9.949769 -11.608513 2.785462 -0.158517 0.017108 0.632287 0.758151
7268215.821009 10.014194 -11.084430 2.798423 -0.159628 0.020216 0.634270 0.756182
7268216.921203 10.094368 -10.579304 2.810629 -0.157889 0.021061 0.639937 0.751737
7268218.121000 10.142127 -10.049438 2.811235 -0.161124 0.021552 0.646980 0.744977
7268219.221041 10.192099 -9.547686 2.816607 -0.159379 0.021640 0.652002 0.740961
7268220.420864 10.246243 -9.014231 2.828577 -0.156706 0.015313 0.660431 0.734193
7268221.621033 10.264582 -8.475572 2.832820 -0.166001 0.019057 0.660968 0.731575
7268222.721055 10.310635 -7.970553 2.832184 -0.161404 0.024477 0.666485 0.727425
7268223.920796 10.320041 -7.432477 2.834683 -0.164758 0.019346 0.671353 0.722333
7268225.020810 10.330373 -6.928356 2.833892 -0.163725 0.019326 0.673730 0.720353
7268225.920948 10.383967 -6.543163 2.834790 -0.145349 0.025757 0.575582 0.804311
7268226.220852 10.493141 -6.430030 2.850021 -0.120978 0.015769 0.476241 0.870810
7268227.320955 10.799645 -5.997042 2.932495 -0.118666 0.015812 0.502152 0.856453
7268227.620756 10.811460 -5.891776 2.915195 -0.145853 0.016287 0.607389 0.780731
7268228.120888 10.760438 -5.688823 2.903082 -0.171511 0.010591 0.682555 0.710345
7268229.320819 10.701143 -5.169947 2.898737 -0.188166 0.018614 0.770353 0.608936
7268230.120808 10.512427 -4.847730 2.848185 -0.203228 0.013760 0.828765 0.521208
7268230.920778 10.293731 -4.528150 2.801395 -0.225748 0.023794 0.887145 0.401803
7268231.220777 10.204948 -4.472000 2.760343 -0.234075 0.021204 0.931660 0.277072
7268231.720784 9.999063 -4.468738 2.717206 -0.243408 0.013093 0.954563 0.171434
7268232.820721 9.510429 -4.305240 2.593622 -0.247403 0.027112 0.958451 0.139386
7268233.920790 9.034909 -4.184738 2.472147 -0.249000 0.013537 0.959354 0.132119
7268235.020912 8.549442 -4.049274 2.354683 -0.246728 0.020883 0.963989 0.097023
7268236.120846 8.055007 -4.049105 2.228206 -0.249469 0.014947 0.968087 0.018705
7268237.220754 7.566394 -4.041051 2.100587 -0.246918 0.017095 0.968832 0.010229
7268238.320956 7.072184 -4.049532 1.983372 0.248597 -0.015897 -0.968474 -0.002229
7268239.520899 6.549632 -4.066170 1.855150 0.237193 -0.019394 -0.971262 0.003586
7268240.620828 6.063070 -4.078577 1.734678 0.245213 -0.014134 -0.969252 0.014886
7268241.720575 5.595496 -4.053546 1.616689 -0.243078 0.036318 0.962377 0.115865
7268242.120697 5.447042 -3.952882 1.591735 -0.230157 0.031921 0.947658 0.218981
7268243.320913 4.994151 -3.684218 1.478834 -0.235196 0.021459 0.934601 0.265975
7268244.420872 4.629743 -3.347096 1.392861 -0.224767 0.029149 0.909497 0.348490
7268245.520931 4.303405 -2.960117 1.305800 -0.219680 0.028478 0.875553 0.429344
7268246.720896 3.972096 -2.559535 1.221246 -0.211041 0.023496 0.874808 0.435455
7268247.920882 3.606998 -2.202883 1.116143 -0.232264 0.028655 0.910069 0.342062
7268248.720431 3.324834 -2.026766 1.055342 -0.236798 0.030701 0.942551 0.233626
7268249.320757 3.099265 -1.967744 0.928440 -0.243799 0.022134 0.960903 0.129375
7268250.420920 2.629331 -1.825936 0.819455 -0.241565 0.028517 0.952346 0.184038
7268251.320502 2.262223 -1.760822 0.698125 -0.250523 0.018643 0.964939 0.076045
7268252.521066 1.743857 -1.712422 0.559667 -0.243310 0.022546 0.967916 0.058564
7268253.620981 1.258444 -1.657842 0.397625 -0.249522 0.020501 0.966931 0.048619
7268254.821034 0.748962 -1.621256 0.253546 -0.253337 0.018698 0.966405 0.039150
7268256.020866 0.233153 -1.581660 0.115446 -0.252240 0.021814 0.966734 0.036400
7268257.220911 -0.279950 -1.549486 -0.037986 -0.247095 0.023393 0.968460 0.021962
7268258.420971 -0.788733 -1.558144 -0.174946 -0.250940 0.013291 0.967780 0.015976
7268259.520823 -1.247099 -1.586271 -0.328619 0.255815 -0.029905 -0.959388 0.115062
7268259.820941 -1.350564 -1.687116 -0.349147 0.249299 -0.026680 -0.928242 0.274783
7268260.021871 -1.398676 -1.772685 -0.367985 0.238808 -0.014368 -0.892805 0.381659
7268260.320826 -1.437140 -1.905179 -0.371394 0.223891 -0.019312 -0.826953 0.515411
7268261.421933 -1.597797 -2.398726 -0.407276 0.221531 -0.009496 -0.806912 0.547473
7268262.621901 -1.826965 -2.877932 -0.459259 0.218845 -0.021901 -0.838724 0.498166
7268263.421809 -1.922056 -3.202595 -0.481318 0.213966 -0.019544 -0.779010 0.589050
7268264.520839 -2.057688 -3.687037 -0.508857 0.210513 -0.025260 -0.767597 0.604848
7268265.721818 -2.174257 -4.214170 -0.526948 0.204786 -0.015520 -0.763179 0.612682
7268266.820772 -2.212124 -4.739543 -0.527348 0.188638 -0.016738 -0.703148 0.685360
7268268.021739 -2.214854 -5.240343 -0.514814 0.183786 -0.011709 -0.693114 0.696906
7268270.021781 -2.318502 -5.761169 -0.539508 0.190435 -0.011468 -0.739589 0.645454
7268270.921815 -2.434654 -6.077456 -0.565430 0.209656 -0.024644 -0.804050 0.555824
7268272.120742 -2.746552 -6.520267 -0.630255 0.225612 -0.023722 -0.845527 0.483343
7268273.321750 -3.010144 -6.973420 -0.671205 0.223544 -0.023708 -0.827226 0.514940
7268274.321630 -3.108351 -7.400156 -0.698737 0.196099 -0.019925 -0.765339 0.612703
7268275.720761 -3.166776 -7.933986 -0.710014 0.198436 -0.021760 -0.745968 0.635359
7268276.921534 -3.273634 -8.431221 -0.728191 0.199589 -0.021986 -0.744502 0.636708
7268278.221543 -3.436896 -8.948824 -0.761363 0.207782 -0.008989 -0.784427 0.584312
7268279.421039 -3.570301 -9.432796 -0.772438 0.199410 -0.019215 -0.759299 0.619138
7268280.421610 -3.561975 -9.850071 -0.774206 0.188733 -0.017926 -0.690832 0.697717
7268288.721326 -3.535374 -10.190340 -0.764574 0.161911 -0.012273 -0.615075 0.771568
7268289.021359 -3.503389 -10.165925 -0.757940 0.127131 -0.007266 -0.530377 0.838144
7268289.921360 -3.399486 -10.216963 -0.728310 0.115479 -0.007795 -0.441890 0.889571
7268290.221289 -3.370788 -10.218524 -0.722217 0.086454 -0.003675 -0.339640 0.936566
7268290.621239 -3.352380 -10.176975 -0.712830 0.063369 -0.009630 -0.234145 0.970086
7268291.920906 -2.907309 -10.365639 -0.581552 0.038983 -0.003339 -0.176102 0.983594
7268293.121159 -2.453951 -10.584994 -0.444844 0.060038 -0.003582 -0.227571 0.971902
7268294.421144 -1.987415 -10.768569 -0.334161 0.039995 -0.009174 -0.137167 0.989698
7268295.119817 -1.724074 -10.771009 -0.257116 0.006298 -0.006999 -0.033040 0.999410
7268296.321250 -1.230183 -10.812447 -0.127854 0.016740 0.001180 -0.059876 0.998065
7268297.521180 -0.740612 -10.851634 -0.003770 0.011394 0.002745 -0.061944 0.998011
7268298.721107 -0.258707 -10.915562 0.113440 0.014679 -0.005731 -0.058750 0.998148
7268300.021070 0.258331 -10.957328 0.261181 0.016207 -0.001777 -0.045946 0.998811
7268301.220993 0.743462 -10.986922 0.394264 0.011562 0.000019 -0.037065 0.999246
7268302.421044 1.247320 -11.006480 0.505642 0.012619 -0.008724 -0.031273 0.999393
7268303.620997 1.736456 -11.032194 0.664007 0.009502 -0.003655 -0.021238 0.999723
7268304.921056 2.260772 -11.046704 0.789542 0.005618 -0.006765 -0.011162 0.999899
7268305.420983 2.463933 -11.002475 0.843600 -0.029428 0.001316 0.102107 0.994337
7268305.721003 2.549857 -10.950599 0.851153 -0.063616 0.006920 0.234964 0.969895
7268306.120947 2.620493 -10.815468 0.892193 -0.098681 -0.001594 0.348028 0.932275
7268306.420918 2.687875 -10.687378 0.871384 -0.117672 0.015528 0.443089 0.888586
7268307.721019 2.894649 -10.193748 0.905307 -0.139387 0.013407 0.515726 0.845233
7268308.820792 3.041888 -9.743019 0.950396 -0.152417 0.014066 0.599667 0.785475
7268310.020834 3.084691 -9.205636 0.947754 -0.172364 0.007794 0.644657 0.744746
7268311.220911 3.124639 -8.682907 0.954933 -0.176591 0.013799 0.651938 0.737294
7268312.420836 3.158550 -8.167571 0.948231 -0.172174 0.012376 0.655837 0.734902
7268313.320832 3.106432 -7.789025 0.940099 -0.195306 0.011604 0.727934 0.657140
7268314.220793 2.986091 -7.415205 0.889687 -0.216017 0.016903 0.792300 0.570361
7268315.020878 2.913611 -7.091475 0.859344 -0.191892 0.009383 0.732311 0.653307
7268315.320776 2.934617 -6.951200 0.859936 -0.168702 0.017393 0.649925 0.740834
7268316.120889 3.059588 -6.652974 0.903306 -0.142758 0.007775 0.570285 0.808910
7268317.320917 3.217761 -6.154590 0.929371 -0.144484 0.015460 0.571028 0.807968
7268318.420935 3.306635 -5.703507 0.937382 -0.169977 0.010442 0.653984 0.737091
7268318.720758 3.281197 -5.607447 0.918417 -0.191572 0.020145 0.747080 0.636212
7268318.920774 3.210304 -5.564467 0.926353 -0.208539 0.003450 0.814753 0.540997
7268319.120842 3.121559 -5.520726 0.900912 -0.239001 0.007151 0.870183 0.430824
7268319.320531 3.041603 -5.477394 0.867359 -0.253273 0.015362 0.911600 0.323424
7268319.520816 2.957347 -5.460404 0.854334 -0.260861 0.026034 0.941186 0.213172
7268319.820941 2.820543 -5.460425 0.802217 -0.264411 0.023793 0.960407 0.084498
7268321.020869 2.333778 -5.463804 0.674587 0.260313 -0.026693 -0.965153 -0.002046
7268322.321583 1.807349 -5.476354 0.535817 0.262364 -0.026171 -0.964594 0.006162
7268323.520766 1.320606 -5.406706 0.395887 -0.259371 0.022810 0.961447 0.088463
7268324.821433 0.808951 -5.370570 0.249370 0.263764 -0.040704 -0.963728 -0.000517
7268326.020878 0.314036 -5.389596 0.117221 0.259775 -0.027498 -0.965021 0.022267
7268327.220853 -0.177220 -5.498323 -0.026590 0.257155 -0.026442 -0.965126 0.041288
7268328.420939 -0.678309 -5.514660 -0.136268 -0.256442 0.039831 0.964012 0.057728
7268329.020980 -0.909331 -5.406992 -0.196700 -0.249191 0.029155 0.954467 0.161389
7268330.221260 -1.397759 -5.325264 -0.308466 -0.257414 0.017126 0.963964 0.064951
7268331.520750 -1.909677 -5.347857 -0.456565 -0.255946 0.020152 0.965120 0.051267
7268332.221234 -2.192306 -5.252345 -0.526454 -0.253184 0.026430 0.950974 0.175638
7268332.520555 -2.276679 -5.143848 -0.547413 -0.241241 0.027746 0.915891 0.319651
7268332.720823 -2.308327 -5.081678 -0.562833 -0.223857 0.028788 0.878160 0.421775
7268333.121273 -2.316071 -4.988973 -0.559452 -0.218664 0.018668 0.821066 0.526961
7268333.420787 -2.269470 -4.979845 -0.569298 -0.181498 0.028740 0.752720 0.632175
7268333.720937 -2.233225 -4.981078 -0.552574 -0.161322 0.022409 0.675585 0.719067
7268335.320802 -2.142082 -4.463372 -0.527643 -0.174091 0.019865 0.702089 0.690195
7268336.720811 -2.261350 -3.973166 -0.580532 -0.203878 0.009516 0.739423 0.641558
7268337.321137 -2.235364 -3.766538 -0.569305 -0.168848 0.018775 0.668004 0.724506
7268361.721719 -2.165030 -3.271413 -0.572472 -0.178006 0.005990 0.645185 0.742977
7268363.021628 -2.042352 -2.786614 -0.536707 -0.144196 0.020511 0.578008 0.802928
7268364.320844 -1.891708 -2.286514 -0.491117 -0.153050 0.012198 0.578648 0.800995
7268365.521452 -1.752350 -1.802448 -0.477661 -0.151897 0.009622 0.588226 0.794245
7268366.821559 -1.618207 -1.287066 -0.460075 -0.156536 0.013869 0.595486 0.787845
7268368.121678 -1.508330 -0.755531 -0.441219 -0.149887 0.023449 0.598384 0.786715
7268368.621541 -1.511969 -0.562977 -0.443746 -0.182295 0.013542 0.693203 0.697176
7268368.821583 -1.561987 -0.478321 -0.461535 -0.194978 0.024347 0.764488 0.613962
7268369.021475 -1.613960 -0.407347 -0.482407 -0.219684 0.017350 0.825075 0.520278
7268369.320422 -1.708408 -0.338843 -0.506387 -0.236651 0.021047 0.885913 0.398385
7268370.321566 -2.080078 -0.129361 -0.612727 -0.251225 0.023819 0.925508 0.282407
7268371.021521 -2.342959 -0.033274 -0.684839 -0.255114 0.028780 0.951131 0.171577
7268372.220327 -2.834915 0.033062 -0.823352 -0.260342 0.027545 0.961184 0.087111
7268373.421493 -3.346822 0.078853 -0.970938 0.260719 -0.022651 -0.965099 0.009775
7268374.621490 -3.831152 0.038788 -1.102503 0.258862 -0.038780 -0.964551 0.033593
7268375.821310 -4.320110 -0.008132 -1.231374 0.261089 -0.033125 -0.962841 0.060595
7268376.121405 -4.437469 -0.072994 -1.260823 0.258357 -0.024874 -0.949882 0.174233
7268376.721409 -4.610185 -0.210433 -1.311603 0.240003 -0.026267 -0.930158 0.276613
7268377.921446 -5.004209 -0.508949 -1.411835 0.250386 -0.027530 -0.918280 0.305467
7268379.219322 -5.402689 -0.828570 -1.523078 0.244232 -0.021986 -0.917065 0.314420
7268380.521223 -5.793566 -1.168738 -1.615829 0.246855 -0.019420 -0.914092 0.321125
7268381.821329 -6.197152 -1.489105 -1.720333 0.239108 -0.029445 -0.914948 0.323774
7268383.021279 -6.612833 -1.751110 -1.828345 0.252754 -0.033153 -0.929238 0.267456
7268384.321129 -7.073212 -1.954012 -1.949677 0.248164 -0.028391 -0.946377 0.204887
7268385.621122 -7.547116 -2.169441 -2.078316 0.255762 -0.024543 -0.952437 0.163849
7268386.921152 -8.034556 -2.350166 -2.208709 0.256635 -0.035690 -0.940965 0.217831
7268388.121192 -8.475687 -2.589072 -2.316936 0.251146 -0.027036 -0.937109 0.240877
7268389.321084 -8.911813 -2.839432 -2.431298 0.249056 -0.024907 -0.934608 0.252702
7268390.521106 -9.310891 -3.134623 -2.528130 0.248556 -0.036589 -0.908316 0.334431
7268390.821026 -9.359078 -3.236622 -2.557795 0.223421 -0.025441 -0.858692 0.460526
7268391.221119 -9.377638 -3.388770 -2.550912 0.220861 -0.033347 -0.804773 0.549953
7268391.821111 -9.425508 -3.654817 -2.547394 0.200168 -0.023382 -0.743803 0.637294
7268393.021125 -9.452203 -4.198747 -2.548307 0.183665 -0.008235 -0.702939 0.687078
7268394.221097 -9.469790 -4.724039 -2.536247 0.188653 -0.016301 -0.693857 0.694771
7268395.420947 -9.518997 -5.252307 -2.522536 0.201512 -0.025721 -0.731461 0.650919
7268396.520896 -9.593537 -5.753212 -2.551418 0.196561 -0.021411 -0.739235 0.643768
7268397.720917 -9.663892 -6.278149 -2.560591 0.206656 -0.026203 -0.733376 0.647122
7268398.920849 -9.753482 -6.800146 -2.553491 0.197082 -0.023320 -0.730657 0.653265
7268400.120892 -9.760059 -7.308351 -2.558308 0.177394 -0.017226 -0.666264 0.724104
7268401.320900 -9.784297 -7.828487 -2.556083 0.198207 -0.028453 -0.718627 0.665943
7268401.820822 -9.771983 -8.040318 -2.538158 0.172795 -0.024024 -0.640923 0.747518
7268402.119843 -9.688205 -8.162321 -2.515984 0.139827 -0.011116 -0.531919 0.835097
7268402.620891 -9.555992 -8.339890 -2.471748 0.114137 -0.016801 -0.433617 0.893682
7268403.120934 -9.367446 -8.464218 -2.433942 0.085671 -0.003778 -0.335828 0.938012
7268404.220871 -8.968634 -8.742259 -2.292759 0.082666 0.000347 -0.297313 0.951195
7268405.019528 -8.654140 -8.912525 -2.215137 0.043530 -0.005810 -0.200650 0.978678
7268405.320892 -8.532888 -8.909921 -2.193895 0.029663 0.001667 -0.075241 0.996723
7268405.820965 -8.332096 -8.867212 -2.133052 -0.009433 0.001147 0.029449 0.999521
7268406.920953 -7.848590 -8.806732 -1.996475 -0.014405 0.000384 0.059618 0.998117
7268408.020832 -7.360518 -8.756012 -1.875376 -0.000119 0.000527 -0.003215 0.999995
7268409.220825 -6.838769 -8.775006 -1.739596 0.011853 -0.006235 -0.012552 0.999832
7268410.420733 -6.316473 -8.783838 -1.599786 0.005475 0.002008 -0.005605 0.999967
7268411.620948 -5.820665 -8.759082 -1.468448 -0.011113 0.000925 0.059035 0.998194
7268411.920523 -5.719066 -8.710045 -1.445475 -0.041378 -0.000169 0.179022 0.982975
7268412.120636 -5.649796 -8.635644 -1.431659 -0.057360 0.010055 0.286100 0.956429
7268412.319924 -5.590828 -8.554897 -1.382327 -0.104887 0.006606 0.381070 0.918554
7268412.620902 -5.557497 -8.424384 -1.376432 -0.137698 0.013373 0.514409 0.846312
7268413.020814 -5.548460 -8.234262 -1.402273 -0.163072 0.017568 0.597923 0.784594
7268414.220757 -5.477859 -7.715897 -1.399398 -0.162386 0.016096 0.633742 0.756137
7268415.420776 -5.402900 -7.175498 -1.409776 -0.165914 0.023082 0.639902 0.749977
7268416.520963 -5.364159 -6.670578 -1.397087 -0.173844 0.020395 0.646319 0.742721
7268417.720961 -5.307806 -6.142677 -1.399292 -0.173212 0.015960 0.648921 0.740705
7268418.920934 -5.261133 -5.634517 -1.405108 -0.173004 0.013829 0.658780 0.732043
7268420.120889 -5.235591 -5.134831 -1.408246 -0.177929 0.014321 0.661700 0.728210
7268421.320889 -5.200791 -4.603220 -1.418670 -0.174601 0.018226 0.664702 0.726191
7268422.520823 -5.165093 -4.080832 -1.433336 -0.177990 0.017216 0.674084 0.716683
7268423.720858 -5.222930 -3.578346 -1.447945 -0.177667 0.013688 0.676928 0.714154
7268424.921378 -5.224464 -3.035936 -1.459427 -0.182601 0.017626 0.682616 0.707377
7268426.120903 -5.247541 -2.505120 -1.477398 -0.185806 0.014768 0.689936 0.699462
7268427.420759 -5.253350 -1.960309 -1.475716 -0.177527 0.007077 0.647576 0.740999
7268428.620894 -5.192323 -1.427882 -1.474063 -0.173817 0.014074 0.648525 0.740949
7268429.820778 -5.146445 -0.915997 -1.474784 -0.166981 0.011303 0.661217 0.731288
7268431.021146 -5.149693 -0.390624 -1.472535 -0.180860 0.007772 0.659339 0.729727
7268432.221248 -5.114128 0.142427 -1.455313 -0.177683 0.013611 0.666224 0.724147
7268432.921016 -5.077730 0.355701 -1.475791 -0.151341 0.016744 0.561298 0.813486
7268433.121117 -5.048203 0.341040 -1.476107 -0.117270 0.017510 0.473954 0.872530
7268433.321125 -5.029792 0.316605 -1.463611 -0.091887 0.004370 0.382959 0.919174
7268433.521154 -5.005189 0.275091 -1.450806 -0.064923 -0.000521 0.274128 0.959499
7268433.721099 -4.976510 0.237219 -1.459175 -0.025005 0.002810 0.159771 0.986833
7268434.020807 -4.975276 0.207335 -1.447115 -0.001740 -0.003863 0.056060 0.998418
7268435.622006 -4.459252 0.136488 -1.299647 0.002240 -0.006449 -0.004556 0.999966
7268436.820966 -3.977023 0.136587 -1.153608 0.005544 -0.006568 -0.008798 0.999924
7268438.021992 -3.492657 0.125605 -1.013683 0.007450 -0.008693 -0.007454 0.999907
7268439.220687 -3.005592 0.103151 -0.879595 0.002809 -0.013928 -0.000948 0.999899
7268440.420928 -2.511090 0.102596 -0.749250 -0.005389 -0.004405 -0.002668 0.999972
7268441.620986 -2.015285 0.095347 -0.602567 0.010503 -0.010641 -0.047476 0.998760
7268442.520883 -1.659131 0.014056 -0.505400 0.050436 -0.007107 -0.153758 0.986795
7268443.720943 -1.211215 -0.225905 -0.365394 0.059352 -0.012758 -0.209124 0.976003
7268444.920793 -0.765754 -0.451271 -0.233523 0.053686 -0.020451 -0.201008 0.977904
7268446.120884 -0.288013 -0.666830 -0.077901 0.041712 -0.001236 -0.199517 0.979005
7268447.320774 0.169156 -0.931506 0.025390 0.052918 -0.009317 -0.196416 0.979047
7268448.520826 0.633892 -1.069039 0.155908 0.023508 -0.010923 -0.110661 0.993520
7268449.721777 1.125820 -1.195837 0.319452 0.045675 -0.006062 -0.140443 0.989016
7268450.920796 1.608009 -1.350743 0.462147 0.037075 -0.009397 -0.142373 0.989074
7268452.220850 2.121299 -1.499225 0.589790 0.025511 -0.004360 -0.135026 0.990504
7268453.421607 2.591375 -1.635054 0.749918 0.030326 -0.007062 -0.127543 0.991344
7268454.621674 3.074656 -1.793579 0.898726 0.029459 -0.010292 -0.123509 0.991853
7268455.821565 3.562670 -1.918406 1.044329 0.030149 -0.015615 -0.147010 0.988552
7268456.521733 3.830719 -2.079253 1.135758 0.060099 -0.017368 -0.248357 0.966646
7268457.721661 4.231576 -2.388438 1.239828 0.095046 -0.013872 -0.349902 0.931849
7268458.921589 4.544962 -2.789092 1.383220 0.104065 -0.017725 -0.390510 0.914526
7268460.121518 4.876760 -3.166501 1.485095 0.100788 -0.024905 -0.378449 0.919781
7268461.321585 5.247097 -3.536417 1.552132 0.123357 -0.014230 -0.428709 0.894868
7268462.621334 5.487377 -4.011362 1.621764 0.133302 -0.019277 -0.493057 0.859508
7268463.921427 5.768445 -4.454319 1.704783 0.114415 -0.015048 -0.408878 0.905263
7268464.521431 5.935826 -4.655888 1.724507 0.129335 -0.012857 -0.499219 0.856672
7268465.120865 5.985013 -4.911376 1.766000 0.163633 -0.026694 -0.587015 0.792417
7268466.321365 6.087163 -5.412865 1.799073 0.185387 -0.015165 -0.590053 0.785646
7268467.521381 6.084666 -5.924280 1.781892 0.188146 -0.018476 -0.669428 0.718419
7268468.721404 6.093200 -6.429709 1.785036 0.184225 -0.020270 -0.669302 0.719503
7268591.720865 6.111948 -6.962885 1.802179 0.179402 -0.013118 -0.665439 0.724454
7268592.818849 6.064252 -7.234158 1.907051 0.108793 -0.111957 -0.660428 0.734483
7268593.920869 6.122570 -7.517776 2.142366 0.016036 -0.151839 -0.702638 0.694973
7268594.620877 6.049483 -7.735858 2.259999 0.057874 -0.161146 -0.775082 0.608219
7268596.420935 5.844536 -8.161991 2.433343 0.002855 -0.161476 -0.738078 0.655102
7268597.920889 5.652815 -8.591632 2.615788 0.071276 -0.176615 -0.733548 0.652406
7268599.020856 5.623310 -8.918794 2.788060 0.002019 -0.103147 -0.664747 0.739911
7268600.320756 5.677423 -9.269803 3.017787 0.072874 -0.202349 -0.671333 0.709265
7268601.720842 5.501471 -9.690221 3.205293 0.056268 -0.176915 -0.750809 0.633893
7268603.220781 5.381119 -10.167016 3.336222 0.085030 -0.160527 -0.763209 0.620091
7268604.120780 5.299165 -10.420492 3.481349 0.030829 -0.156280 -0.703195 0.692923
7268605.521440 5.348732 -10.792208 3.836443 0.062073 -0.160613 -0.732336 0.658813
7268606.420824 5.209104 -11.115517 3.825320 0.149633 -0.065200 -0.783864 0.599096
7268607.520081 5.116403 -11.556126 3.726620 0.230820 -0.014759 -0.827776 0.511167
7268608.021262 5.051644 -11.569450 3.743730 0.236072 -0.021899 -0.883374 0.404278
7268608.321268 5.037640 -11.536008 3.751277 0.246624 -0.026136 -0.930557 0.269365
7268608.621237 5.034231 -11.482141 3.758316 0.251002 -0.031414 -0.960685 0.114438
7268608.821315 5.030249 -11.430861 3.737329 0.257399 -0.040962 -0.965436 -0.001371
7268609.020881 5.036854 -11.394728 3.733351 -0.253853 0.033655 0.960948 0.104908
7268609.621163 4.972048 -11.290517 3.719886 -0.246340 0.031199 0.946297 0.207038
7268610.320745 4.741620 -11.264063 3.657128 -0.244206 0.025588 0.964923 0.092910
7268611.221294 4.407248 -11.261917 3.586318 0.256932 -0.024045 -0.965973 0.017450
7268612.620378 3.930524 -11.353469 3.426078 0.254171 -0.014811 -0.964003 0.076649
7268613.220890 3.726620 -11.336428 3.353753 -0.253696 0.031240 0.965656 0.046586
7268613.521203 3.689631 -11.280380 3.357799 -0.243626 0.028724 0.950330 0.191558
7268613.721272 3.702662 -11.235864 3.344476 -0.238301 0.029071 0.922748 0.301504
7268613.921117 3.734753 -11.206214 3.329765 -0.223189 0.036548 0.881288 0.414948
7268614.121073 3.760018 -11.190907 3.341318 -0.214127 0.028543 0.829332 0.515309
7268614.421109 3.794615 -11.175632 3.366397 -0.189089 0.028153 0.763300 0.617111
7268616.721062 3.779008 -10.663453 3.380538 -0.179459 0.021391 0.715487 0.674845
7268618.021188 3.756574 -10.440736 3.468551 -0.088747 -0.046655 0.749084 0.654844
7268619.721016 3.666415 -10.085255 3.559140 -0.044360 -0.087209 0.672224 0.733854
7268619.920942 3.672581 -10.089493 3.566586 -0.029231 -0.078589 0.593844 0.800199
7268621.822079 3.813819 -9.694798 3.853872 -0.048305 -0.109277 0.597947 0.792581
7268622.122052 3.737676 -9.585163 3.855237 -0.086239 -0.116461 0.680052 0.718699
7268622.722085 3.722102 -9.538870 3.892936 -0.059679 -0.142461 0.752563 0.640150
7268627.720767 3.635132 -9.127294 4.197552 -0.024182 -0.127460 0.719248 0.682533
7268629.020932 3.725876 -8.682498 4.416508 0.017145 -0.120778 0.682902 0.720252
7268630.720882 3.608817 -8.210033 4.557053 -0.086175 -0.141887 0.706149 0.688328
7268632.120791 3.631066 -7.767782 4.879138 0.013483 -0.123681 0.684687 0.718140
7268633.521919 3.609368 -7.351920 5.005599 -0.055591 -0.196378 0.618665 0.758682
7268634.620822 3.609728 -7.005332 5.210579 0.017666 -0.119116 0.651592 0.748951
7268636.021829 3.754390 -6.530691 5.385187 -0.065491 -0.067416 0.616815 0.781476
7268636.521793 3.756783 -6.255679 5.418985 -0.150678 0.002319 0.598733 0.786644
7268637.321842 3.821529 -6.213489 5.395985 -0.129568 -0.007288 0.486810 0.863814
7268637.621805 3.857719 -6.244518 5.405602 -0.081776 -0.004527 0.353711 0.931762
7268637.821895 3.873529 -6.279534 5.405389 -0.056507 -0.003799 0.253847 0.965585
7268638.021901 3.875737 -6.313269 5.410222 -0.021502 -0.010038 0.148276 0.988661
7268638.321776 3.885234 -6.365858 5.417565 0.013208 -0.016606 0.026165 0.999432
7268639.720965 4.378428 -6.423127 5.570251 0.027587 -0.010124 -0.046444 0.998489
7268640.921801 4.775316 -6.432220 5.675232 -0.012704 -0.009174 0.076595 0.996939
7268641.221750 4.752764 -6.385135 5.665713 -0.049632 -0.018490 0.221281 0.973771
7268641.421797 4.706215 -6.349998 5.654305 -0.087549 -0.014937 0.331411 0.939297
7268641.620819 4.671804 -6.322151 5.649518 -0.123553 -0.016533 0.430222 0.894075
7268642.021758 4.637874 -6.328663 5.622450 -0.144011 -0.004956 0.526218 0.838052
7268642.420899 4.601155 -6.334136 5.611875 -0.176002 -0.005351 0.609427 0.773042
7268644.121678 4.710733 -5.822312 5.654274 -0.152072 0.001551 0.573991 0.804616
7268645.421558 4.785709 -5.319661 5.667973 -0.155637 0.006178 0.625861 0.764223
7268646.721632 4.871350 -4.819547 5.666085 -0.182391 0.012845 0.636863 0.748982
7268648.421663 4.905160 -4.315412 5.655176 -0.177382 -0.002813 0.649576 0.739310
7268803.821078 4.973422 -3.784929 5.679791 -0.185870 0.016290 0.735450 0.651383
7268804.121009 4.932487 -3.681667 5.651717 -0.223157 0.001686 0.812229 0.538964
7268804.421065 4.858054 -3.667982 5.636984 -0.239020 0.003880 0.877538 0.415670
7268804.721142 4.817899 -3.715714 5.615073 -0.260951 0.006260 0.920207 0.291691
7268805.820659 4.568566 -3.645731 5.556098 -0.259839 0.021510 0.945504 0.195046
7268806.420999 4.345594 -3.598874 5.481164 -0.269799 0.022468 0.958625 0.087983
7268807.720947 3.856795 -3.564152 5.341383 -0.269398 0.016922 0.961582 0.049980
7268809.021078 3.340824 -3.573351 5.194829 0.270141 -0.014712 -0.962117 0.033737
7268810.320901 2.836954 -3.635314 5.043285 0.261728 -0.030543 -0.963246 0.052185
7268811.620899 2.334085 -3.652807 4.901881 0.266935 -0.022633 -0.963161 0.023558
7268811.920882 2.229887 -3.703255 4.867069 0.263328 -0.023134 -0.952662 0.150192
7268812.221998 2.154591 -3.775464 4.830083 0.259932 -0.031352 -0.922404 0.283941
7268812.621900 2.062079 -3.920785 4.845115 0.246291 -0.021138 -0.887780 0.388253
7268813.920982 1.758335 -4.331130 4.739756 0.246122 -0.034476 -0.870117 0.425596
7268814.820955 1.572791 -4.641478 4.690602 0.229308 -0.022578 -0.816850 0.528833
7268815.120868 1.578606 -4.743935 4.678552 0.208549 -0.030261 -0.734395 0.645179
7268815.320800 1.616511 -4.814011 4.687934 0.169581 -0.029423 -0.659626 0.731622
7268815.520783 1.651321 -4.906823 4.716964 0.163171 -0.021440 -0.572919 0.802919
7268816.920798 1.805586 -5.422023 4.773366 0.174742 -0.015023 -0.614708 0.769008
7268817.820810 1.802706 -5.785914 4.775314 0.192103 -0.023268 -0.694730 0.692752
7268818.120877 1.768742 -5.906654 4.771485 0.221624 -0.029877 -0.775282 0.590701
7268818.420853 1.693121 -5.976406 4.753996 0.240006 -0.026707 -0.854811 0.459327
7268818.620838 1.605654 -6.014176 4.722901 0.248712 -0.016971 -0.900277 0.356868
7268818.920847 1.487922 -6.057971 4.683096 0.264997 -0.032490 -0.930325 0.251427
7268819.320758 1.325027 -6.084447 4.640303 0.266394 -0.014884 -0.953018 0.143417
7268819.620761 1.210599 -6.068229 4.598635 0.271837 -0.030900 -0.961820 0.007230
7268820.421742 0.931364 -5.968997 4.518172 -0.267055 0.037229 0.957868 0.098912
7268821.821759 0.432529 -5.880010 4.365209 -0.259853 0.019864 0.963909 0.054413
7268823.221748 -0.057567 -5.868133 4.227952 0.264359 -0.026317 -0.964043 -0.006518
7268824.521546 -0.553920 -5.856428 4.073649 0.268564 -0.025697 -0.962907 -0.004755
7268825.721649 -1.041355 -5.795426 3.929512 -0.267944 0.021159 0.961235 0.061534
7268827.021696 -1.549670 -5.744335 3.769359 -0.267862 0.013738 0.961692 0.056662
7268828.321611 -2.048735 -5.686882 3.628858 -0.261824 0.022719 0.963462 0.051699
7268829.621520 -2.574273 -5.624577 3.491674 -0.270117 0.020824 0.961667 0.042421
7268830.921596 -3.088271 -5.610058 3.316988 0.270649 -0.023690 -0.961896 0.030721
7268832.221529 -3.577143 -5.710362 3.173301 0.268350 -0.017654 -0.960816 0.067154
7268833.520828 -4.099124 -5.689243 3.019393 -0.270490 0.011773 0.962152 0.030980
7268834.721452 -4.588175 -5.651468 2.877191 -0.266344 0.021036 0.963140 0.031300
7268835.921473 -5.071197 -5.624327 2.720305 -0.263009 0.023512 0.964346 0.017636
7268837.321371 -5.518175 -5.549993 2.584242 -0.264065 0.022305 0.951806 0.154396
7268837.621424 -5.496250 -5.504860 2.588104 -0.249537 0.021192 0.919694 0.302398
7268838.221454 -5.499584 -5.444099 2.583160 -0.229541 0.021845 0.882828 0.409205
7268839.821379 -5.804405 -5.110483 2.486164 -0.255909 0.011501 0.927391 0.272624
7268840.021325 -5.808252 -5.147531 2.486214 -0.264791 0.007480 0.949573 0.167752
7268840.221415 -5.794174 -5.186807 2.477265 -0.264997 0.001006 0.962776 0.053277
7268840.421022 -5.784181 -5.221935 2.483384 0.268594 -0.016375 -0.961055 0.062955
7268840.621325 -5.758656 -5.257930 2.502661 0.260629 -0.016966 -0.947357 0.185201
7268840.821342 -5.735921 -5.291023 2.512657 0.253584 -0.012683 -0.916857 0.308072
7268841.021423 -5.699625 -5.309821 2.518326 0.244648 -0.014397 -0.873848 0.419916
7268841.221379 -5.660626 -5.316297 2.548337 0.232533 -0.024217 -0.816324 0.528164
7268841.521144 -5.618659 -5.308712 2.548178 0.209110 -0.019533 -0.744147 0.634143
7268842.221301 -5.609344 -5.292981 2.546524 0.195134 -0.016937 -0.673497 0.712768
7268843.821352 -5.574435 -5.802071 2.562992 0.184775 -0.022181 -0.656025 0.731435
7268845.121275 -5.570098 -6.332119 2.585564 0.205907 -0.027312 -0.695954 0.687390
7268846.419745 -5.631431 -6.851188 2.568943 0.216938 -0.035832 -0.717259 0.661206
7268847.721226 -5.689220 -7.378706 2.562203 0.205732 -0.027747 -0.716819 0.665639
7268849.021015 -5.729604 -7.924037 2.538370 0.209760 -0.026004 -0.707216 0.674663
7268850.321290 -5.769974 -8.445712 2.535439 0.201319 -0.018065 -0.701972 0.682920
7268852.021218 -5.828783 -8.522861 2.507972 0.227959 -0.030618 -0.791212 0.566640
7268852.321203 -5.866951 -8.503752 2.484356 0.251611 -0.031032 -0.863386 0.436226
7268852.521081 -5.893507 -8.475180 2.476506 0.256316 -0.031651 -0.904481 0.339434
7268852.721258 -5.919188 -8.444263 2.477409 0.265445 -0.036183 -0.936403 0.226669
7268853.021201 -5.928385 -8.396447 2.473069 0.269991 -0.031310 -0.957846 0.093034
7268855.121115 -6.069735 -8.410386 2.441295 0.263345 -0.019075 -0.943107 0.202078
7268855.621048 -6.099161 -8.446690 2.417795 0.252786 -0.027538 -0.917055 0.307167
7268856.420698 -6.247590 -8.621907 2.388102 0.245397 -0.020275 -0.869104 0.428984
7268856.721159 -6.214418 -8.645006 2.386112 0.221757 -0.012875 -0.800311 0.556921
7268857.221009 -6.181208 -8.625099 2.402790 0.205785 -0.022703 -0.736945 0.643467
7268863.421858 -6.149228 -8.599010 2.417055 0.185922 -0.021183 -0.658721 0.728746
7268863.720805 -6.113585 -8.567438 2.415014 0.147630 -0.013181 -0.558080 0.816443
7268864.220839 -6.101382 -8.518334 2.423056 0.128122 -0.017360 -0.471531 0.872320
7268865.920947 -6.096650 -8.485812 2.423926 0.110459 -0.014561 -0.367993 0.923129
7268866.220777 -6.099242 -8.461823 2.422871 0.068268 -0.010225 -0.268527 0.960796
7268872.820956 -6.131248 -8.413656 2.425155 0.050886 -0.012924 -0.159044 0.985875
7268873.220850 -6.125798 -8.368664 2.412547 0.012250 -0.008963 -0.052722 0.998494
7268875.420850 -6.169315 -8.336374 2.412574 -0.011205 -0.014228 0.067050 0.997585
7268875.720950 -6.178622 -8.297990 2.408315 -0.060737 -0.011011 0.186148 0.980581
7268876.018391 -6.209754 -8.277948 2.397050 -0.080784 -0.005610 0.306864 0.948302
7268958.320854 -5.984823 -8.032946 2.476639 -0.113750 -0.010663 0.408588 0.905540
7268959.020832 -5.885315 -7.798590 2.504963 -0.141815 -0.004278 0.503658 0.852173
7268960.320835 -5.738325 -7.301692 2.553494 -0.155736 -0.006351 0.568726 0.807624
7268961.320747 -5.685675 -6.911065 2.548947 -0.181150 -0.008761 0.649922 0.738044
7268962.620889 -5.657033 -6.407306 2.558158 -0.175090 -0.004453 0.626348 0.759613
7268963.920802 -5.580842 -5.903523 2.576890 -0.173249 -0.007112 0.628604 0.758150
7268964.320704 -5.592304 -5.754536 2.560963 -0.194271 0.007783 0.718121 0.668207
7268964.620882 -5.668821 -5.661529 2.545390 -0.215222 0.010014 0.792234 0.570915
7268965.320875 -5.844784 -5.435277 2.488887 -0.237563 0.013221 0.860348 0.450766
7268965.620808 -5.940338 -5.378633 2.440821 -0.261600 0.007334 0.910869 0.319106
7268966.020870 -6.070918 -5.350349 2.411397 -0.259502 0.010246 0.941948 0.212809
7268967.320839 -6.567243 -5.199306 2.261656 -0.272536 0.019666 0.949599 0.153623
7268968.620771 -7.052541 -5.052300 2.103166 -0.276389 0.006487 0.950429 0.142307
7268969.120790 -7.247646 -5.038222 2.051227 -0.274335 0.013441 0.960721 0.039676
7268970.420555 -7.752404 -5.070354 1.890026 0.278825 -0.030767 -0.959759 0.013139
7268971.620952 -8.232738 -5.085812 1.749830 0.276008 -0.025342 -0.960468 0.026031
7268972.920841 -8.726515 -5.070416 1.587315 -0.277702 0.012014 0.958974 0.055738
7268974.220917 -9.214190 -4.998650 1.447748 -0.272365 0.013467 0.959522 0.070380
7268975.520745 -9.712906 -4.938804 1.301239 -0.271826 0.017717 0.959972 0.065194
7268976.820921 -10.208122 -4.883459 1.151179 -0.265120 0.019362 0.962277 0.057954
7268978.120757 -10.703354 -4.839603 0.989815 -0.272049 0.021510 0.960712 0.050578
7268978.820779 -10.970937 -4.751801 0.907362 -0.265198 0.020431 0.945666 0.186999
7268979.120805 -11.046016 -4.670788 0.873737 -0.260658 0.018095 0.907269 0.329535
7268979.420766 -11.084482 -4.541152 0.868010 -0.238633 0.004557 0.858185 0.454480
7268980.620924 -11.278498 -4.073196 0.822981 -0.227408 0.007429 0.818114 0.528128
7268981.121330 -11.296437 -3.879378 0.799147 -0.203645 0.011475 0.750750 0.628308
7268981.420764 -11.268966 -3.754551 0.810088 -0.183356 0.003171 0.672423 0.717090
7268982.621266 -11.151320 -3.267493 0.839373 -0.159398 -0.003463 0.604719 0.780317
7268983.221240 -11.138255 -3.062062 0.841331 -0.182695 -0.000913 0.679387 0.710672
7268984.521205 -11.129559 -2.540200 0.833678 -0.173580 0.004991 0.658053 0.732674
7268992.521110 -11.074034 -2.015383 0.835729 -0.179777 -0.003503 0.656068 0.732968
7268993.821022 -11.038318 -1.475118 0.833580 -0.187041 -0.002230 0.664013 0.723946
7268995.020881 -11.038331 -0.957349 0.822303 -0.185655 0.010088 0.689751 0.699767
7268996.221043 -11.060875 -0.417224 0.810453 -0.188079 0.002679 0.681377 0.707350
7268997.420909 -11.049892 0.098927 0.801639 -0.192505 -0.003561 0.679950 0.707529
7268998.620850 -11.079046 0.609226 0.780647 -0.187112 0.009520 0.685495 0.703559
7268999.821866 -11.017477 1.124065 0.790273 -0.184365 -0.000881 0.649236 0.737903
7269001.120567 -10.936274 1.659271 0.803560 -0.179481 -0.006684 0.606229 0.774744
7269002.421771 -10.832627 2.190717 0.833864 -0.170557 -0.003021 0.611580 0.772574
7269003.619948 -10.741013 2.704144 0.861592 -0.162803 -0.004720 0.614076 0.772259
7269004.821843 -10.653930 3.221388 0.886138 -0.171005 -0.002534 0.619891 0.765824
7269005.820782 -10.507082 3.585772 0.922381 -0.142273 0.002608 0.536830 0.831604
7269006.120787 -10.431437 3.675287 0.954202 -0.114916 -0.016267 0.449242 0.885839
7269006.420861 -10.317356 3.762872 0.995266 -0.076797 -0.007600 0.339953 0.937271
7269007.120770 -10.055251 3.872741 1.069183 -0.047039 -0.014790 0.223086 0.973551
7269008.321722 -9.547225 4.010816 1.185566 -0.027147 -0.018310 0.109071 0.993494
7269008.921681 -9.302245 3.985550 1.283137 0.016668 -0.021126 -0.000283 0.999638
7269009.621641 -9.006108 3.894259 1.380234 0.045073 -0.023098 -0.100497 0.993647
7269010.921653 -8.500530 3.809473 1.528326 0.013203 -0.021397 -0.025636 0.999355
7269012.021728 -8.054549 3.682784 1.669639 0.048179 -0.025765 -0.126549 0.990455
7269013.321696 -7.549570 3.602467 1.816544 0.019543 -0.026665 -0.035062 0.998838
7269014.521616 -7.055231 3.558210 1.965908 0.032090 -0.016645 -0.063715 0.997313
7269015.721519 -6.568595 3.460535 2.121505 0.018516 -0.020966 -0.043596 0.998658
7269016.921561 -6.062658 3.431671 2.259522 0.009566 -0.021688 -0.018689 0.999544
7269018.121490 -5.569393 3.436883 2.408471 0.008155 -0.017698 -0.012536 0.999732
7269019.321446 -5.071665 3.392855 2.563929 0.020239 -0.016019 -0.044512 0.998675
7269020.521487 -4.565648 3.315111 2.710370 0.024950 -0.023170 -0.069234 0.997019
7269021.721423 -4.064271 3.243303 2.865501 0.024827 -0.019650 -0.066168 0.997306
7269022.921455 -3.552133 3.163332 3.017727 0.024267 -0.018444 -0.059438 0.997767
7269024.121413 -3.064225 3.107704 3.159388 0.019001 -0.023735 -0.050809 0.998245
7269025.321384 -2.583355 3.054119 3.290023 0.011102 -0.018160 -0.047327 0.998653
7269026.521315 -2.080334 3.007086 3.449958 0.015323 -0.019986 -0.039959 0.998884
7269027.721223 -1.584453 2.959551 3.598526 0.010955 -0.023144 -0.030651 0.999202
7269028.921190 -1.092476 2.945092 3.757610 0.008281 -0.018890 -0.027670 0.999404
7269030.121201 -0.600291 2.905717 3.899973 0.010630 -0.017940 -0.016809 0.999641
7269031.320922 -0.098692 2.889475 4.049537 0.005922 -0.022678 -0.006599 0.999704
7269032.521248 0.396590 2.882162 4.191658 0.005464 -0.016517 -0.002082 0.999846
7269033.721160 0.902445 2.875795 4.333197 0.004804 -0.020600 -0.000302 0.999776
7269034.521170 1.207130 2.801095 4.424197 0.037514 -0.023058 -0.116188 0.992251
7269035.721139 1.677464 2.582367 4.561354 0.057226 -0.022880 -0.238170 0.969266
7269036.021167 1.766423 2.486301 4.588899 0.109468 -0.027607 -0.346227 0.931333
7269037.221114 2.024162 2.019375 4.682300 0.136377 -0.033004 -0.433791 0.890021
7269037.721131 2.104356 1.814456 4.717741 0.158358 -0.029881 -0.528824 0.833292
7269038.420956 2.130349 1.492574 4.727199 0.188430 -0.027314 -0.629679 0.753162
7269039.620954 2.109024 0.952273 4.753539 0.201613 -0.035507 -0.683304 0.700847
7269040.821078 2.070379 0.409040 4.727732 0.201115 -0.035278 -0.682757 0.701535
7269042.020997 2.070302 -0.105605 4.720510 0.194486 -0.030578 -0.679787 0.706491
7269043.120895 1.954997 -0.605377 4.712215 0.210854 -0.032335 -0.728766 0.650688
7269044.320864 1.931837 -1.134644 4.710154 0.194192 -0.033162 -0.686880 0.699561
7269045.420961 1.902091 -1.657784 4.765337 0.190013 -0.034834 -0.690817 0.696745
7269046.520996 1.873335 -2.188368 4.786936 0.189750 -0.039072 -0.688691 0.698694
7269047.620772 1.775024 -2.695651 4.769372 0.205610 -0.039780 -0.749119 0.628461
7269048.820973 1.688389 -3.204019 4.709660 0.210473 -0.034621 -0.721638 0.658590
7269049.120948 1.716433 -3.341442 4.726210 0.191952 -0.036004 -0.635507 0.746987
7269049.420953 1.778992 -3.455597 4.729071 0.145011 -0.033304 -0.521831 0.839973
7269049.620787 1.839813 -3.503540 4.750577 0.119579 -0.032707 -0.433603 0.892536
7269049.820828 1.928663 -3.516047 4.789994 0.090521 -0.031270 -0.322583 0.941684
7269050.020897 2.031550 -3.526309 4.808991 0.057457 -0.016608 -0.215294 0.974716
7269050.420802 2.196626 -3.536686 4.869184 0.029937 -0.009924 -0.098513 0.994636
7269051.220903 2.533261 -3.536274 4.959088 0.001005 -0.020412 0.013611 0.999698
7269052.420795 3.048663 -3.454655 5.107208 -0.019537 -0.007732 0.075013 0.996961
7269053.620533 3.536112 -3.403735 5.248294 -0.001529 -0.010934 -0.001748 0.999938
7269054.020844 3.722086 -3.465504 5.310169 0.046404 -0.014474 -0.131046 0.990184
7269055.320785 4.185500 -3.623985 5.438205 0.036659 -0.009198 -0.118511 0.992233
7269067.820777 3.839493 -3.507309 5.321344 -0.011586 -0.007293 -0.007993 0.999874
7269068.120801 3.805393 -3.459260 5.309968 -0.042798 -0.002103 0.128512 0.990782
7269068.320725 3.771935 -3.432685 5.307170 -0.071556 0.002058 0.235254 0.969294
7269068.620826 3.733371 -3.428562 5.291945 -0.108040 -0.002409 0.348120 0.931200
7269069.821330 3.810735 -3.300898 5.325012 -0.115578 -0.000530 0.440755 0.890155
7269070.921225 3.880314 -3.089405 5.335896 -0.154585 0.002047 0.528186 0.834936
7269071.620757 3.854228 -3.096449 5.327266 -0.179915 0.002359 0.610432 0.771361
7269077.820902 3.938059 -2.579571 5.355035 -0.168562 0.003011 0.622191 0.764497
7269078.921107 4.046858 -2.157348 5.375820 -0.143241 0.001558 0.542166 0.827971
7269080.221004 4.288912 -1.703571 5.430555 -0.136291 -0.000958 0.507012 0.851095
7269080.920878 4.428443 -1.498379 5.465674 -0.083817 0.002491 0.391450 0.916371
7269081.221069 4.540643 -1.473863 5.527058 -0.059370 -0.023260 0.279850 0.957924
7269081.922269 4.811954 -1.385203 5.576033 -0.036502 -0.013501 0.160988 0.986189
7269082.221087 4.959197 -1.391556 5.621691 0.000797 -0.010399 0.059371 0.998181
7269083.522213 5.473344 -1.456159 5.771231 0.024531 -0.015400 -0.016606 0.999442
7269084.822260 5.992774 -1.403705 5.919032 -0.005314 -0.019286 0.051990 0.998447
7269086.121033 6.506517 -1.425583 6.077633 0.015260 -0.012421 -0.027515 0.999428
7269087.320917 6.989943 -1.461500 6.216908 0.014724 -0.018509 -0.026367 0.999373
7269088.520912 7.489057 -1.470579 6.344051 0.011929 -0.008964 -0.019314 0.999702
7269089.720863 7.987731 -1.488046 6.521813 0.009647 -0.011684 -0.012177 0.999811
7269091.022097 8.505590 -1.563745 6.635675 0.041813 -0.013820 -0.079779 0.995839
7269092.222034 8.984423 -1.659005 6.796357 0.024000 -0.014762 -0.029741 0.999160
7269093.520772 9.507340 -1.636019 6.919068 0.000659 -0.007769 -0.001474 0.999969
7269094.820892 9.527933 -1.598157 6.912191 -0.037914 -0.011531 0.103575 0.993832
7269096.020871 9.769506 -1.481433 6.996613 -0.054502 -0.017011 0.236515 0.969949
7269096.320921 9.842740 -1.376822 7.012031 -0.096704 -0.008149 0.367961 0.924763
7269096.621993 9.883322 -1.273190 7.017284 -0.120932 -0.004693 0.462309 0.878421
7269097.620879 10.007810 -0.869751 7.053988 -0.150684 0.004146 0.552936 0.819475
7269098.921989 10.082132 -0.342683 7.054626 -0.162231 0.002536 0.614013 0.772439
7269100.121993 10.173038 0.159097 7.084905 -0.164874 0.007373 0.623226 0.764429
7269101.421756 10.193411 0.686318 7.068606 -0.194263 0.011920 0.683912 0.703125
7269108.321602 10.209666 1.214406 7.074450 -0.173898 0.005159 0.663802 0.727392
7269108.921482 10.184090 1.427854 7.066243 -0.196303 0.012360 0.738496 0.644931
7269109.221761 10.101990 1.530461 7.017292 -0.224270 0.012838 0.820407 0.525804
7269109.521776 10.016300 1.594071 6.949543 -0.239989 0.023300 0.876546 0.416568
7269110.121709 9.914961 1.651289 6.950467 -0.255449 0.012148 0.913771 0.315627
7269111.220316 9.916188 1.629573 6.946449 -0.259325 0.016878 0.943008 0.207852
7269111.521756 9.920400 1.592342 6.952385 -0.262294 0.017913 0.960074 0.095599
7269113.321562 9.588243 1.583080 6.869402 0.265901 -0.020305 -0.963743 0.009134
7269114.519887 9.063521 1.621089 6.738020 -0.268684 0.021156 0.961760 0.048776
7269115.721568 8.570950 1.647814 6.592196 -0.261616 0.025372 0.963655 0.047772
7269116.921537 8.074484 1.700260 6.449144 -0.267716 0.011343 0.962740 0.036489
7269118.121526 7.582025 1.730111 6.313667 -0.263168 0.018460 0.964121 0.029539
7269119.321525 7.075406 1.732187 6.166867 -0.260900 0.026046 0.964812 0.019757
7269120.521426 6.564322 1.757068 6.042460 -0.257449 0.018774 0.966059 0.009883
7269121.721367 6.083920 1.737283 5.892395 0.265082 -0.022812 -0.963944 -0.004902
7269122.921340 5.582129 1.823475 5.763762 -0.260751 0.022825 0.961805 0.080117
7269124.021447 5.148560 1.821655 5.626543 0.260863 -0.022652 -0.963084 0.062507
7269124.321412 5.059626 1.762451 5.594641 0.258191 -0.026480 -0.945433 0.196958
7269124.521505 5.027451 1.686288 5.599504 0.237828 -0.023460 -0.920847 0.308103
7269124.721457 4.986613 1.587460 5.586058 0.235713 -0.016725 -0.874442 0.423688
7269125.021404 4.952365 1.474422 5.554481 0.238529 -0.025242 -0.824718 0.512159
7269126.221370 4.806230 0.962294 5.550550 0.212484 -0.015951 -0.769518 0.602028
7269127.421449 4.714322 0.438261 5.523227 0.209725 -0.027463 -0.749753 0.627002
7269128.621304 4.610490 -0.085253 5.508753 0.207574 -0.017823 -0.743237 0.635763
7269129.821325 4.530991 -0.612988 5.492061 0.206625 -0.020884 -0.740289 0.639408
7269131.020894 4.421535 -1.115135 5.474750 0.211895 -0.026006 -0.759228 0.614815
7269132.221300 4.282701 -1.626060 5.436234 0.216247 -0.017152 -0.776172 0.592031
7269133.421262 4.179387 -2.153484 5.435814 0.198130 -0.020261 -0.727214 0.656882
7269134.521195 4.059526 -2.651541 5.406882 0.225019 -0.029468 -0.795892 0.561297
7269135.821170 3.890913 -3.162587 5.353090 0.216152 -0.028912 -0.759721 0.612590
7269136.221054 3.910644 -3.330012 5.386233 0.190817 -0.029790 -0.686562 0.700952
7269136.521083 3.958859 -3.447496 5.377236 0.156894 -0.026952 -0.587622 0.793321
7269136.921020 4.046235 -3.573430 5.424137 0.147187 -0.023917 -0.501563 0.852173
7269138.021075 4.337219 -3.967011 5.504200 0.120019 -0.018927 -0.399625 0.908591
7269138.321190 4.450006 -3.989949 5.544212 0.074232 -0.029995 -0.273463 0.958545
7269138.621074 4.572330 -4.018554 5.573393 0.042625 -0.018098 -0.156537 0.986586
7269139.920995 5.067183 -4.130194 5.728603 0.037625 -0.010437 -0.133816 0.990237
7269141.020955 5.406620 -4.151525 5.809062 0.010627 -0.009181 -0.032518 0.999372
7269179.420564 5.914356 -4.085557 5.963707 0.003512 -0.014770 -0.006140 0.999866
7269180.820997 6.430519 -4.081399 6.108057 0.003195 -0.020630 0.001192 0.999781
7269182.120947 6.919777 -4.054420 6.245627 -0.001846 -0.012235 0.002986 0.999919
7269183.420956 7.431969 -4.053465 6.386127 0.018622 -0.014352 -0.059267 0.997965
7269184.620981 7.909655 -4.141273 6.560532 0.026660 -0.017410 -0.092145 0.995236
7269185.820861 8.409318 -4.225146 6.656396 0.016888 -0.016954 -0.078417 0.996633
7269186.920753 8.879230 -4.330659 6.793071 0.045892 -0.018162 -0.160506 0.985800
7269187.220894 8.977701 -4.426972 6.833505 0.070493 -0.024192 -0.265727 0.961163
7269187.520770 9.071645 -4.537817 6.861567 0.105809 -0.023234 -0.373874 0.921131
7269188.220870 9.207382 -4.815617 6.900146 0.132324 -0.024983 -0.484073 0.864604
7269195.520775 9.323649 -5.098657 6.948985 0.098972 -0.016009 -0.364254 0.925887
7269195.821461 9.317054 -5.053208 6.937449 0.044500 -0.015429 -0.227262 0.972694
7269196.121484 9.296346 -5.002875 6.936735 0.018742 -0.017185 -0.117019 0.992804
7269197.220835 9.554135 -4.995203 7.010857 -0.012303 -0.010317 -0.014642 0.999764
7269198.521414 10.071211 -4.936976 7.182042 -0.008428 -0.004635 -0.002227 0.999951
7269199.820773 10.559775 -4.810050 7.296497 -0.024543 -0.015024 0.088655 0.995647
7269201.020891 11.081244 -4.763812 7.450265 -0.004322 -0.008047 0.015816 0.999833
7269201.620885 11.307220 -4.700100 7.525499 -0.037522 -0.007519 0.117710 0.992310
7269202.220768 11.502405 -4.548523 7.549845 -0.068427 0.000747 0.240388 0.968262
7269203.021362 11.748559 -4.319275 7.610653 -0.100100 -0.004176 0.343352 0.933848
7269203.421334 11.815898 -4.161211 7.629992 -0.114222 -0.004834 0.445456 0.887975
7269204.320936 11.972734 -3.776898 7.660858 -0.149715 0.009765 0.533510 0.832380
7269204.820792 12.016029 -3.574485 7.666233 -0.163422 0.005282 0.616569 0.770135
7269206.021386 12.010821 -3.043602 7.641132 -0.187876 0.017120 0.677970 0.710469
7269207.221398 12.020987 -2.539661 7.620173 -0.180641 0.009846 0.633726 0.752106
7269208.421250 12.114229 -2.015187 7.630521 -0.169341 0.007747 0.623560 0.763175
7269209.621365 12.176117 -1.489578 7.646229 -0.190108 0.016222 0.671703 0.715829
7269210.821176 12.133232 -0.977046 7.602201 -0.188658 0.012907 0.667136 0.720535
7269212.021252 12.194921 -0.443884 7.605741 -0.172245 0.007459 0.639130 0.749526
7269213.221250 12.255444 0.082266 7.601752 -0.179722 0.015667 0.644165 0.743307
7269214.420456 12.288321 0.594172 7.591296 -0.183247 0.008051 0.647381 0.739766
7269215.621182 12.345803 1.112457 7.564762 -0.181137 0.008255 0.654728 0.733793
7269216.821173 12.454208 1.620302 7.591998 -0.164668 0.001860 0.560676 0.811495
7269217.121134 12.536755 1.733511 7.600752 -0.123068 0.001123 0.455329 0.881776
7269217.420268 12.659933 1.795281 7.642327 -0.081005 -0.008568 0.325148 0.942148
7269217.620979 12.770529 1.813441 7.680367 -0.054303 -0.002286 0.228760 0.971964
7269218.521014 13.157580 1.893964 7.773660 -0.033089 -0.009504 0.128819 0.991070
7269219.720621 13.676616 1.973045 7.929862 -0.000627 -0.017257 0.019689 0.999657
7269220.921080 14.173613 1.892495 8.075978 0.019941 -0.012107 -0.062045 0.997801
7269222.120997 14.672236 1.808735 8.214778 0.020838 -0.017212 -0.067311 0.997366
7269223.320887 15.161897 1.718582 8.360662 0.023615 -0.015411 -0.067866 0.997296
7269223.720927 15.292302 1.666804 8.386358 0.054170 -0.010562 -0.190171 0.980199
7269224.020964 15.374801 1.536229 8.366865 0.076432 -0.018308 -0.322954 0.943146
7269224.420914 15.468866 1.371133 8.387877 0.115722 -0.012813 -0.419106 0.900441
7269225.620967 15.704113 0.923011 8.510981 0.125634 -0.025065 -0.467009 0.874923
7269226.320864 15.821587 0.630128 8.546976 0.154554 -0.028509 -0.552451 0.818595
7269226.620870 15.833612 0.514041 8.511923 0.178427 -0.030558 -0.639266 0.747375
7269227.820909 15.781461 0.012901 8.558084 0.177945 -0.029041 -0.651648 0.736782
7269229.020872 15.829233 -0.513680 8.590077 0.167329 -0.033702 -0.647559 0.742652
7269229.920867 15.770289 -0.899110 8.601579 0.194971 -0.036468 -0.717648 0.667561
7269231.120809 15.707298 -1.431051 8.595856 0.189263 -0.031870 -0.720166 0.666727
7269232.420865 15.619142 -1.964448 8.593628 0.199466 -0.029076 -0.763633 0.613378
7269233.620772 15.528767 -2.487481 8.592709 0.186122 -0.029726 -0.714412 0.673862
7269234.820645 15.397870 -3.011530 8.560227 0.199201 -0.034063 -0.764192 0.612511
7269236.121622 15.246427 -3.536021 8.545186 0.201776 -0.027078 -0.762388 0.614262
7269237.321606 15.139953 -4.032094 8.541221 0.191421 -0.032236 -0.759444 0.620938
7269237.820751 15.010431 -4.259336 8.530229 0.219428 -0.043069 -0.820356 0.526320
7269238.120833 14.930020 -4.355660 8.478959 0.238200 -0.038133 -0.868914 0.432198
7269239.320845 14.732777 -4.483184 8.438078 0.242807 -0.036393 -0.912557 0.327047
7269239.620786 14.690702 -4.468637 8.427814 0.258244 -0.039435 -0.943877 0.202118
7269240.320815 14.518093 -4.438362 8.383935 0.261391 -0.040470 -0.959679 0.095152
7269241.621137 14.020576 -4.518719 8.254226 0.253844 -0.036743 -0.963218 0.080150
7269242.321361 13.704815 -4.515239 8.170601 -0.259530 0.042736 0.964356 0.028886
7269243.520820 13.217173 -4.464673 8.019190 -0.260918 0.028531 0.964716 0.020758
7269244.720778 12.709123 -4.551322 7.897643 0.261679 -0.027574 -0.962783 0.061746
7269245.921282 12.229030 -4.643154 7.765039 0.253144 -0.032593 -0.956667 0.140159
7269247.121330 11.741776 -4.773539 7.624594 0.260496 -0.023593 -0.961083 0.088904
7269248.220765 11.265982 -4.865807 7.492378 0.265474 -0.042824 -0.959365 0.085494
7269249.421335 10.752395 -4.953702 7.346703 0.261514 -0.031502 -0.960449 0.090309
7269250.621270 10.260415 -5.090430 7.217495 0.258783 -0.033432 -0.960447 0.097242
7269251.821382 9.751399 -5.207805 7.103617 0.258732 -0.037119 -0.960178 0.098682
7269255.921191 9.452388 -5.326012 6.996375 0.253724 -0.029112 -0.940753 0.223069
7269256.221132 9.499497 -5.373085 7.011289 0.236928 -0.018440 -0.898025 0.370238
7269256.421244 9.533337 -5.392116 7.006359 0.222287 -0.014321 -0.853912 0.470338
7269256.820832 9.564823 -5.411510 7.025977 0.208339 -0.022958 -0.800823 0.561026
7269262.921040 9.469451 -5.917238 7.013618 0.199046 -0.020582 -0.758598 0.620069
7269264.220907 9.372059 -6.424048 7.006214 0.199699 -0.024656 -0.751758 0.627991
7269265.521035 9.303469 -6.931334 7.030126 0.182183 -0.022622 -0.699967 0.690177
7269266.820844 9.241855 -7.452310 7.016376 0.191827 -0.034683 -0.730961 0.653984
7269268.020967 9.178246 -7.972997 7.004519 0.196211 -0.029937 -0.721411 0.663454
7269269.320957 9.138547 -8.502246 7.014215 0.192286 -0.028397 -0.714464 0.672132
7269270.620666 9.100478 -9.050867 7.024672 0.188551 -0.025581 -0.710431 0.677556
7269271.820861 9.064351 -9.572791 7.026122 0.193155 -0.032029 -0.706764 0.679816
7269273.020793 9.028358 -10.085688 7.023483 0.185601 -0.030750 -0.700498 0.688411
7269274.220871 9.029028 -10.606142 7.057431 0.183554 -0.017771 -0.700161 0.689758
7269275.420946 9.000525 -11.135516 7.058995 0.184546 -0.026025 -0.697855 0.691566
7269276.620768 8.998191 -11.663748 7.070385 0.180522 -0.033292 -0.689784 0.700358
7269277.820950 8.902471 -12.175188 7.065876 0.199850 -0.025712 -0.751881 0.627753
7269279.020918 8.790421 -12.696127 7.051365 0.199936 -0.033319 -0.750620 0.628876
7269280.020915 8.652314 -13.097882 7.029106 0.224532 -0.025208 -0.820413 0.525235
7269280.320846 8.524972 -13.194499 6.994901 0.244586 -0.039108 -0.885008 0.394219
7269280.520881 8.448825 -13.234833 6.955695 0.254241 -0.040137 -0.921673 0.290293
7269280.721656 8.357750 -13.247510 6.929784 0.267625 -0.033963 -0.945176 0.184027
7269280.920877 8.263023 -13.209651 6.908820 0.246443 -0.049500 -0.965489 0.068164
7269281.220861 8.111737 -13.168416 6.856308 -0.267298 0.042350 0.961687 0.043783
7269282.421597 7.596474 -13.137563 6.716829 0.266150 -0.036592 -0.963212 -0.006862
7269283.621632 7.095877 -13.135469 6.581825 0.264664 -0.033286 -0.963763 0.002356
7269284.820798 6.583645 -13.124011 6.436431 0.258917 -0.033609 -0.965315 0.000578
7269285.321644 6.391231 -13.147000 6.372540 0.270486 -0.035265 -0.955654 0.110991
7269285.620889 6.315130 -13.247933 6.341965 0.240673 -0.031512 -0.936533 0.252959
7269285.821498 6.251770 -13.331297 6.317859 0.245006 -0.038752 -0.900354 0.357538
7269286.121438 6.202393 -13.438384 6.310025 0.229318 -0.036831 -0.837648 0.494371
7269286.321511 6.212760 -13.528100 6.329796 0.192394 -0.032701 -0.780604 0.593778
7269286.521548 6.234145 -13.636061 6.338540 0.189330 -0.022886 -0.710614 0.677243
7269287.121515 6.298315 -13.898900 6.364445 0.172126 -0.021884 -0.635733 0.752155
7269288.221432 6.300663 -14.418307 6.397356 0.189849 -0.031914 -0.674298 0.712924
7269288.921413 6.352550 -14.706839 6.398199 0.169500 -0.028312 -0.572280 0.801850
7269289.120863 6.418933 -14.762406 6.429130 0.127011 -0.030312 -0.491766 0.860881
7269289.320812 6.509015 -14.817295 6.457555 0.101882 -0.017583 -0.387868 0.915898
7269289.521369 6.593209 -14.851231 6.465770 0.073758 -0.017432 -0.287045 0.954914
7269289.721485 6.675701 -14.867150 6.497412 0.056457 -0.012269 -0.182768 0.981457
7269289.921435 6.768637 -14.853323 6.529552 0.022148 -0.019338 -0.077367 0.996569
7269291.021334 7.271059 -14.886301 6.675773 0.008919 -0.011186 -0.043161 0.998966
7269292.221465 7.772862 -14.967093 6.825946 0.004939 -0.006827 -0.050563 0.998685
7269293.421367 8.281440 -15.037560 6.972133 0.025529 -0.012120 -0.085289 0.995955
7269294.520433 8.759473 -15.117070 7.107837 0.019464 -0.011239 -0.080228 0.996523
7269295.721284 9.255234 -15.196593 7.248247 0.031659 -0.015067 -0.073625 0.996669
7269296.921337 9.753805 -15.269876 7.392353 0.023867 -0.011342 -0.066897 0.997410
7269298.121237 10.235737 -15.319392 7.532879 0.014922 -0.010545 -0.059550 0.998058
7269299.321164 10.720220 -15.374207 7.668139 0.020905 -0.017876 -0.056409 0.998029
7269300.521173 11.222425 -15.443370 7.803980 0.022224 -0.012037 -0.045046 0.998665
7269301.721266 11.725753 -15.472219 7.942142 0.012393 -0.009205 -0.039377 0.999105
7269302.821210 12.206793 -15.514127 8.073694 0.011447 -0.010620 -0.039524 0.999097
7269304.021166 12.709701 -15.547265 8.206348 0.013202 -0.015307 -0.022316 0.999547
7269305.221135 13.229373 -15.562740 8.351060 0.003225 -0.008416 -0.022442 0.999708
7269305.721185 13.440819 -15.612131 8.407407 0.040103 -0.010943 -0.126559 0.991088
7269306.021089 13.541006 -15.695020 8.450025 0.069565 -0.012847 -0.236464 0.969062
7269306.921154 13.823040 -15.972994 8.534855 0.089537 -0.019794 -0.340309 0.935832
7269307.821295 14.045113 -16.298843 8.580568 0.127038 -0.021622 -0.436352 0.890500
7269308.521000 14.126985 -16.588966 8.629793 0.162114 -0.025472 -0.539062 0.826125
7269308.821130 14.136850 -16.734495 8.631544 0.189866 -0.021371 -0.630570 0.752247
7269309.121020 14.078502 -16.885561 8.622789 0.209067 -0.031234 -0.722294 0.658488
7269310.320935 13.985048 -17.408859 8.608423 0.200439 -0.029068 -0.709487 0.674987
7269311.420907 13.925543 -17.907515 8.592345 0.201450 -0.026135 -0.709718 0.674563
7269312.621044 13.871191 -18.444941 8.586861 0.193762 -0.030241 -0.705400 0.681141
7269313.821059 13.847052 -18.960835 8.584649 0.199916 -0.026001 -0.702716 0.682311
7269315.020854 13.792203 -19.496592 8.584868 0.194801 -0.023809 -0.702372 0.684222
7269316.120826 13.770024 -19.998222 8.585272 0.193478 -0.021029 -0.696186 0.690977
7269317.320934 13.747253 -20.528961 8.588914 0.186708 -0.027482 -0.695995 0.692803
7269318.520908 13.726063 -21.069756 8.597903 0.191468 -0.020437 -0.689439 0.698281
7269319.720864 13.736201 -21.586849 8.605440 0.186230 -0.020775 -0.683140 0.705837
7269320.920979 13.742067 -22.112028 8.614493 0.181138 -0.026186 -0.681592 0.708474
7269322.020866 13.737631 -22.613878 8.618901 0.178729 -0.028545 -0.672676 0.717459
7269323.220789 13.757553 -23.137047 8.630184 0.193355 -0.020182 -0.700000 0.687173
7269324.420584 13.700191 -23.668770 8.634407 0.194001 -0.024464 -0.713308 0.673021
7269325.620891 13.649724 -24.200403 8.618102 0.188147 -0.022514 -0.704720 0.683713
7269326.820814 13.627399 -24.722820 8.630903 0.188653 -0.017612 -0.701957 0.686554
7269328.020809 13.585568 -25.248249 8.627256 0.191887 -0.021780 -0.711901 0.675205
7269329.220936 13.511156 -25.754295 8.601559 0.197650 -0.023863 -0.738597 0.644080
7269330.420841 13.479304 -26.271719 8.609677 0.184688 -0.017754 -0.698277 0.691364
7269331.520344 13.479351 -26.775818 8.603570 0.189213 -0.021125 -0.687276 0.701002
7269332.720903 13.395132 -27.288843 8.592291 0.199968 -0.019020 -0.735261 0.647335
7269333.920767 13.390727 -27.806707 8.601076 0.177662 -0.027215 -0.684321 0.706683
7269335.121404 13.323708 -28.352777 8.599555 0.193281 -0.018768 -0.711789 0.675016
7269336.320800 13.303139 -28.887985 8.591371 0.190103 -0.013930 -0.704389 0.683742
7269337.521389 13.274690 -29.423153 8.591730 0.185088 -0.022187 -0.705771 0.683475
7269338.721367 13.250878 -29.966875 8.583695 0.191626 -0.016818 -0.694552 0.693249
7269339.921286 13.258846 -30.472013 8.595149 0.184150 -0.010115 -0.689518 0.700394
7269341.121273 13.189240 -30.981577 8.582285 0.195336 -0.021519 -0.736251 0.647546
7269342.321312 13.105758 -31.522621 8.570507 0.199325 -0.020959 -0.731172 0.652087
7269343.521175 13.056285 -32.044445 8.563941 0.196311 -0.017610 -0.721175 0.664122
7269346.421248 13.033820 -32.548759 8.560934 0.194418 -0.019295 -0.710610 0.675916
7269347.721113 13.011095 -33.066975 8.525289 0.192045 -0.022802 -0.703083 0.684305
7270380.820856 0.049678 0.028309 0.019222 -0.011702 0.003959 0.011653 0.999856
7270400.420627 0.528697 0.039752 0.178952 0.008565 -0.007426 0.008929 0.999896
7270400.720843 0.612163 -0.004551 0.196609 0.038036 -0.007995 -0.093570 0.994854
7270401.020777 0.707693 -0.086989 0.228876 0.053035 -0.018011 -0.203443 0.977483
7270432.021113 1.143950 -0.334736 0.362889 0.067452 -0.019698 -0.254730 0.964456
7270432.721129 1.351717 -0.391173 0.426129 0.039244 -0.012982 -0.152002 0.987515
7270433.621146 1.576406 -0.405584 0.494455 0.000215 -0.003511 -0.044012 0.999025
7270436.921080 1.701163 -0.467371 0.533984 0.041770 -0.013892 -0.149592 0.987767
7270437.121099 1.707224 -0.522309 0.529221 0.076826 -0.016756 -0.251966 0.964536
7270437.320936 1.730951 -0.578819 0.518107 0.110328 -0.021278 -0.354739 0.928189
7270437.521107 1.739044 -0.647771 0.539155 0.131824 -0.015424 -0.457852 0.879065
7270437.721030 1.728711 -0.736589 0.545848 0.146425 -0.020537 -0.560418 0.814905
7270437.920969 1.714642 -0.822849 0.538945 0.190389 -0.028536 -0.648944 0.736077
7270438.121023 1.681467 -0.893176 0.523109 0.211256 -0.025169 -0.729930 0.649569
7270438.320941 1.610404 -0.943061 0.523959 0.219697 -0.037249 -0.806468 0.547681
7270438.520967 1.522616 -0.989338 0.506865 0.242407 -0.044350 -0.863041 0.440944
7270438.721123 1.448819 -1.010126 0.465672 0.264556 -0.041722 -0.906621 0.326049
7270438.921105 1.366671 -1.022684 0.440535 0.276769 -0.033542 -0.937080 0.210129
7270439.120952 1.271673 -1.007741 0.419550 0.266276 -0.042149 -0.958873 0.088785
7270439.320975 1.177684 -0.978732 0.397505 -0.267835 0.044827 0.961973 0.029385
7270439.620979 1.076661 -0.919505 0.358936 -0.267169 0.039623 0.952476 0.140858
7270440.920920 0.610119 -0.682092 0.229934 -0.253676 0.037213 0.952900 0.162003
7270442.220999 0.132347 -0.543929 0.086913 -0.259022 0.031971 0.957373 0.123782
7270443.520891 -0.361796 -0.443742 -0.051940 -0.256640 0.034265 0.962151 0.085013
7270444.820811 -0.855358 -0.358073 -0.204164 -0.256770 0.025628 0.963104 0.076446
7270446.120933 -1.350859 -0.277113 -0.346258 -0.259374 0.023984 0.962468 0.076198
7270447.520778 -1.857698 -0.192115 -0.493968 -0.257149 0.027811 0.959596 0.110795
7270448.820760 -2.341721 -0.123173 -0.621579 -0.251271 0.023504 0.966346 0.049852
7270450.219802 -2.806476 0.004098 -0.763602 -0.259332 0.026250 0.959095 0.110428
7270452.720798 -3.282418 0.088544 -0.893436 -0.258328 0.026371 0.960641 0.098688
7270454.120761 -3.781588 0.192996 -1.040605 -0.257819 0.020479 0.961892 0.088729
7270454.620764 -3.961398 0.155585 -1.093138 0.258458 -0.018628 -0.964653 0.047928
7270454.920844 -4.051407 0.102187 -1.129391 0.257985 -0.029199 -0.946869 0.189817
7270455.120945 -4.094934 0.025618 -1.126822 0.235817 -0.023482 -0.922270 0.305381
7270455.320941 -4.135209 -0.067879 -1.137909 0.231584 -0.015218 -0.877858 0.418931
7270455.620915 -4.169331 -0.188019 -1.162834 0.231198 -0.023125 -0.827198 0.511621
7270456.920570 -4.457897 -0.593924 -1.221141 0.236127 -0.015540 -0.866206 0.440102
7270457.920756 -4.744328 -0.884024 -1.304564 0.251121 -0.028116 -0.910821 0.326424
7270459.220751 -5.155389 -1.176999 -1.408616 0.249194 -0.027089 -0.921170 0.297681
7270466.821285 -5.536900 -1.226184 -1.523859 0.260015 -0.016716 -0.949623 0.174152
7270469.020829 -6.025803 -1.315154 -1.640500 0.258674 -0.031525 -0.956008 0.134694
7270470.220552 -6.520061 -1.470221 -1.776216 0.256251 -0.027117 -0.956380 0.137615
7270471.420827 -7.041214 -1.522043 -1.919252 0.250541 -0.029387 -0.966393 0.049494
7270472.520855 -7.525539 -1.561724 -2.055196 0.263423 -0.017506 -0.962672 0.059704
7270473.720722 -8.041865 -1.640438 -2.195870 0.260880 -0.022534 -0.962722 0.067818
7270474.821139 -8.524942 -1.702391 -2.309200 0.256541 -0.030695 -0.963270 0.073175
7270476.021164 -9.030420 -1.792396 -2.448500 0.254171 -0.027717 -0.963027 0.084895
7270476.621087 -9.301601 -1.899951 -2.506556 0.251105 -0.021769 -0.945533 0.206007
7270477.021169 -9.408657 -2.016766 -2.559171 0.237591 -0.027412 -0.917045 0.319104
7270477.321204 -9.448483 -2.104168 -2.547481 0.231446 -0.015757 -0.873041 0.428933
7270477.620392 -9.426292 -2.141267 -2.553910 0.223156 -0.015348 -0.818763 0.528766
7270478.121086 -9.374450 -2.154513 -2.545370 0.193427 -0.006562 -0.747246 0.635741
7270480.921128 -9.400998 -2.658219 -2.521593 0.185193 -0.011914 -0.686854 0.702704
7270483.620930 -9.614959 -2.611680 -2.602888 0.162768 -0.011349 -0.612365 0.773555
7270536.821129 -9.600273 -3.141357 -2.569254 0.167612 -0.021547 -0.643737 0.746354
7270538.121090 -9.650948 -3.665603 -2.545469 0.190902 -0.021587 -0.711382 0.676037
7270539.421023 -9.677000 -4.199793 -2.555420 0.190420 -0.020481 -0.709843 0.677823
7270540.521000 -9.723889 -4.709672 -2.564467 0.194478 -0.021096 -0.708110 0.678464
7270541.820909 -9.736686 -5.243919 -2.559367 0.186763 -0.024492 -0.702611 0.686191
7270542.420999 -9.810315 -5.483673 -2.555525 0.206250 -0.022742 -0.769284 0.604273
7270543.520904 -9.890722 -5.985808 -2.568220 0.192758 -0.021500 -0.717483 0.669029
7270544.719155 -9.929226 -6.500081 -2.564835 0.187210 -0.018611 -0.708756 0.679905
7270545.920916 -9.953288 -7.033764 -2.567934 0.189794 -0.023911 -0.703842 0.684115
7270547.120808 -9.959867 -7.577022 -2.556899 0.178897 -0.021994 -0.657202 0.731845
7270548.020847 -9.819834 -7.972379 -2.510551 0.138474 -0.023108 -0.565660 0.812601
7270548.720848 -9.653940 -8.247133 -2.454372 0.117941 -0.020158 -0.468970 0.875072
7270549.320933 -9.459016 -8.444655 -2.366667 0.095249 -0.011753 -0.360420 0.927840
7270549.720824 -9.283648 -8.529819 -2.348852 0.063697 -0.005738 -0.264082 0.962377
7270550.820804 -8.838941 -8.735503 -2.224975 0.061239 -0.010955 -0.217564 0.974061
7270551.420837 -8.594376 -8.812118 -2.156482 0.036218 -0.003527 -0.117972 0.992350
7270551.920938 -8.372144 -8.794307 -2.113942 -0.001870 -0.001194 -0.005519 0.999982
7270552.920904 -8.173207 -8.745860 -2.047184 -0.035196 0.004162 0.105522 0.993785
7270559.020819 -7.860961 -9.131565 -1.957479 -0.041548 0.001236 0.119796 0.991928
7270610.421402 -7.367121 -9.043515 -1.823541 -0.014014 -0.003746 0.091147 0.995732
7270611.921268 -6.857864 -9.007888 -1.687238 -0.027193 -0.001294 0.078325 0.996556
7270622.521128 -6.366013 -8.895547 -1.561262 -0.009535 -0.004596 -0.001553 0.999943
7270623.621100 -5.917922 -8.822252 -1.439978 -0.022754 0.004433 0.108391 0.993838
7270624.221141 -5.695691 -8.717523 -1.400717 -0.056183 0.004048 0.214088 0.975189
7270624.521043 -5.618937 -8.611518 -1.365523 -0.090670 -0.000580 0.336512 0.937304
7270624.820714 -5.553684 -8.505369 -1.369254 -0.120803 0.008499 0.439970 0.889809
7270625.221111 -5.540536 -8.365046 -1.361133 -0.141312 0.004788 0.533997 0.833580
7270626.420993 -5.407473 -7.856706 -1.340641 -0.158518 0.016737 0.579242 0.799419
7270627.621012 -5.290208 -7.338880 -1.304148 -0.160526 0.013732 0.589250 0.791724
7270628.720947 -5.155509 -6.837142 -1.289001 -0.156983 0.020945 0.598964 0.784958
7270629.920980 -5.036444 -6.312421 -1.281552 -0.161706 0.013912 0.609456 0.776029
7270631.120925 -4.933820 -5.776299 -1.273724 -0.155597 0.029323 0.615587 0.771999
7270632.320754 -4.840857 -5.244915 -1.260657 -0.161431 0.017024 0.621618 0.766317
7270633.420792 -4.777956 -4.742853 -1.246768 -0.169726 0.018071 0.628751 0.758643
7270634.520866 -4.766522 -4.239364 -1.263162 -0.178070 0.016896 0.678040 0.712929
7270635.720841 -4.741793 -3.716437 -1.273378 -0.168845 0.015256 0.648645 0.741969
7270637.621629 -4.716204 -3.185148 -1.263339 -0.164834 0.021894 0.652572 0.739257
7270638.820924 -4.665167 -2.676350 -1.288118 -0.170743 0.019389 0.657305 0.733772
7270640.020869 -4.670475 -2.167567 -1.264556 -0.177226 0.013934 0.666283 0.724199
7270641.320844 -4.672337 -1.628378 -1.282568 -0.181773 0.010866 0.669560 0.720090
7270642.520769 -4.667734 -1.104326 -1.272804 -0.178679 0.011464 0.675216 0.715560
7270643.220894 -4.609756 -0.804299 -1.263728 -0.155417 0.015891 0.590686 0.791633
7270654.920620 -4.435556 -0.396735 -1.225004 -0.137338 0.003079 0.509696 0.849317
7270656.320868 -4.125862 -0.080265 -1.145201 -0.116513 -0.002532 0.422689 0.898750
7270657.020843 -3.939219 -0.020691 -1.092347 -0.090255 -0.002567 0.325660 0.941166
7270657.620948 -3.773195 0.011055 -1.046484 -0.056779 -0.000392 0.218297 0.974229
7270659.021257 -3.277395 0.090642 -0.910233 -0.039805 0.001593 0.163994 0.985657
7270659.820946 -2.980341 0.149931 -0.826806 -0.013096 -0.002379 0.052569 0.998529
7270660.820507 -2.584137 0.109805 -0.719193 0.026970 -0.015545 -0.058194 0.997820
7270663.121083 -2.109993 0.016990 -0.574454 0.006226 -0.017482 -0.033066 0.999281
7270664.321061 -1.615987 -0.018025 -0.436202 0.011415 -0.003099 -0.024335 0.999634
7270665.522041 -1.119313 -0.031569 -0.293778 0.009820 -0.006352 -0.015323 0.999814
7270666.721006 -0.611919 -0.055420 -0.111681 0.004864 -0.010248 -0.007204 0.999910
7270667.921976 -0.088587 -0.049913 0.005730 0.001282 -0.006506 -0.005796 0.999961
7270669.121936 0.414360 -0.066028 0.169664 0.002929 -0.008879 -0.002511 0.999953
7270670.320871 0.925595 -0.050306 0.292062 -0.002480 -0.008383 0.014702 0.999854
7270671.521871 1.452557 -0.025704 0.439566 -0.001909 -0.003470 0.018011 0.999830
7270672.720809 1.969986 0.001936 0.589502 -0.003291 -0.003687 0.027892 0.999599
7270673.921911 2.479413 0.038887 0.725211 -0.006248 -0.006228 0.036475 0.999296
7270675.121868 2.974223 0.092897 0.871888 -0.000343 -0.007354 0.037562 0.999267
7270676.220819 3.471703 0.175397 0.991950 -0.033265 0.000959 0.106560 0.993749
7270677.420811 3.939542 0.269194 1.133955 0.002310 -0.003440 0.002000 0.999989
7270678.621854 4.444220 0.202008 1.286781 0.015059 -0.011855 -0.049813 0.998575
7270679.921745 4.949984 0.077726 1.431765 0.043735 -0.009766 -0.121309 0.991603
7270681.121298 5.437310 -0.047338 1.561507 0.031033 -0.009804 -0.109686 0.993433
7270682.121829 5.846454 -0.048839 1.680685 0.008656 -0.006920 -0.008520 0.999902
7270683.321791 6.335068 -0.057171 1.812153 -0.000567 -0.009021 0.000597 0.999959
7270684.521736 6.820606 -0.045843 1.941520 0.011763 -0.009025 0.004913 0.999878
7270685.721644 7.323822 -0.042262 2.086563 -0.000351 -0.007302 0.013498 0.999882
7270686.921667 7.832170 -0.013311 2.220561 -0.005763 -0.007316 0.019113 0.999774
7270688.121580 8.341130 0.014036 2.364486 0.009394 -0.002562 0.027931 0.999562
7270689.321492 8.844316 0.047046 2.506618 -0.003292 -0.006869 0.032067 0.999457
7270689.921547 9.082816 0.009184 2.570672 0.025819 -0.021900 -0.089685 0.995395
7270691.121543 9.567667 -0.193068 2.718218 0.045425 -0.011699 -0.169639 0.984389
7270692.321503 10.034322 -0.366410 2.854600 0.045976 -0.016266 -0.166311 0.984867
7270693.521507 10.529248 -0.520600 2.982804 0.044208 -0.013896 -0.157929 0.986363
7270694.721354 11.008213 -0.672963 3.127354 0.038764 -0.011632 -0.161265 0.986081
7270695.721445 11.348660 -0.903604 3.224993 0.074495 -0.014011 -0.265340 0.961171
7270696.921324 11.771920 -1.188527 3.347195 0.084270 -0.013990 -0.312448 0.946086
7270698.121350 12.149194 -1.528514 3.458759 0.098339 -0.019699 -0.329557 0.938794
7270698.521408 12.217658 -1.664579 3.477983 0.121469 -0.024450 -0.423073 0.897584
7270699.121453 12.227858 -1.743601 3.476006 0.141406 -0.019213 -0.513764 0.845980
7270700.821135 12.335650 -2.251717 3.525358 0.161389 -0.025223 -0.566349 0.807816
7270702.021266 12.413191 -2.784739 3.556747 0.171353 -0.023025 -0.615660 0.768811
7270705.421235 12.452137 -3.135172 3.565413 0.191879 -0.025726 -0.690374 0.697068
7270709.521163 12.457300 -3.667798 3.568715 0.197830 -0.016802 -0.691779 0.694279
7270739.920957 12.220903 -3.523117 3.480971 0.209005 -0.005121 -0.758118 0.617696
7270740.620870 12.132348 -3.446615 3.467705 0.220728 -0.026868 -0.818873 0.529155
7270742.220883 11.855138 -3.894408 3.390919 0.239962 -0.024354 -0.873077 0.423748
7270743.520991 11.538939 -4.313735 3.314667 0.231020 -0.031429 -0.843221 0.484376
7270744.321304 11.338580 -4.574283 3.257582 0.243941 -0.023375 -0.887974 0.389164
7270745.620878 10.951742 -4.930110 3.165527 0.233517 -0.028482 -0.880348 0.411880
7270746.320832 10.809548 -5.189379 3.128336 0.220823 -0.025004 -0.832642 0.507267
7270747.521279 10.613150 -5.659528 3.084126 0.223468 -0.017944 -0.809793 0.542195
7270748.721312 10.421964 -6.135970 3.030374 0.220412 -0.015130 -0.808123 0.546010
7270749.321208 10.369528 -6.414016 3.015287 0.206824 -0.018011 -0.746579 0.632075
7270750.520754 10.310382 -6.936769 3.035164 0.197386 -0.016949 -0.719412 0.665731
7270751.721155 10.268606 -7.465163 2.995316 0.189304 -0.011660 -0.713635 0.674354
7270752.821181 10.263134 -7.968916 2.999430 0.190330 -0.019134 -0.712658 0.674927
7270754.721136 9.966576 -8.387091 2.911923 0.183349 -0.003684 -0.706189 0.683862
7270756.020784 9.942203 -8.886971 2.910356 0.187361 -0.011550 -0.692367 0.696700
7270757.221108 9.945813 -9.409749 2.925644 0.182235 -0.019426 -0.692555 0.697697
7270758.421046 9.875183 -9.935149 2.913178 0.203881 -0.016933 -0.732333 0.649488
7270759.621019 9.815030 -10.466749 2.896601 0.200141 -0.014709 -0.728273 0.655245
7270760.820189 9.694290 -10.973885 2.861454 0.194247 -0.014192 -0.731092 0.653889
7270762.020914 9.576242 -11.506498 2.844353 0.201135 -0.015494 -0.713115 0.671395
7270762.820902 9.628033 -11.727428 2.835011 0.171917 -0.007776 -0.632559 0.755151
7270766.621931 9.770473 -12.231412 2.875161 0.158310 -0.004454 -0.644829 0.747739
7270767.820816 9.787575 -12.731040 2.888145 0.169147 -0.011739 -0.632575 0.755712
7270768.920866 9.662774 -13.250745 2.847121 0.184461 -0.008597 -0.698579 0.691294
7270770.120807 9.595901 -13.772513 2.848410 0.181381 -0.011906 -0.685015 0.705488
7270770.520855 9.634428 -13.945760 2.858263 0.159833 -0.019654 -0.577018 0.800698
7270770.720772 9.709825 -14.008213 2.879524 0.131423 -0.020261 -0.491247 0.860810
7270771.020781 9.839871 -14.101194 2.895779 0.102008 -0.003501 -0.383435 0.917911
7270772.221806 10.277716 -14.395350 3.036084 0.086139 -0.002668 -0.300988 0.949726
7270772.821733 10.513435 -14.504677 3.111096 0.058131 -0.010377 -0.200148 0.977985
7270773.421677 10.799756 -14.546726 3.170176 0.034577 0.001482 -0.100076 0.994378
7270774.520808 11.289011 -14.621470 3.301288 0.026323 0.002383 -0.072495 0.997018
7270775.621754 11.778084 -14.641428 3.450344 0.015797 -0.000695 -0.022717 0.999617
7270776.721718 12.283431 -14.599497 3.573792 -0.005198 0.002819 0.030249 0.999525
7270777.820846 12.776285 -14.648802 3.709839 0.020199 -0.003242 -0.045452 0.998757
7270778.921595 13.263910 -14.566758 3.836013 0.018032 0.007464 -0.031213 0.999322
7270780.121601 13.722316 -14.404474 3.954578 0.020428 0.003851 -0.028427 0.999380
7270781.820769 14.229798 -14.346238 4.093033 0.001171 0.014318 -0.011411 0.999832
7271002.220839 0.036163 0.014189 0.016657 -0.001319 0.000834 -0.021706 0.999763
7271012.420856 0.035041 -0.031795 0.034802 0.039218 -0.005911 -0.139432 0.989437
7271012.620898 0.002629 -0.063027 0.029470 0.064285 -0.014497 -0.245600 0.967129
7271012.820963 -0.032005 -0.094224 0.015011 0.111255 -0.021993 -0.368630 0.922632
7271013.020826 -0.067305 -0.108720 0.001631 0.140724 -0.024729 -0.497132 0.855830
7271013.220878 -0.117513 -0.102481 -0.009549 0.161092 -0.022155 -0.621372 0.766456
7271013.520907 -0.169767 -0.101115 -0.026075 0.194586 -0.030353 -0.715212 0.670587
7271015.920881 -0.424603 0.327276 -0.122356 0.218357 -0.017642 -0.767325 0.602679
7271018.920937 -0.796897 -0.079579 -0.180390 0.204209 -0.023854 -0.762722 0.613176
7271019.620903 -0.995696 -0.566771 -0.227517 0.212909 -0.008502 -0.761292 0.612398
7271020.320809 -1.154717 -1.070086 -0.249351 0.209043 -0.021108 -0.753788 0.622623
7271021.020777 -1.432613 -1.548946 -0.330533 0.206075 -0.018871 -0.750648 0.627459
7271021.720842 -1.614885 -2.013908 -0.364392 0.192179 -0.019535 -0.753819 0.628047
7271023.920958 -1.989920 -2.329969 -0.466316 0.199529 -0.011054 -0.739458 0.642859
7271026.220834 -2.218283 -2.802887 -0.512669 0.185299 -0.021441 -0.727531 0.660230
7271027.720828 -2.250561 -3.308160 -0.536810 0.181186 -0.013013 -0.714234 0.675923
7271028.621009 -2.293975 -3.860090 -0.527023 0.189009 -0.012161 -0.707723 0.680629
7271029.420965 -2.304678 -4.404274 -0.532856 0.196656 -0.016778 -0.695509 0.690878
7271032.020887 -2.337556 -4.908741 -0.508054 0.176611 -0.017949 -0.679247 0.712117
7271033.120782 -2.292465 -5.014565 -0.502712 0.148557 -0.012941 -0.596750 0.788450
7271033.820840 -2.274076 -4.992946 -0.504059 0.127642 -0.008174 -0.514656 0.847803
7271034.120778 -2.255955 -4.956778 -0.512958 0.094710 0.001132 -0.413018 0.905784
7271035.420933 -1.900210 -5.229866 -0.408325 0.090501 -0.006058 -0.312294 0.945645
7271035.820707 -1.882790 -5.207926 -0.400761 0.044563 0.003003 -0.210375 0.976600
7271036.320980 -1.867695 -5.183677 -0.397527 0.014602 -0.001065 -0.111707 0.993633
7271039.220853 -1.381371 -5.172352 -0.274535 0.013978 -0.002130 -0.055014 0.998385
7271042.520983 -0.859160 -5.235437 -0.141979 0.003406 0.008592 -0.036688 0.999284
7271043.220994 -0.365908 -5.264772 0.009792 0.009635 0.005027 -0.026631 0.999586
7271043.920913 0.143223 -5.284012 0.123154 0.001367 0.015502 -0.018212 0.999713
7271044.620990 0.651384 -5.282783 0.269376 0.003814 -0.004218 -0.013608 0.999891
7271045.320911 1.144002 -5.257337 0.385602 0.005633 0.000684 -0.005942 0.999966
7271047.621901 1.645582 -5.211780 0.520317 -0.006823 0.002138 0.009534 0.999929
7271053.921718 2.134585 -5.235747 0.639925 -0.007522 0.004061 0.033079 0.999416
7271057.320803 2.451447 -5.499417 0.748872 0.020359 -0.005904 -0.072582 0.997137
7271058.419647 2.923748 -5.656055 0.886209 0.031443 -0.002335 -0.085574 0.995833
7271059.221766 2.967041 -5.641389 0.880556 -0.017998 -0.006835 0.023558 0.999537
7271120.521301 3.094744 -5.584016 0.941276 -0.034611 -0.000147 0.126141 0.991408
7271121.320854 3.058178 -5.559136 0.904710 -0.073562 0.004787 0.250514 0.965302
7271121.620491 3.025543 -5.538174 0.890964 -0.110500 0.002977 0.367923 0.923263
7271122.320799 2.989990 -5.542424 0.883667 -0.129221 0.008167 0.476008 0.869857
7271122.721304 2.966236 -5.559234 0.867506 -0.159265 0.001247 0.574280 0.803017
7271123.221218 2.926801 -5.564655 0.862173 -0.193478 0.001468 0.654522 0.730866
7271123.421283 2.893574 -5.568933 0.855514 -0.202098 0.008819 0.733964 0.648364
7271123.720792 2.875200 -5.586485 0.847599 -0.215720 0.011227 0.798773 0.561516
7271128.321148 2.866560 -5.621710 0.853670 -0.229121 0.023444 0.852181 0.469831
7271128.921191 2.856658 -5.643322 0.879444 -0.242399 0.011057 0.906295 0.346049
7271129.420784 2.857885 -5.678509 0.850996 -0.249532 0.018688 0.936695 0.244924
7271131.720258 2.476990 -5.501968 0.755940 -0.257154 0.023420 0.955898 0.139938
7271132.721142 2.440589 -5.525774 0.742625 -0.249587 0.018509 0.967535 0.035203
7271134.622009 1.937094 -5.466653 0.569412 -0.247695 0.019462 0.958112 0.142444
7271136.420968 1.437105 -5.319927 0.468713 -0.250801 0.011851 0.959198 0.129989
7271137.220929 0.913955 -5.203118 0.329513 -0.256519 0.020299 0.962223 0.088958
7271137.921082 0.430708 -5.170599 0.203157 -0.256994 0.027218 0.965666 0.026492
7271138.620923 -0.093858 -5.207192 0.053162 0.260002 -0.022183 -0.965351 0.002253
7271139.320903 -0.628848 -5.255068 -0.062983 0.268056 -0.023806 -0.963079 0.007654
7271140.720906 -1.120471 -5.203930 -0.203312 -0.254340 0.037067 0.961093 0.101179
7271142.620960 -1.616313 -5.052906 -0.317703 -0.255944 0.013919 0.955504 0.145986
7271143.420889 -2.014659 -4.957862 -0.443604 -0.253055 0.033125 0.932922 0.254014
7271144.720961 -2.030998 -4.919566 -0.448486 -0.235802 0.011991 0.904879 0.354186
7271146.520793 -2.273218 -4.628518 -0.521181 -0.222512 0.015542 0.857978 0.462732
7271147.120857 -2.233870 -4.620149 -0.511365 -0.210634 0.017909 0.800886 0.560262
7271147.721744 -2.182685 -4.621129 -0.490482 -0.188186 0.011368 0.730365 0.656524
7271160.220814 -2.133670 -4.113089 -0.487999 -0.197420 0.011443 0.698945 0.687292
7271161.021540 -2.168600 -3.595683 -0.507836 -0.188126 0.024669 0.679896 0.708337
7271162.621510 -2.062906 -3.056878 -0.513365 -0.165680 0.016544 0.623355 0.764006
7271163.321563 -1.964791 -2.554679 -0.474263 -0.166186 0.017129 0.629962 0.758444
7271164.721403 -1.865674 -2.098670 -0.458756 -0.141493 0.000495 0.551599 0.822021
7271165.621409 -1.601155 -1.656229 -0.397080 -0.155305 0.004867 0.534655 0.830663
7271168.421329 -1.249674 -1.224620 -0.300569 -0.147649 0.007819 0.545929 0.824682
7271169.121312 -1.080307 -0.732436 -0.259353 -0.143530 0.005708 0.550303 0.822516
7271171.321330 -0.959853 -0.244970 -0.217579 -0.153694 0.009155 0.563876 0.811380
7271174.321367 -0.871404 -0.059907 -0.226443 -0.130544 0.011111 0.473824 0.870819
7271174.521226 -0.849520 -0.087856 -0.220613 -0.094342 -0.001635 0.376154 0.921740
7271174.721261 -0.827378 -0.127646 -0.218826 -0.060006 0.000747 0.249355 0.966551
7271174.921242 -0.826368 -0.168339 -0.206196 -0.037092 -0.008288 0.151100 0.987788
7271176.621158 -0.786820 -0.287652 -0.186504 -0.007684 -0.006207 0.048136 0.998792
7271177.321180 -0.366126 -0.316906 -0.070864 0.034890 -0.004476 -0.104158 0.993939
7271177.521096 -0.238766 -0.404565 -0.035638 0.074755 -0.013060 -0.218039 0.972985
7271177.821189 -0.079498 -0.560935 0.014451 0.108865 -0.003473 -0.320912 0.940825
7271179.821132 0.271707 -0.978057 0.133133 0.105885 -0.012846 -0.382417 0.917813
7271181.321112 0.491153 -1.196143 0.183949 0.055873 -0.009508 -0.264603 0.962690
7271182.721194 0.944571 -1.385338 0.339764 0.051031 -0.008369 -0.169263 0.984213
7271183.421167 1.405748 -1.557629 0.470262 0.041559 -0.009068 -0.167056 0.985029
7271184.121021 1.916649 -1.723653 0.619415 0.042462 0.002751 -0.149282 0.987879
7271184.721048 2.335933 -1.787648 0.757946 0.013809 0.000993 -0.045847 0.998853
7271185.420974 2.853192 -1.812534 0.870308 0.005159 -0.001022 -0.014141 0.999886
7271186.021082 3.282671 -1.887828 1.011191 0.027323 0.005894 -0.115081 0.992963
7271186.721080 3.754637 -2.071337 1.166538 0.047005 -0.009595 -0.160433 0.985880
7271187.421016 4.237653 -2.271458 1.288764 0.062295 -0.011591 -0.238822 0.968994
7271187.820919 4.439864 -2.472346 1.376987 0.102287 -0.018184 -0.345286 0.932729
7271188.121054 4.574872 -2.659004 1.426304 0.123392 -0.008239 -0.440718 0.889086
7271188.520938 4.700129 -2.961993 1.450716 0.146927 -0.021607 -0.537368 0.830169
7271189.220881 4.850811 -3.463694 1.505798 0.157575 -0.015718 -0.554118 0.817237
7271189.920836 4.999470 -3.960073 1.564610 0.152814 -0.029804 -0.545357 0.823617
7271191.120869 5.327916 -4.372737 1.667231 0.154480 -0.022928 -0.538918 0.827754
7271192.019797 5.729681 -4.677908 1.752487 0.162610 -0.005515 -0.535674 0.828602
7271193.020851 5.960722 -4.851390 1.807067 0.169007 -0.023601 -0.629214 0.758267
7271195.620757 5.980246 -5.405941 1.809842 0.174495 0.009765 -0.646634 0.742510
7271198.120763 5.952293 -5.670445 1.795854 0.187303 -0.015613 -0.726024 0.661485
7271199.520875 5.928912 -6.201856 1.760501 0.198441 -0.010395 -0.718001 0.667074
7271204.220464 6.031974 -6.457193 1.815010 0.170625 -0.005539 -0.640186 0.749012
7271757.320886 6.018324 -6.728044 1.820434 0.184751 -0.001152 -0.693277 0.696587
7271764.720929 6.004510 -7.230951 1.871317 0.125189 -0.067368 -0.694895 0.704919
7271766.721031 5.918133 -7.557024 2.113573 0.025193 -0.133042 -0.684544 0.716285
7271769.520900 5.921453 -8.002137 2.353047 0.075540 -0.140744 -0.702008 0.694024
7271772.020755 5.710968 -8.448385 2.562489 0.050294 -0.126679 -0.763083 0.631765
7271774.420765 5.553962 -8.882868 2.758517 0.086525 -0.164009 -0.730432 0.657331
7271776.920965 5.545435 -9.340320 3.001143 0.077080 -0.100160 -0.703989 0.698875
7271778.520832 5.422387 -9.751860 3.275688 0.055310 -0.148340 -0.692173 0.704153
7271780.718964 5.397281 -10.230161 3.452097 0.056538 -0.125358 -0.708344 0.692342
7271782.920826 5.257796 -10.682195 3.652283 0.084363 -0.126106 -0.716636 0.680744
7271784.420811 5.213481 -11.051226 3.711245 0.132953 -0.023030 -0.709057 0.692121
7271788.320813 5.163720 -11.137177 3.784887 0.204808 -0.014112 -0.769479 0.604778
7271789.621495 5.041215 -11.320260 3.744206 0.224702 -0.019650 -0.829308 0.511245
7271789.820797 4.999457 -11.302302 3.763535 0.230491 -0.024552 -0.878036 0.418717
7271790.219529 4.970519 -11.241234 3.770709 0.239203 -0.020721 -0.920453 0.308415
7271791.120776 4.991632 -11.181393 3.777806 0.238732 -0.023736 -0.948368 0.207465
7271791.420784 4.986889 -11.139349 3.778388 0.251963 -0.026366 -0.965191 0.065011
7271791.920949 4.960606 -11.114680 3.771205 -0.248948 0.024700 0.967351 0.040575
7271795.220772 4.477080 -11.131022 3.597478 -0.254080 0.010059 0.965923 0.048316
7271798.420960 4.019068 -11.322386 3.452814 -0.251396 0.014969 0.967300 0.030114
7271799.320903 3.969801 -11.309089 3.430586 -0.243019 0.023005 0.957622 0.152879
7271799.821232 3.971083 -11.286286 3.433441 -0.243965 0.015514 0.933629 0.261871
7271800.020754 3.998492 -11.260850 3.433424 -0.234249 0.023928 0.901345 0.363501
7271800.420155 4.027693 -11.268028 3.475110 -0.219255 0.019533 0.860276 0.459859
7271801.020333 4.078101 -11.286605 3.510073 -0.198665 0.014372 0.802701 0.562135
7271801.621155 4.102137 -11.289099 3.541985 -0.187040 0.017124 0.739145 0.646829
7271803.021271 4.099617 -11.313485 3.478168 -0.163111 0.015001 0.656008 0.736766
7271808.420966 3.892176 -10.843310 3.429284 -0.183713 0.008189 0.635145 0.750182
7271811.021979 3.849233 -10.450588 3.480486 -0.098775 -0.078876 0.680555 0.721711
7271812.420942 3.781656 -9.976009 3.700785 -0.027286 -0.131092 0.687514 0.713719
7271813.921967 3.704571 -9.533159 3.926054 -0.025212 -0.142489 0.675875 0.722671
7271815.320894 3.712023 -9.102232 4.183483 -0.061606 -0.110772 0.676973 0.725012
7271817.820832 3.632352 -8.628041 4.393606 -0.086162 -0.106290 0.661476 0.737379
7271819.621767 3.669391 -8.172293 4.671115 -0.057611 -0.100588 0.634372 0.764288
7271822.020807 3.662779 -7.748272 4.943879 -0.082839 -0.106664 0.673530 0.726717
7271823.720780 3.749679 -7.248096 5.069023 -0.063577 -0.115211 0.686716 0.714917
7271825.619999 3.651208 -6.809609 5.307084 -0.075988 -0.090316 0.691589 0.712582
7271826.821606 3.579139 -6.366688 5.347740 -0.166174 -0.023757 0.659433 0.732782
7271828.020833 3.629727 -6.285502 5.403714 -0.151572 0.006181 0.553553 0.818881
7271828.821686 3.739768 -6.199604 5.454650 -0.119535 -0.002922 0.466298 0.876510
7271829.721579 4.048807 -5.792392 5.487685 -0.124137 0.004629 0.472648 0.872452
7271831.821586 4.449873 -6.132891 5.602000 -0.142852 -0.001291 0.479885 0.865622
7271835.621273 4.649673 -6.197590 5.678248 -0.158108 -0.003035 0.570167 0.806165
7271836.021484 4.636558 -6.211656 5.669162 -0.183554 -0.007586 0.649745 0.737619
7271919.020823 4.737492 -5.717900 5.699353 -0.186016 0.002753 0.689797 0.699694
7271920.420763 4.738360 -5.186855 5.700138 -0.186054 -0.001800 0.697272 0.692237
7271921.621796 4.694300 -4.674656 5.658974 -0.201135 0.002652 0.703023 0.682127
7271934.521711 4.768450 -4.405585 5.661022 -0.218967 -0.002447 0.773218 0.595131
7271935.021701 4.755415 -4.430691 5.658829 -0.235241 -0.000033 0.836160 0.495478
7271935.221600 4.744253 -4.452625 5.640992 -0.252117 -0.009704 0.889736 0.380411
7271935.421668 4.732963 -4.500399 5.667922 -0.261023 -0.000750 0.934491 0.242060
7271935.621524 4.722679 -4.543819 5.663636 -0.268400 0.013817 0.958225 0.097858
7271935.921558 4.717883 -4.566636 5.646839 0.271649 -0.015008 -0.962241 0.008609
7271938.021514 4.732199 -4.190246 5.651793 -0.269415 0.012546 0.957457 0.102637
7271941.721418 4.890707 -3.867599 5.692620 -0.262622 0.012314 0.936123 0.233563
7271943.621365 5.087409 -3.724684 5.764797 -0.264420 0.015102 0.956080 0.125558
7271944.121523 5.112808 -3.758269 5.756149 -0.266997 0.010535 0.963536 0.014116
7271946.021329 5.164249 -3.665981 5.782611 -0.265536 0.016701 0.955961 0.123895
7271947.921273 4.959017 -3.640654 5.716909 -0.267005 0.003901 0.963554 0.016023
7271950.321286 4.477611 -3.596950 5.580608 -0.270803 0.018285 0.961677 0.038844
7271967.320882 3.987149 -3.550682 5.440963 -0.264387 0.018525 0.963883 0.026192
7271968.620852 3.489197 -3.547126 5.288228 -0.272601 0.022495 0.961784 0.012401
7271969.320954 2.955014 -3.545214 5.124308 -0.273341 0.021847 0.961621 0.009597
7271970.020812 2.435497 -3.567108 4.993134 0.267948 -0.033226 -0.962831 -0.007540
7271972.820961 1.951765 -3.721437 4.838399 0.262390 -0.018693 -0.964747 0.008122
7271974.820807 1.429979 -3.852935 4.682635 0.267559 -0.014285 -0.963132 0.024172
7271975.520898 0.940643 -3.915464 4.514292 0.265494 -0.025329 -0.963315 0.029918
7271976.220857 0.422067 -3.945624 4.392967 0.261049 -0.018631 -0.964385 0.038307
7271976.920756 -0.082218 -4.018873 4.247324 0.282323 -0.018338 -0.957797 0.050816
7271979.520785 -0.545054 -4.307195 4.107149 0.268858 -0.017531 -0.960832 0.064887
7271980.720866 -1.085727 -4.334108 3.974749 0.271146 -0.023616 -0.959192 0.076630
7271981.820864 -1.542502 -4.490870 3.800967 0.260413 -0.019126 -0.961338 0.087461
7271983.718600 -1.979479 -4.737788 3.679360 0.267386 -0.018224 -0.959322 0.088740
7271984.920840 -2.463100 -4.858509 3.538033 0.277806 -0.011439 -0.954253 0.109972
7271986.220927 -2.655373 -4.855715 3.478930 0.265481 -0.019538 -0.963917 -0.001086
7272016.420856 -3.130100 -4.923145 3.331436 -0.254747 0.025215 0.966560 0.015144
7272021.320801 -3.435130 -5.315675 3.238976 -0.265603 0.012052 0.964000 0.003720
7272024.720799 -3.944910 -5.332265 3.097284 0.268981 -0.005178 -0.963058 0.011869
7272025.621655 -4.443388 -5.342330 2.945835 0.279659 -0.027126 -0.959435 0.023241
7272026.621593 -4.958818 -5.344053 2.802359 0.271041 -0.020688 -0.961970 0.026880
7272027.621720 -5.176933 -5.400777 2.725974 0.270908 -0.016827 -0.953041 0.134309
7272029.221525 -5.448942 -5.508031 2.641849 0.256337 -0.014990 -0.932580 0.253697
7272029.721554 -5.435244 -5.552543 2.658309 0.251336 -0.013083 -0.897565 0.361990
7272030.221447 -5.399637 -5.558215 2.660187 0.236075 -0.012405 -0.854411 0.462705
7272031.421157 -5.357052 -5.552663 2.669344 0.223513 -0.017136 -0.790406 0.570093
7272032.721402 -5.330603 -5.522889 2.672673 0.206033 -0.023710 -0.729052 0.652282
7272040.021379 -5.660655 -5.904411 2.590527 0.195645 -0.030514 -0.696963 0.689227
7272040.921406 -5.699689 -6.406380 2.609067 0.204626 -0.022484 -0.692539 0.691384
7272042.121357 -5.687065 -6.923287 2.606041 0.203879 -0.019092 -0.676552 0.707352
7272044.520986 -5.726848 -7.445318 2.588619 0.204699 -0.017795 -0.676178 0.707506
7272046.219812 -5.869100 -7.923526 2.542641 0.210166 -0.015345 -0.732337 0.647516
7272047.221078 -5.953071 -8.440061 2.530209 0.200554 -0.028628 -0.712403 0.671894
7272051.421140 -6.110377 -8.934476 2.482461 0.194732 -0.021478 -0.685914 0.700814
7272136.021163 -6.116340 -8.857534 2.473431 0.218237 -0.017195 -0.756097 0.616761
7272136.721197 -6.126316 -8.809397 2.460599 0.226060 -0.028864 -0.820720 0.523910
7272137.321203 -6.164574 -8.772221 2.453600 0.243882 -0.028508 -0.874716 0.417829
7272137.621397 -6.193074 -8.732994 2.463729 0.257646 -0.026482 -0.915300 0.308454
7272138.121283 -6.221620 -8.677311 2.525997 0.271844 -0.030449 -0.945315 0.177633
7272138.421156 -6.188585 -8.630914 2.480197 0.268460 -0.027267 -0.961545 0.051165
7272138.921109 -6.174831 -8.588242 2.452091 -0.264191 0.018873 0.959537 0.095585
7272139.421275 -6.155226 -8.561743 2.467111 -0.256323 0.020758 0.945559 0.199466
7272140.121193 -6.138087 -8.520535 2.475770 -0.258117 0.023654 0.917670 0.301161
7272140.621215 -6.117381 -8.493499 2.524528 -0.249778 0.019396 0.878719 0.406310
7272140.921117 -6.076194 -8.484035 2.534424 -0.224861 0.012007 0.829687 0.510797
7272141.421242 -6.020578 -8.482840 2.513369 -0.206957 0.006623 0.764781 0.610111
7272141.721086 -5.986160 -8.477928 2.522321 -0.183376 0.006466 0.690687 0.699487
7272144.521051 -5.920744 -7.949779 2.531516 -0.178447 -0.005199 0.655187 0.734071
7272145.421290 -5.850336 -7.433046 2.556194 -0.180302 0.008182 0.663341 0.726225
7272147.019208 -5.676684 -7.245428 2.598884 -0.159174 0.006526 0.579858 0.798990
7272150.420951 -5.645591 -6.711274 2.613712 -0.173016 -0.010480 0.638823 0.749574
7272151.220936 -5.571112 -6.171435 2.621398 -0.182906 0.011977 0.648066 0.739197
7272152.520953 -5.520743 -5.650831 2.634008 -0.177198 0.003877 0.661492 0.728708
7272153.220909 -5.472874 -5.456135 2.634898 -0.153332 -0.004564 0.577890 0.801568
7272153.920876 -5.438546 -5.485612 2.642986 -0.134045 -0.005471 0.488741 0.862053
7272154.320489 -5.418411 -5.501748 2.657366 -0.103300 -0.009280 0.392282 0.913979
7272154.720956 -5.407312 -5.557503 2.655089 -0.061732 -0.014144 0.263565 0.962560
7272155.120853 -5.378753 -5.603687 2.668886 -0.031082 -0.018421 0.160149 0.986431
7272155.520992 -5.403402 -5.644715 2.652844 0.001551 -0.023726 0.047311 0.998597
7272160.120938 -4.920734 -5.637453 2.811330 -0.014883 -0.022823 0.021716 0.999393
7272162.820851 -4.370630 -5.631870 2.975636 0.012029 -0.019028 -0.017287 0.999597
7272164.220947 -3.859349 -5.644374 3.138234 -0.003444 -0.013275 0.001170 0.999905
7272164.920842 -3.331755 -5.632638 3.290859 0.005931 -0.010272 0.015811 0.999805
7272165.620789 -2.816370 -5.613336 3.448251 0.006838 -0.017490 0.018757 0.999648
7272166.320860 -2.315950 -5.591320 3.580886 0.000129 -0.020105 0.022823 0.999537
7272167.020795 -1.787720 -5.559607 3.755491 -0.005861 -0.003262 0.033663 0.999411
7272167.720860 -1.265253 -5.477487 3.906160 -0.029803 -0.012034 0.117467 0.992557
7272168.420785 -0.799290 -5.317173 4.042051 -0.029290 -0.003140 0.154954 0.987482
7272168.920762 -0.709573 -5.274736 4.034072 -0.075373 -0.005106 0.274024 0.958751
7272169.220750 -0.727877 -5.249961 4.056001 -0.109811 -0.010340 0.379728 0.918500
7272170.420861 -0.489090 -4.795343 4.125095 -0.133614 0.003467 0.454274 0.880778
7272170.720827 -0.390479 -4.676702 4.144909 -0.098776 0.006585 0.362397 0.926751
7272171.820940 -0.073086 -4.475510 4.260163 -0.068141 -0.009663 0.265333 0.961697
7272172.420941 0.331689 -4.339798 4.375538 -0.041425 -0.005266 0.164318 0.985523
7272173.920874 0.812208 -4.258622 4.506199 -0.036796 -0.000534 0.119087 0.992202
7272174.920795 1.309778 -4.112488 4.671217 -0.006871 0.002051 0.054558 0.998485
7272176.420877 1.846374 -4.050058 4.822640 0.017348 -0.027496 -0.031273 0.998982
7272177.620779 2.355791 -4.013227 4.961810 0.020693 -0.003726 -0.024805 0.999471
7272178.721322 2.845791 -4.049119 5.115609 0.011470 -0.026010 -0.018009 0.999434
7272179.420921 3.355320 -4.041424 5.267782 0.007412 -0.006632 -0.000527 0.999950
7272180.721410 3.887257 -4.040417 5.407586 0.006626 -0.011180 0.012217 0.999841
7272181.421186 4.391795 -4.001720 5.570304 0.000754 -0.018412 0.010337 0.999777
7272182.121229 4.906789 -3.994817 5.702960 0.019152 0.001996 -0.042361 0.998917
7272182.620757 5.261382 -4.112090 5.817188 0.052977 -0.018278 -0.151298 0.986898
7272183.321208 5.747493 -4.268092 5.995505 0.034130 -0.011764 -0.088633 0.995410
7272184.020830 6.251100 -4.331316 6.104276 0.027562 -0.018107 -0.057013 0.997829
7272184.721345 6.752086 -4.378553 6.259169 0.020962 -0.008900 -0.051606 0.998408
7272185.421074 7.270625 -4.540216 6.402863 0.043225 -0.018227 -0.158962 0.986170
7272186.021253 7.697424 -4.778482 6.534908 0.059302 -0.016120 -0.207859 0.976227
7272186.620772 7.864340 -4.767369 6.559817 0.014039 -0.015841 -0.070261 0.997304
7272187.121068 7.867769 -4.730983 6.563694 -0.011788 -0.016190 0.032859 0.999259
7272188.021100 8.350951 -4.716769 6.712127 -0.009497 -0.007235 0.026748 0.999571
7272188.921024 8.523196 -4.772971 6.761181 0.006298 -0.014592 -0.078234 0.996808
7272190.721055 9.033616 -4.796231 6.905302 0.000212 -0.012628 -0.080499 0.996675
7272191.720676 9.475683 -4.891902 7.047842 0.051653 -0.019105 -0.185177 0.981161
7272193.021065 9.421638 -4.895060 7.010798 -0.001908 -0.012728 -0.078190 0.996855
7272208.321660 9.708692 -4.917707 7.088871 -0.019610 -0.010893 0.022820 0.999488
7272212.621662 10.202579 -4.931539 7.248437 0.005486 -0.004208 -0.043061 0.999049
7272214.621542 10.746796 -4.911400 7.391395 -0.001668 -0.012143 -0.023257 0.999654
7272215.921459 11.259855 -4.884009 7.545702 0.001668 -0.007589 -0.009542 0.999924
7272217.721497 11.765532 -4.831691 7.687049 -0.005369 -0.002232 0.009909 0.999934
7272218.721423 11.872808 -4.796091 7.702966 -0.047645 -0.004988 0.133975 0.989826
7272219.421532 11.852518 -4.787777 7.705692 -0.075088 -0.004796 0.236366 0.968746
7272220.721387 12.069031 -4.545125 7.759236 -0.094916 0.002234 0.332497 0.938313
7272221.119488 12.129778 -4.470991 7.778258 -0.128028 0.003406 0.436165 0.890706
7272226.121286 12.141489 -4.138094 7.762671 -0.147550 0.010324 0.538879 0.829296
7272226.621373 12.117728 -4.007330 7.754838 -0.172704 0.012099 0.622823 0.762967
7272229.521191 12.035886 -3.492542 7.703152 -0.197642 0.016807 0.696546 0.689550
7272233.721144 11.820451 -3.320178 7.624185 -0.218106 0.009943 0.767270 0.603015
7272235.721075 11.780939 -3.144978 7.618145 -0.193663 0.006845 0.690373 0.697018
7272236.821103 11.774405 -3.246370 7.577571 -0.167140 -0.006219 0.618274 0.767961
7272238.521076 11.716296 -3.217453 7.600775 -0.197182 0.001276 0.689851 0.696579
7272303.221664 11.915426 -2.857113 7.645242 -0.174535 0.006170 0.611613 0.771641
7272303.721665 11.939409 -2.892613 7.654186 -0.132418 -0.002791 0.509646 0.850129
7272303.921706 11.968230 -2.919731 7.656806 -0.101555 0.002537 0.407807 0.907400
7272304.120804 11.981219 -2.949586 7.665531 -0.073057 -0.000179 0.307395 0.948773
7272304.618233 11.970603 -2.986511 7.692226 -0.055339 -0.004302 0.207632 0.976631
7272308.920080 11.832878 -3.277382 7.643339 -0.032316 -0.004492 0.109010 0.993505
7272310.221445 12.357712 -3.170414 7.722609 -0.036394 0.002308 0.116001 0.992579
7272311.621553 12.331582 -3.333155 7.764215 0.001177 -0.012791 -0.010046 0.999867
7272312.221494 12.315476 -3.363990 7.766138 0.028497 -0.017301 -0.116240 0.992661
7272315.821353 12.214577 -3.524701 7.752594 0.049144 -0.004423 -0.215744 0.975202
7272316.321431 12.196865 -3.543023 7.741508 0.085941 -0.014663 -0.334047 0.938516
7272316.521280 12.161578 -3.561477 7.738312 0.114677 -0.023584 -0.426499 0.896879
7272316.921390 12.108008 -3.563599 7.724615 0.143127 -0.029146 -0.522530 0.840017
7272317.421316 12.075290 -3.551939 7.724874 0.164452 -0.030608 -0.610688 0.774002
7272317.721373 12.028714 -3.547181 7.719752 0.192182 -0.034285 -0.701067 0.685854
7272320.421227 11.883643 -4.048691 7.687435 0.205657 -0.031588 -0.750678 0.627048
7272322.221245 11.841636 -4.573043 7.678443 0.202455 -0.014549 -0.738751 0.642687
7272324.521267 11.879355 -4.774546 7.697134 0.209847 -0.030714 -0.802872 0.557151
7272324.921199 11.853801 -4.761830 7.694175 0.234256 -0.037079 -0.864540 0.443080
7272325.121229 11.823010 -4.733978 7.682119 0.249095 -0.036876 -0.907701 0.335664
7272325.521077 11.827104 -4.698415 7.682102 0.254510 -0.034025 -0.941307 0.219109
7272325.921178 11.820540 -4.668435 7.689356 0.256399 -0.034141 -0.960600 0.101688
7272326.221126 11.820553 -4.621811 7.683306 -0.264135 0.036503 0.963669 0.015564
7272333.421007 11.316725 -4.792360 7.551851 -0.268450 0.029790 0.961598 0.048752
7272334.520942 10.835260 -4.777311 7.410527 -0.270339 0.022309 0.962012 0.030866
7272336.021005 10.325950 -4.843010 7.270586 -0.266628 0.033839 0.963116 0.013130
7272337.620887 9.780322 -4.797766 7.104977 0.272607 -0.026084 -0.961742 0.007517
7272340.420928 9.320487 -4.833400 6.985144 0.265765 -0.034515 -0.955600 0.122502
7272340.720848 9.294715 -4.855209 6.969582 0.253840 -0.013139 -0.939218 0.230787
7272341.020913 9.329196 -4.883243 6.987388 0.231512 -0.020476 -0.910095 0.343088
7272341.320892 9.354648 -4.914083 6.992945 0.227898 -0.012385 -0.859124 0.458057
7272341.619223 9.387999 -4.933191 7.000274 0.213411 -0.021790 -0.802625 0.556574
7272341.920791 9.423781 -4.931193 6.996192 0.188162 -0.017223 -0.725242 0.662059
7272343.220897 9.431395 -5.461751 7.046927 0.180438 -0.028960 -0.657548 0.730913
7272345.420937 9.459004 -5.967638 7.072108 0.169951 -0.018507 -0.669763 0.722629
7272346.120824 9.492980 -6.483701 7.092072 0.180355 -0.024209 -0.661965 0.727110
7272346.720828 9.479301 -6.885497 7.069196 0.204474 -0.033687 -0.734473 0.646223
7272347.520972 9.331409 -7.413916 7.078817 0.198164 -0.025241 -0.754779 0.624822
7272348.220892 9.320841 -7.963227 7.089878 0.193439 -0.021575 -0.700932 0.686156
7272348.920768 9.305823 -8.484029 7.100935 0.188419 -0.026191 -0.690074 0.698291
7272349.620755 9.285401 -9.015638 7.122922 0.189141 -0.024731 -0.682532 0.705524
7272350.320794 9.301699 -9.558179 7.138630 0.183184 -0.024997 -0.680445 0.709093
7272351.020777 9.330913 -10.096126 7.155311 0.180534 -0.016243 -0.672651 0.717415
7272351.620767 9.258467 -10.557762 7.164900 0.210137 -0.024653 -0.743667 0.634187
7272352.020756 9.134146 -10.819260 7.159132 0.222296 -0.028564 -0.824377 0.519780
7272352.220751 9.061346 -10.925935 7.091484 0.250856 -0.033095 -0.871434 0.420213
7272352.420861 8.918494 -10.996527 7.036253 0.262503 -0.039519 -0.915534 0.302205
7272352.820778 8.612370 -11.089614 6.997992 0.271221 -0.036872 -0.942694 0.190805
7272353.920919 8.504451 -11.148487 6.946158 0.240782 -0.021363 -0.920238 0.307783
7272354.221541 8.527687 -11.164271 6.953181 0.228644 -0.028848 -0.881868 0.411338
7272354.421585 8.556623 -11.168493 6.958133 0.213824 -0.022469 -0.829890 0.514837
7272354.720791 8.587869 -11.156694 6.965743 0.197542 -0.027280 -0.773480 0.601632
7272355.020774 8.636779 -11.154868 6.989955 0.174192 -0.018670 -0.696715 0.695627
7272356.220907 8.731830 -11.710532 7.037147 0.174249 -0.017827 -0.657204 0.733077
7272356.920888 8.712034 -12.245904 7.060005 0.195382 -0.029175 -0.702403 0.683817
7272357.620870 8.692830 -12.776464 7.058900 0.187638 -0.024357 -0.705168 0.683328
7272358.320750 8.665949 -13.333041 7.077735 0.196777 -0.018383 -0.695473 0.690839
7272359.620799 8.602631 -13.768789 7.058126 0.202472 -0.035752 -0.776408 0.595749
7272359.820976 8.567159 -13.758117 7.046753 0.223255 -0.033711 -0.830169 0.509745
7272360.220842 8.554466 -13.735448 7.048425 0.235595 -0.026535 -0.884588 0.401615
7272360.520812 8.537195 -13.684247 7.034737 0.258096 -0.034554 -0.933660 0.245910
7272360.820771 8.542790 -13.642708 7.021920 0.256027 -0.037169 -0.956306 0.136189
7272362.220773 8.048613 -13.655671 6.896087 0.272567 -0.028878 -0.958699 0.075953
7272363.220805 7.521371 -13.704070 6.762708 0.259610 -0.031189 -0.961452 0.085090
7272364.121279 7.046565 -13.727814 6.610708 -0.268783 0.024559 0.961896 0.043677
7272366.821243 6.652885 -13.439875 6.487037 0.248111 -0.016258 -0.968561 0.008106
7272409.221466 6.445846 -13.226493 6.434378 0.265360 -0.010703 -0.956135 0.123592
7272409.821409 6.497915 -13.257708 6.442893 0.249567 -0.009587 -0.933770 0.256317
7272410.421464 6.506859 -13.276164 6.442744 0.235827 -0.027007 -0.904348 0.354700
7272411.421534 6.186839 -13.643516 6.307396 0.235049 -0.025187 -0.846724 0.476631
7272411.821479 6.215589 -13.659922 6.331950 0.202975 -0.028715 -0.781941 0.588681
7272412.621531 6.215545 -13.666500 6.383128 0.184405 -0.024136 -0.715764 0.673123
7272413.621471 6.163918 -14.174052 6.371781 0.195919 -0.019894 -0.680553 0.705739
7272413.921390 6.202668 -14.170348 6.380020 0.147576 -0.013031 -0.565575 0.811280
7272414.221400 6.251203 -14.127625 6.385006 0.115235 -0.014310 -0.451649 0.884607
7272414.721390 6.277613 -14.133371 6.395393 0.094571 -0.015843 -0.347353 0.932819
7272415.021327 6.286733 -14.102466 6.405185 0.056815 -0.017758 -0.226797 0.972121
7272416.221228 6.276172 -14.054976 6.400142 0.029210 -0.009737 -0.109589 0.993500
7272418.421273 6.763529 -13.935495 6.540624 0.005907 -0.012200 -0.027413 0.999532
7272419.121306 7.282354 -13.965733 6.700770 0.003545 -0.006636 -0.022905 0.999709
7272419.721248 7.547807 -14.018246 6.738154 0.055044 -0.004017 -0.139914 0.988624
7272420.921233 8.052832 -14.207351 6.918171 0.050778 -0.002408 -0.163462 0.985239
7272422.021282 8.551096 -14.434216 7.070061 0.056838 -0.002522 -0.181964 0.981658
7272422.321302 8.708606 -14.526435 7.127414 0.078215 0.000657 -0.306494 0.948654
7272422.521189 8.722366 -14.571893 7.126985 0.118716 -0.014395 -0.401652 0.907951
7272423.121101 8.687840 -14.587681 7.090582 0.129603 -0.024712 -0.494669 0.859008
7272423.621096 8.712523 -14.577706 7.113870 0.094884 -0.022612 -0.388939 0.916085
7272423.921223 8.718992 -14.531521 7.109992 0.056423 -0.018340 -0.281061 0.957854
7272424.221060 8.717790 -14.495880 7.114982 0.035185 -0.021382 -0.183899 0.982082
7272425.221062 8.740428 -14.477008 7.115327 0.017504 -0.019281 -0.082557 0.996246
7272428.920996 9.039483 -14.872063 7.220367 0.001513 -0.011617 -0.054668 0.998436
7272431.121075 9.384005 -15.222235 7.330484 -0.000402 -0.011334 -0.028100 0.999541
7272433.920888 9.924389 -15.322334 7.488852 -0.000927 -0.010490 -0.001009 0.999944
7272434.720706 10.420454 -15.341963 7.619400 -0.003876 -0.004107 0.007201 0.999958
7272436.820924 10.915067 -15.377787 7.773862 0.010752 -0.023542 -0.077819 0.996631
7272437.720875 11.395996 -15.459339 7.900496 0.017656 -0.013951 -0.066711 0.997519
7272438.420905 11.884188 -15.550122 8.038728 0.021291 -0.009339 -0.042691 0.998818
7272439.220770 12.424202 -15.549847 8.181741 -0.000858 -0.010034 0.010488 0.999894
7272440.320901 12.925869 -15.530555 8.306418 0.010230 -0.005681 -0.046003 0.998873
7272441.519280 13.437308 -15.621269 8.467454 0.019282 -0.002901 -0.065985 0.997630
7272442.420911 13.865079 -15.707078 8.567844 0.055754 -0.013926 -0.174473 0.982983
7272443.620910 14.131546 -15.927795 8.664736 0.083295 -0.017213 -0.282775 0.955408
7272443.920803 14.195971 -16.027199 8.674788 0.116763 -0.008702 -0.413521 0.902935
7272444.220855 14.174837 -16.057774 8.665691 0.144949 -0.023828 -0.523002 0.839578
7272447.420755 14.198775 -16.361073 8.692993 0.172876 -0.031633 -0.625615 0.760079
7272449.020785 14.125429 -16.870396 8.668691 0.183734 -0.023506 -0.688070 0.701604
7272449.720802 14.114765 -17.406015 8.698482 0.187060 -0.023568 -0.686711 0.702055
7272450.420882 14.107689 -17.919754 8.692324 0.185066 -0.027080 -0.681611 0.707406
7272451.120889 14.099306 -18.458998 8.724656 0.192704 -0.012752 -0.673902 0.713133
7272452.121317 14.062244 -18.918629 8.693106 0.210415 -0.025182 -0.746020 0.631305
7272452.720921 14.023554 -18.901358 8.676161 0.214847 -0.022234 -0.809211 0.546373
7272453.920934 13.866741 -19.435394 8.637577 0.208224 -0.014995 -0.753476 0.623451
7272454.620843 13.778616 -19.962666 8.632901 0.190349 -0.018343 -0.695622 0.692488
7272455.320704 13.789411 -20.478489 8.650081 0.186422 -0.025615 -0.661447 0.726002
7272456.020826 13.832506 -20.994740 8.667479 0.176481 -0.020913 -0.655439 0.734042
7272456.720828 13.780043 -21.501308 8.658833 0.178885 -0.012533 -0.639597 0.747502
7272457.620856 13.787685 -22.013832 8.663198 0.185818 -0.007042 -0.661310 0.726699
7272458.520782 13.757291 -22.051929 8.659139 0.183341 -0.021776 -0.736774 0.650443
7272459.320449 13.689922 -22.599556 8.629630 0.198729 -0.016809 -0.722772 0.661683
7272460.320800 13.668355 -23.114880 8.648112 0.172261 -0.016522 -0.644606 0.744672
7272461.720832 13.603800 -23.493834 8.647991 0.189755 -0.018022 -0.716791 0.670730
7272462.520878 13.550240 -24.045067 8.626107 0.199124 -0.013470 -0.712453 0.672740
