7267945.821108 -0.002766 -0.003682 0.002149 0.008457 0.134374 -0.001759 0.990893
7268049.320833 0.509841 -0.003481 0.009479 0.020519 0.125105 -0.012413 0.991854
7268050.620724 1.014172 -0.101907 0.008308 0.014246 0.127632 -0.083320 0.988213
7268051.920828 1.510025 -0.177165 0.016272 0.016767 0.123564 -0.074105 0.989424
7268053.220963 2.038040 -0.251128 0.026033 0.013369 0.123582 -0.067398 0.989953
7268054.420105 2.540325 -0.307232 0.027453 0.018063 0.123135 -0.061552 0.990315
7268055.720766 3.087679 -0.347043 0.019057 0.019467 0.124993 -0.048374 0.990786
7268056.920782 3.595222 -0.383685 0.032946 0.014084 0.125695 -0.040529 0.991141
7268058.120965 4.106880 -0.426952 0.029146 0.016825 0.118560 -0.034825 0.992193
7268059.320797 4.634561 -0.458859 0.033500 0.015305 0.128486 -0.024244 0.991297
7268060.520938 5.148153 -0.462535 0.035504 0.007258 0.127821 -0.013590 0.991678
7268061.720857 5.655267 -0.551964 0.040316 0.024159 0.118825 -0.092634 0.988289
7268062.920773 6.157161 -0.650444 0.044025 0.025673 0.124794 -0.089024 0.987847
7268064.121288 6.675481 -0.723751 0.043220 0.021189 0.126375 -0.078886 0.988614
7268065.320777 7.196412 -0.780566 0.045691 0.018240 0.120546 -0.033326 0.991981
7268066.521187 7.720154 -0.774627 0.040748 0.007589 0.131585 0.012444 0.991198
7268067.721186 8.245101 -0.747842 0.053793 0.005468 0.128655 0.019020 0.991492
7268068.920267 8.760901 -0.722763 0.051230 0.006109 0.127342 0.021369 0.991610
7268070.121150 9.304529 -0.695493 0.059980 -0.000347 0.132927 0.033063 0.990574
7268071.021186 9.667048 -0.594954 0.055159 -0.010066 0.124148 0.140101 0.982272
7268072.221096 10.165972 -0.389417 0.046624 -0.015016 0.126356 0.178686 0.975643
7268073.421062 10.671282 -0.194020 0.052480 -0.015786 0.132773 0.184883 0.973622
7268074.621003 11.163989 0.014271 0.048023 -0.013174 0.128737 0.190884 0.973045
7268075.820969 11.648000 0.220131 0.038234 -0.016935 0.125251 0.206138 0.970326
7268077.020941 12.120737 0.463382 0.046486 -0.020272 0.126234 0.211747 0.968926
7268077.920941 12.498788 0.570612 0.038214 -0.001238 0.129729 0.105163 0.985956
7268078.220963 12.648436 0.545483 0.030497 0.023358 0.130802 -0.043256 0.990189
7268078.421033 12.712173 0.505731 0.018258 0.029460 0.143453 -0.150613 0.977686
7268078.619990 12.753125 0.431399 0.028961 0.051609 0.110373 -0.264869 0.956556
7268078.820954 12.804423 0.329114 0.034206 0.078642 0.110376 -0.363204 0.921800
7268079.521965 12.935710 0.032196 0.041647 0.088045 0.099481 -0.477489 0.868537
7268079.820897 12.966928 -0.085168 0.030073 0.099414 0.091677 -0.577518 0.805099
7268080.520943 12.971858 -0.400769 0.038360 0.111413 0.078275 -0.659613 0.739169
7268081.720863 13.005465 -0.930091 0.034475 0.107317 0.077349 -0.672507 0.728172
7268082.920864 13.032088 -1.455983 0.041194 0.100896 0.082303 -0.670157 0.730709
7268083.420854 13.014632 -1.654521 0.032757 0.107236 0.067226 -0.745828 0.654005
7268084.519750 12.795347 -2.099164 0.048052 0.113362 0.059956 -0.806125 0.577682
7268085.720787 12.640654 -2.590199 0.043567 0.113462 0.064218 -0.805733 0.577752
7268086.921778 12.457087 -3.068143 0.033914 0.115194 0.062824 -0.807749 0.574740
7268088.120751 12.261559 -3.548531 0.032608 0.109229 0.055764 -0.804253 0.581496
7268089.321775 12.112576 -4.033660 0.033811 0.111661 0.067856 -0.804896 0.578852
7268090.521751 11.874648 -4.490768 0.033222 0.118717 0.054335 -0.854937 0.502032
7268091.721702 11.614897 -4.941972 0.021964 0.112541 0.051768 -0.854021 0.505274
7268092.921751 11.371003 -5.419878 0.025946 0.119437 0.058631 -0.852307 0.505836
7268094.120829 11.111792 -5.880862 0.020071 0.115679 0.057990 -0.853858 0.504164
7268095.221573 10.931331 -6.343947 0.015582 0.110346 0.074490 -0.788246 0.600786
7268096.421670 10.853469 -6.855162 0.013172 0.100744 0.071189 -0.765580 0.631403
7268097.621630 10.773956 -7.383084 0.002277 0.111395 0.074672 -0.760456 0.635391
7268107.621376 10.716009 -7.901899 -0.005009 0.105731 0.076731 -0.753527 0.644307
7268108.821309 10.645447 -8.398095 -0.019125 0.103766 0.077188 -0.750465 0.648133
7268110.021281 10.591288 -8.914418 -0.015444 0.107360 0.075807 -0.749403 0.648939
7268111.221251 10.526084 -9.421468 -0.018890 0.108368 0.078493 -0.749113 0.648788
7268112.421207 10.458284 -9.921607 -0.055633 0.103205 0.081261 -0.746319 0.652498
7268113.621177 10.403538 -10.448318 -0.043582 0.108151 0.078405 -0.745835 0.652599
7268114.821163 10.329594 -10.961574 -0.051190 0.105791 0.080828 -0.744226 0.654524
7268116.021181 10.276391 -11.461881 -0.051413 0.102290 0.077871 -0.738548 0.661831
7268117.221163 10.226357 -11.967836 -0.059175 0.111465 0.077753 -0.735569 0.663677
7268118.321206 10.176303 -12.466305 -0.054563 0.107944 0.081782 -0.730932 0.668878
7268119.521120 10.162322 -12.980423 -0.075689 0.103813 0.090638 -0.722592 0.677398
7268120.721094 10.129196 -13.505814 -0.082407 0.100863 0.080760 -0.719371 0.682503
7268121.420975 10.174232 -13.811538 -0.088639 0.086180 0.093173 -0.635322 0.761747
7268122.521046 10.368715 -14.266150 -0.097741 0.080813 0.103804 -0.551987 0.823410
7268123.721027 10.588925 -14.748320 -0.109027 0.084858 0.109804 -0.542668 0.828404
7268124.121042 10.681840 -14.898923 -0.103236 0.081942 0.111682 -0.448709 0.882877
7268124.420973 10.812589 -14.961819 -0.103667 0.068638 0.120931 -0.329135 0.933989
7268124.920909 11.037972 -15.039691 -0.111842 0.044798 0.130267 -0.187580 0.972542
7268125.221010 11.189153 -15.022870 -0.103839 0.019966 0.134913 -0.051695 0.989307
7268126.120953 11.588761 -14.975416 -0.119534 0.005581 0.136521 0.054901 0.989099
7268127.320915 12.111045 -14.980763 -0.117881 0.031425 0.138332 -0.020763 0.989669
7268128.520879 12.649175 -14.993722 -0.126954 0.026707 0.136627 -0.012019 0.990189
7268129.120888 12.899100 -14.935544 -0.149680 0.003590 0.136244 0.125670 0.982666
7268129.420837 12.994943 -14.852828 -0.130387 -0.007776 0.121400 0.240000 0.963121
7268130.220803 13.313958 -14.675950 -0.154076 0.012183 0.141298 0.133465 0.980853
7268131.420868 13.831778 -14.635102 -0.138341 0.017182 0.137141 0.044275 0.989412
7268132.620860 14.356533 -14.583258 -0.152493 0.010113 0.136891 0.054118 0.989055
7268133.620868 14.817615 -14.591784 -0.157519 0.037937 0.133743 -0.073906 0.987528
7268133.920778 14.923920 -14.669780 -0.166619 0.056184 0.140149 -0.214405 0.965004
7268134.120783 14.971742 -14.752104 -0.161070 0.067719 0.112957 -0.319111 0.938522
7268134.320895 15.022172 -14.850419 -0.172863 0.078039 0.121755 -0.424508 0.893800
7268134.520943 15.047695 -14.933570 -0.187833 0.087162 0.110050 -0.516692 0.844583
7268135.020848 15.067051 -15.138723 -0.161009 0.101456 0.094067 -0.603288 0.785431
7268135.920775 15.100662 -15.538664 -0.175224 0.105677 0.083443 -0.682584 0.718295
7268136.620925 15.045269 -15.838438 -0.183732 0.115228 0.068829 -0.771930 0.621377
7268137.120893 14.915298 -16.016884 -0.171881 0.123127 0.047643 -0.837393 0.530418
7268138.420961 14.783264 -16.540403 -0.174202 0.103874 0.064308 -0.776275 0.618443
7268139.620919 14.645157 -17.055943 -0.182523 0.120466 0.065674 -0.774810 0.617126
7268140.820841 14.515259 -17.567530 -0.171233 0.113947 0.073698 -0.774018 0.618451
7268142.020780 14.398650 -18.087145 -0.185553 0.103500 0.074829 -0.756093 0.641882
7268143.220799 14.372786 -18.603861 -0.197543 0.112273 0.075554 -0.716399 0.684441
7268144.320773 14.354324 -19.105902 -0.201467 0.105304 0.087250 -0.711488 0.689263
7268145.520828 14.352975 -19.623188 -0.200648 0.098116 0.090932 -0.703538 0.697953
7268146.720761 14.339974 -20.143433 -0.212517 0.095926 0.085642 -0.702883 0.699585
7268147.920898 14.336198 -20.674629 -0.220489 0.095387 0.103707 -0.698664 0.701438
7268149.220921 14.276127 -21.190500 -0.220163 0.104546 0.080955 -0.744672 0.654201
7268150.420918 14.212163 -21.688866 -0.229079 0.099432 0.080777 -0.745221 0.654396
7268151.620890 14.136966 -22.216013 -0.231186 0.106441 0.079044 -0.737944 0.661711
7268152.820816 14.101916 -22.741743 -0.239180 0.104619 0.087082 -0.732217 0.667330
7268154.021196 14.059748 -23.254147 -0.248890 0.096863 0.081743 -0.730810 0.670710
7268155.221209 14.008152 -23.794687 -0.261868 0.102883 0.085611 -0.751587 0.645913
7268156.421238 13.909177 -24.312300 -0.270465 0.106357 0.083773 -0.766937 0.627278
7268157.621111 13.828267 -24.821686 -0.297793 0.102537 0.080285 -0.763426 0.632631
7268159.520837 13.766161 -25.320967 -0.290018 0.103020 0.092098 -0.750286 0.646510
7268160.721069 13.707110 -25.849176 -0.298563 0.100689 0.084112 -0.747664 0.650988
7268161.921067 13.634048 -26.387888 -0.312195 0.103525 0.093384 -0.739123 0.658984
7268162.521114 13.554589 -26.600769 -0.304215 0.106564 0.064800 -0.825922 0.549816
7268162.821000 13.433059 -26.708138 -0.336904 0.119674 0.045210 -0.899198 0.418422
7268163.021039 13.343627 -26.754431 -0.331113 0.133811 0.024240 -0.937320 0.320839
7268163.221051 13.265125 -26.760054 -0.316543 0.122587 0.018016 -0.967855 0.218872
7268163.621026 13.048895 -26.743963 -0.312066 0.124363 -0.011016 -0.985929 0.111156
7268164.720973 12.548548 -26.800776 -0.304316 0.116010 -0.006058 -0.990708 0.070732
7268165.821039 12.037836 -26.777987 -0.316034 -0.117036 0.023986 0.992708 0.016035
7268166.920936 11.532508 -26.740192 -0.286254 -0.108107 0.020358 0.993707 0.021085
7268168.120968 10.996480 -26.721054 -0.266634 -0.119773 0.012800 0.992486 0.021511
7268169.322111 10.460795 -26.682119 -0.262838 -0.119968 0.017457 0.992512 0.014965
7268170.520862 9.953150 -26.663622 -0.255492 -0.114142 0.009843 0.993391 0.006967
7268171.721950 9.436707 -26.643654 -0.239878 0.121558 -0.026791 -0.992222 -0.001549
7268173.620904 8.941492 -26.578926 -0.243735 -0.111847 0.016448 0.992586 0.044646
7268174.921982 8.426696 -26.526451 -0.231430 -0.112516 0.011269 0.992966 0.035106
7268176.220763 7.886929 -26.496468 -0.220020 -0.120557 0.004150 0.992175 0.032222
7268177.420910 7.383131 -26.468683 -0.192665 -0.109869 0.008246 0.993496 0.028765
7268178.621901 6.873652 -26.431829 -0.188972 -0.115103 0.010335 0.991783 0.054866
7268178.920896 6.773880 -26.400654 -0.196918 -0.105425 0.038541 0.979950 0.164616
7268179.220790 6.711067 -26.285791 -0.182906 -0.085869 0.054871 0.950395 0.293880
7268179.421805 6.675792 -26.185835 -0.178563 -0.094546 0.070295 0.908519 0.400891
7268179.621795 6.652221 -26.109529 -0.194481 -0.089040 0.085384 0.859944 0.495255
7268179.921854 6.652294 -25.995762 -0.200778 -0.066493 0.095869 0.797332 0.592157
7268181.120806 6.630132 -25.459162 -0.187142 -0.062708 0.115223 0.743858 0.655337
7268182.321748 6.584855 -24.947464 -0.175057 -0.063514 0.108108 0.722978 0.679398
7268183.621726 6.641243 -24.418686 -0.167930 -0.063642 0.105690 0.678287 0.724366
7268184.820796 6.675231 -23.901703 -0.156472 -0.065614 0.106261 0.680026 0.722474
7268186.021645 6.718762 -23.388786 -0.146035 -0.057995 0.107323 0.680278 0.722731
7268187.221709 6.769362 -22.883398 -0.147861 -0.066854 0.102939 0.686146 0.717034
7268188.421546 6.789764 -22.375628 -0.113408 -0.065605 0.102423 0.685384 0.717951
7268189.521652 6.833975 -21.874237 -0.123772 -0.061151 0.112752 0.689650 0.712693
7268190.721651 6.859268 -21.348989 -0.131032 -0.064911 0.103710 0.674226 0.728320
7268191.821509 6.952302 -20.848726 -0.116560 -0.054187 0.108663 0.641483 0.757467
7268193.021672 7.045799 -20.325191 -0.115229 -0.065744 0.106372 0.643666 0.755021
7268194.221600 7.117824 -19.812914 -0.107298 -0.065580 0.106581 0.650937 0.748746
7268195.321547 7.197521 -19.309235 -0.090170 -0.057743 0.112816 0.652155 0.747417
7268196.521535 7.240548 -18.773266 -0.091888 -0.067481 0.099312 0.706955 0.696993
7268197.721422 7.221449 -18.258926 -0.080645 -0.060591 0.113117 0.681689 0.720301
7268198.920304 7.293571 -17.733267 -0.073703 -0.064679 0.110738 0.668039 0.732992
7268200.121493 7.324695 -17.212303 -0.068860 -0.060996 0.111951 0.679315 0.722688
7268201.221416 7.364279 -16.712801 -0.075705 -0.064354 0.105630 0.678221 0.724374
7268202.421378 7.397090 -16.176117 -0.077849 -0.071098 0.111061 0.686952 0.714638
7268203.521412 7.462408 -15.692245 -0.081566 -0.058403 0.121701 0.603998 0.785471
7268203.821461 7.542766 -15.591666 -0.075807 -0.036777 0.118417 0.515636 0.847788
7268204.620042 7.805742 -15.298772 -0.076312 -0.027330 0.135866 0.417012 0.898273
7268205.721315 8.188348 -14.944434 -0.105510 -0.027963 0.135805 0.382470 0.913505
7268206.821175 8.566818 -14.612063 -0.120523 -0.021580 0.139809 0.380654 0.913833
7268208.021143 8.949048 -14.230469 -0.127782 -0.025932 0.133857 0.388867 0.911149
7268209.121128 9.323331 -13.882197 -0.146462 -0.028288 0.134937 0.387382 0.911552
7268210.321192 9.689651 -13.488929 -0.161692 -0.027257 0.129462 0.433828 0.891229
7268211.121257 9.847451 -13.173357 -0.172647 -0.048386 0.128889 0.532198 0.835351
7268212.221113 10.029887 -12.686584 -0.161583 -0.050906 0.126225 0.541942 0.829322
7268213.421148 10.219357 -12.202522 -0.162176 -0.052658 0.117464 0.612072 0.780255
7268214.621042 10.293770 -11.666565 -0.167808 -0.063846 0.113265 0.647004 0.751319
7268215.821009 10.362380 -11.142493 -0.162332 -0.064694 0.116060 0.649153 0.748963
7268216.921203 10.445933 -10.637562 -0.162238 -0.062249 0.116236 0.654547 0.744434
7268218.121000 10.495012 -10.107206 -0.163959 -0.064569 0.115742 0.661977 0.737713
7268219.221041 10.547548 -9.605573 -0.162388 -0.062202 0.115232 0.666723 0.733712
7268220.420864 10.605743 -9.072682 -0.154792 -0.058492 0.107959 0.674658 0.727846
7268221.621033 10.627230 -8.533223 -0.144789 -0.067649 0.111322 0.676488 0.724841
7268222.721055 10.674909 -8.028062 -0.148189 -0.062384 0.116069 0.681394 0.719958
7268223.920796 10.687150 -7.489969 -0.137420 -0.065107 0.110252 0.686625 0.715648
7268225.020810 10.699757 -6.985905 -0.131062 -0.063782 0.109939 0.688843 0.713681
7268225.920948 10.752964 -6.606211 -0.136953 -0.057986 0.128633 0.589066 0.795671
7268226.220852 10.859879 -6.499220 -0.148929 -0.046611 0.128702 0.487154 0.862522
7268227.320955 11.180663 -6.067483 -0.143454 -0.040963 0.126538 0.512533 0.848304
7268227.620756 11.190088 -5.955830 -0.161182 -0.054437 0.115740 0.620584 0.773638
7268228.120888 11.138553 -5.747561 -0.154682 -0.070417 0.099853 0.698565 0.705038
7268229.320819 11.083035 -5.222105 -0.133123 -0.076064 0.093222 0.788025 0.603771
7268230.120808 10.887306 -4.894509 -0.124565 -0.083986 0.075980 0.848007 0.517743
7268230.920778 10.661869 -4.567666 -0.104836 -0.099602 0.069215 0.909160 0.398394
7268231.220777 10.560810 -4.506960 -0.119260 -0.103102 0.049344 0.954536 0.275311
7268231.720784 10.345757 -4.501218 -0.105018 -0.110335 0.026805 0.978554 0.171872
7268232.820721 9.841213 -4.333476 -0.090518 -0.114073 0.036327 0.983132 0.138270
7268233.920790 9.350579 -4.211613 -0.077058 -0.115626 0.021888 0.984115 0.132923
7268235.020912 8.850852 -4.072785 -0.057787 -0.113094 0.024371 0.988524 0.097142
7268236.120846 8.336684 -4.070152 -0.046753 -0.116059 0.007862 0.993002 0.020383
7268237.220754 7.831628 -4.059288 -0.038695 -0.113513 0.008833 0.993429 0.011670
7268238.320956 7.323503 -4.065470 -0.019275 -0.115308 0.006571 0.993300 0.003922
7268239.520899 6.786392 -4.079167 -0.003277 0.103686 -0.009205 -0.994564 0.002424
7268240.620828 6.284002 -4.089589 0.011095 0.112026 -0.002497 -0.993619 0.012829
7268241.720575 5.808524 -4.060794 0.021974 -0.109483 0.042222 0.986563 0.113683
7268242.120697 5.664986 -3.961863 0.039684 -0.097632 0.051940 0.970046 0.216290
7268243.320913 5.201067 -3.692777 0.058147 -0.103927 0.048068 0.957620 0.264298
7268244.420872 4.832798 -3.355866 0.079083 -0.096141 0.067084 0.931301 0.344870
7268245.520931 4.499943 -2.970161 0.090305 -0.094871 0.077689 0.896864 0.424970
7268246.720896 4.160973 -2.568908 0.105566 -0.086358 0.073575 0.894898 0.431608
7268247.920882 3.778732 -2.205829 0.109325 -0.103558 0.065730 0.932885 0.338645
7268248.720431 3.487235 -2.025435 0.129809 -0.104755 0.052772 0.965851 0.231025
7268249.320757 3.231053 -1.962732 0.069754 -0.110279 0.030012 0.985038 0.128992
7268250.420920 2.752553 -1.818971 0.093114 -0.108660 0.043811 0.976247 0.182252
7268251.320502 2.360987 -1.750895 0.076536 -0.116941 0.019311 0.989984 0.076700
7268252.521066 1.824622 -1.699262 0.082815 -0.109564 0.020774 0.992022 0.058784
7268253.620981 1.312797 -1.641477 0.058012 -0.115956 0.017421 0.991879 0.049269
7268254.821034 0.782741 -1.602060 0.056576 -0.119906 0.014365 0.991868 0.040169
7268256.020866 0.248995 -1.559360 0.062395 -0.118798 0.017076 0.992081 0.037012
7268257.220911 -0.286484 -1.523893 0.052650 -0.113611 0.016664 0.993132 0.022444
7268258.420971 -0.814052 -1.530638 0.057385 -0.117587 0.005858 0.992884 0.017917
7268259.520823 -1.303984 -1.554887 0.030892 0.124858 -0.004692 -0.985579 0.114119
7268259.820941 -1.417126 -1.658779 0.037049 0.124239 0.019792 -0.954028 0.272037
7268260.021871 -1.472780 -1.748418 0.030689 0.119737 0.046096 -0.917523 0.376417
7268260.320826 -1.516070 -1.886344 0.034807 0.115212 0.058635 -0.850497 0.509845
7268261.421933 -1.683684 -2.381589 0.033846 0.115923 0.072495 -0.830267 0.540336
7268262.621901 -1.919554 -2.855691 0.035528 0.108443 0.053865 -0.861480 0.493144
7268263.421809 -2.021649 -3.185303 0.033147 0.112608 0.067889 -0.801760 0.583003
7268264.520839 -2.162899 -3.669566 0.033191 0.110882 0.064251 -0.790065 0.599478
7268265.721818 -2.282219 -4.197134 0.037100 0.105899 0.074923 -0.784826 0.605987
7268266.820772 -2.322430 -4.726808 0.036420 0.098752 0.082957 -0.723279 0.678406
7268268.021739 -2.324028 -5.228716 0.039576 0.095426 0.089406 -0.712646 0.689228
7268270.021781 -2.432667 -5.745354 0.033501 0.095208 0.083150 -0.759517 0.638087
7268270.921815 -2.552621 -6.055083 0.032868 0.104608 0.058604 -0.825991 0.550782
7268272.120742 -2.871344 -6.493124 0.045176 0.114074 0.050116 -0.869133 0.478626
7268273.321750 -3.139844 -6.947000 0.067353 0.114821 0.054219 -0.850765 0.509976
7268274.321630 -3.245263 -7.378129 0.059166 0.096994 0.070596 -0.785836 0.606688
7268275.720761 -3.308432 -7.913243 0.053142 0.102156 0.071642 -0.767010 0.629387
7268276.921534 -3.419114 -8.410152 0.054401 0.103510 0.071584 -0.765717 0.630745
7268278.221543 -3.586471 -8.924711 0.056554 0.105715 0.077770 -0.806177 0.576936
7268279.421039 -3.721616 -9.409522 0.071743 0.101157 0.072104 -0.780301 0.612943
7268280.421610 -3.717416 -9.832150 0.059354 0.100635 0.083326 -0.711118 0.690826
7268288.721326 -3.689848 -10.177631 0.055145 0.085061 0.098180 -0.632479 0.763607
7268289.021359 -3.654536 -10.157760 0.053974 0.062737 0.111332 -0.543903 0.829361
7268289.921360 -3.544979 -10.214364 0.053130 0.063678 0.116880 -0.454734 0.880626
7268290.221289 -3.511613 -10.220006 0.051341 0.049229 0.126319 -0.349527 0.927066
7268290.621239 -3.487415 -10.181838 0.055905 0.040953 0.123913 -0.241992 0.961462
7268291.920906 -3.021045 -10.373707 0.059798 0.024786 0.131417 -0.181143 0.974322
7268293.121159 -2.551409 -10.595420 0.065376 0.038568 0.130088 -0.234969 0.962486
7268294.421144 -2.069744 -10.783048 0.043082 0.031107 0.126065 -0.142772 0.981201
7268295.119817 -1.790116 -10.787418 0.046937 0.011902 0.128523 -0.035042 0.991016
7268296.321250 -1.280487 -10.831719 0.038150 0.018617 0.136703 -0.062957 0.988434
7268297.521180 -0.775640 -10.872934 0.025991 0.013042 0.138274 -0.064267 0.988221
7268298.721107 -0.281001 -10.939569 0.008305 0.016718 0.129858 -0.061633 0.989474
7268300.021070 0.257370 -10.984851 0.011014 0.019975 0.133733 -0.049114 0.989598
7268301.220993 0.760882 -11.017005 0.008729 0.016581 0.135488 -0.039670 0.989846
7268302.421044 1.275491 -11.039045 -0.019508 0.018401 0.126785 -0.034163 0.991171
7268303.620997 1.789979 -11.067996 0.001479 0.016680 0.131754 -0.023748 0.990857
7268304.921056 2.328896 -11.084973 -0.018324 0.014192 0.128600 -0.013272 0.991506
7268305.420983 2.545550 -11.040775 -0.019656 -0.005261 0.134754 0.103779 0.985415
7268305.721003 2.637149 -10.986639 -0.034542 -0.021410 0.135701 0.240122 0.960973
7268306.120947 2.720653 -10.848725 -0.010919 -0.041257 0.121080 0.356849 0.925363
7268306.420918 2.785460 -10.716269 -0.047125 -0.047638 0.131199 0.453834 0.880086
7268307.721019 2.998108 -10.219699 -0.059965 -0.059774 0.122529 0.528775 0.837742
7268308.820792 3.156456 -9.765918 -0.047440 -0.061939 0.114268 0.613792 0.778695
7268310.020834 3.199472 -9.225446 -0.050324 -0.076041 0.102119 0.661056 0.739456
7268311.220911 3.243049 -8.701941 -0.043921 -0.079312 0.106992 0.668913 0.731313
7268312.420836 3.276983 -8.186847 -0.049431 -0.074435 0.105213 0.672167 0.729096
7268313.320832 3.226026 -7.802897 -0.035610 -0.088395 0.093235 0.746826 0.652491
7268314.220793 3.097174 -7.422563 -0.044598 -0.101084 0.086127 0.813572 0.566097
7268315.020878 3.022575 -7.104017 -0.048020 -0.084462 0.090467 0.750684 0.648965
7268315.320776 3.044681 -6.969161 -0.050725 -0.071727 0.111041 0.665883 0.734251
7268316.120889 3.177050 -6.677825 -0.036481 -0.056113 0.111489 0.583279 0.802625
7268317.320917 3.339658 -6.179493 -0.044098 -0.057722 0.118970 0.584328 0.800672
7268318.420935 3.430233 -5.723457 -0.050945 -0.072489 0.103609 0.670012 0.731502
7268318.720758 3.401372 -5.619963 -0.060865 -0.082307 0.098668 0.765406 0.630590
7268318.920774 3.332771 -5.573103 -0.032620 -0.090956 0.068590 0.834710 0.538778
7268319.120842 3.236406 -5.522944 -0.032162 -0.114755 0.056840 0.893937 0.429508
7268319.320531 3.146549 -5.474503 -0.042463 -0.124373 0.050053 0.937133 0.322191
7268319.520816 3.057404 -5.453737 -0.032580 -0.128994 0.045430 0.967733 0.211633
7268319.820941 2.905612 -5.451334 -0.045997 -0.131221 0.025621 0.987412 0.084513
7268321.020869 2.398886 -5.451662 -0.038692 -0.127352 0.017292 0.991704 0.002396
7268322.321583 1.853871 -5.461428 -0.031524 0.129543 -0.015674 -0.991434 0.005646
7268323.520766 1.352608 -5.389461 -0.034382 -0.126048 0.025166 0.987746 0.088525
7268324.821433 0.816014 -5.348497 -0.038571 0.130960 -0.030986 -0.990903 0.000981
7268326.020878 0.302945 -5.366041 -0.032935 0.127082 -0.014803 -0.991542 0.021807
7268327.220853 -0.210167 -5.471971 -0.041903 0.124667 -0.011180 -0.991307 0.040536
7268328.420939 -0.717456 -5.484834 -0.014338 -0.123088 0.037844 0.990106 0.055746
7268329.020980 -0.950247 -5.377933 -0.008076 -0.116157 0.041369 0.979417 0.159806
7268330.221260 -1.455543 -5.293998 0.017444 -0.124015 0.016327 0.989949 0.065982
7268331.520750 -1.989030 -5.313232 0.011372 -0.122539 0.017461 0.990947 0.052002
7268332.221234 -2.273581 -5.216947 0.021285 -0.120445 0.040637 0.976448 0.174328
7268332.520555 -2.353155 -5.111264 0.025648 -0.111893 0.061752 0.939889 0.316663
7268332.720823 -2.382785 -5.052539 0.020225 -0.098734 0.076952 0.900025 0.417474
7268333.121273 -2.386648 -4.965038 0.027970 -0.100255 0.081720 0.842508 0.522926
7268333.420787 -2.340244 -4.961827 0.005110 -0.071592 0.106567 0.769724 0.625334
7268333.720937 -2.300586 -4.969578 0.011638 -0.061160 0.112797 0.690389 0.711968
7268335.320802 -2.203831 -4.450309 0.021774 -0.070523 0.106122 0.718389 0.683873
7268336.720811 -2.332576 -3.955578 0.013514 -0.095495 0.088955 0.759368 0.637438
7268337.321137 -2.301257 -3.754954 0.020524 -0.069591 0.110020 0.683851 0.717914
7268361.721719 -2.233406 -3.260960 0.009343 -0.081580 0.100094 0.662326 0.738004
7268363.021628 -2.101803 -2.781688 0.019395 -0.056537 0.123222 0.591262 0.795002
7268364.320844 -1.942706 -2.282308 0.033404 -0.065254 0.114730 0.593012 0.794302
7268365.521452 -1.802052 -1.798500 0.018520 -0.062888 0.111167 0.602329 0.787964
7268366.821559 -1.665008 -1.282682 0.009655 -0.066562 0.114442 0.610201 0.781106
7268368.121678 -1.550104 -0.751546 0.008270 -0.059581 0.123742 0.612272 0.778628
7268368.621541 -1.553887 -0.552682 0.011273 -0.079791 0.100903 0.710621 0.691716
7268368.821583 -1.606282 -0.462086 0.008669 -0.083548 0.099651 0.783187 0.608036
7268369.021475 -1.664670 -0.385725 0.004497 -0.100794 0.079471 0.846614 0.516498
7268369.320422 -1.765642 -0.311190 0.008003 -0.110609 0.066059 0.909391 0.395488
7268370.321566 -2.156042 -0.095596 0.009295 -0.120868 0.052742 0.950779 0.280409
7268371.021521 -2.432830 0.004572 0.011955 -0.122374 0.042417 0.976895 0.170006
7268372.220327 -2.947848 0.074577 0.011779 -0.127053 0.029678 0.987666 0.086555
7268373.421493 -3.485010 0.123150 0.007968 0.127887 -0.011690 -0.991681 0.008766
7268374.621490 -3.988151 0.087141 0.009430 0.126340 -0.024453 -0.991083 0.034564
7268375.821310 -4.495556 0.042199 0.015681 0.129060 -0.015220 -0.989671 0.060532
7268376.121405 -4.622279 -0.024243 0.017912 0.129270 0.008193 -0.976535 0.172050
7268376.721409 -4.806533 -0.162548 0.012684 0.114789 0.020481 -0.954668 0.273887
7268377.921446 -5.217014 -0.460009 0.015591 0.126973 0.022996 -0.944356 0.302556
7268379.219322 -5.632210 -0.777879 0.009254 0.121138 0.029696 -0.942276 0.310740
7268380.521223 -6.035986 -1.116598 0.018003 0.124211 0.033111 -0.939669 0.317014
7268381.821329 -6.454310 -1.433771 0.018825 0.116432 0.023556 -0.939575 0.321072
7268383.021279 -6.883692 -1.691783 0.020661 0.127444 0.012393 -0.955538 0.265617
7268384.321129 -7.357183 -1.890893 0.023460 0.119951 0.008832 -0.971763 0.203005
7268385.621122 -7.847955 -2.103307 0.022400 0.126248 0.007146 -0.978698 0.161741
7268386.921152 -8.356510 -2.281482 0.023275 0.129196 0.003284 -0.967637 0.216738
7268388.121192 -8.812300 -2.519323 0.032996 0.124525 0.014942 -0.963019 0.238462
7268389.321084 -9.264840 -2.767736 0.034883 0.122916 0.018628 -0.960254 0.249915
7268390.521106 -9.681185 -3.062467 0.042087 0.126788 0.017838 -0.934368 0.332509
7268390.821026 -9.739364 -3.169279 0.025182 0.109890 0.045464 -0.881866 0.456256
7268391.221119 -9.759954 -3.325860 0.033175 0.115540 0.049179 -0.828303 0.546028
7268391.821111 -9.807310 -3.597474 0.044654 0.104182 0.070272 -0.765118 0.631508
7268393.021125 -9.835359 -4.145114 0.040876 0.093883 0.091619 -0.722315 0.679009
7268394.221097 -9.852945 -4.670960 0.046329 0.100119 0.084568 -0.714084 0.687683
7268395.420947 -9.900076 -5.196089 0.061898 0.107317 0.069670 -0.753114 0.645328
7268396.520896 -9.981588 -5.695749 0.044549 0.101294 0.073059 -0.760093 0.637699
7268397.720917 -10.055793 -6.220921 0.043664 0.112115 0.068691 -0.755707 0.641575
7268398.920849 -10.142378 -6.743042 0.064597 0.103064 0.072364 -0.751698 0.647373
7268400.120892 -10.152487 -7.255968 0.051958 0.092992 0.087353 -0.685274 0.717023
7268401.320900 -10.179096 -7.771831 0.049739 0.105927 0.068869 -0.740000 0.660633
7268401.820822 -10.163033 -7.989571 0.059817 0.092089 0.083533 -0.659646 0.741221
7268402.119843 -10.074162 -8.119032 0.056780 0.075071 0.107104 -0.547182 0.826732
7268402.620891 -9.933617 -8.302020 0.060257 0.063496 0.108431 -0.446453 0.885941
7268403.120934 -9.737791 -8.431149 0.043969 0.048983 0.126375 -0.345648 0.928525
7268404.220871 -9.315629 -8.713871 0.067308 0.051353 0.131857 -0.307058 0.941112
7268405.019528 -8.988654 -8.886799 0.054909 0.025919 0.128547 -0.206097 0.969705
7268405.320892 -8.860064 -8.887945 0.041981 0.029330 0.137142 -0.079920 0.986886
7268405.820965 -8.644876 -8.845631 0.048092 0.004778 0.135997 0.029080 0.990271
7268406.920953 -8.140781 -8.788060 0.051132 0.003916 0.134752 0.059637 0.989075
7268408.020832 -7.640818 -8.739873 0.038141 0.009593 0.135765 -0.004549 0.990684
7268409.220825 -7.103076 -8.762458 0.028316 0.020181 0.129122 -0.015487 0.991302
7268410.420733 -6.561323 -8.773772 0.023060 0.014814 0.137245 -0.007658 0.990397
7268411.620948 -6.045298 -8.751514 0.017146 0.007100 0.135300 0.058619 0.989044
7268411.920523 -5.935426 -8.701554 0.012919 -0.006818 0.130983 0.181600 0.974586
7268412.120636 -5.858825 -8.625702 0.008391 -0.008429 0.136459 0.289991 0.947214
7268412.319924 -5.785396 -8.540758 0.042769 -0.043065 0.127023 0.390527 0.910768
7268412.620902 -5.746498 -8.404163 0.041823 -0.058268 0.122652 0.527240 0.838797
7268413.020814 -5.742080 -8.208271 0.018262 -0.072736 0.117651 0.613541 0.777454
7268414.220757 -5.669693 -7.688735 0.012036 -0.067504 0.111981 0.648961 0.749502
7268415.420776 -5.596887 -7.147256 -0.007557 -0.070219 0.118012 0.655621 0.742499
7268416.520963 -5.553892 -6.641932 0.004561 -0.077286 0.114314 0.663033 0.735762
7268417.720961 -5.497505 -6.114303 -0.002137 -0.076334 0.109621 0.665484 0.734362
7268418.920934 -5.451260 -5.605832 -0.010238 -0.074886 0.106238 0.675214 0.726080
7268420.120889 -5.424955 -5.105625 -0.010121 -0.079409 0.106184 0.678783 0.722269
7268421.320889 -5.390804 -4.573796 -0.019275 -0.075721 0.109745 0.681350 0.719712
7268422.520823 -5.357595 -4.050566 -0.032589 -0.077908 0.107368 0.691106 0.710475
7268423.720858 -5.414638 -3.548001 -0.021158 -0.077234 0.103502 0.693848 0.708447
7268424.921378 -5.416186 -3.004551 -0.021130 -0.081416 0.106436 0.700200 0.701258
7268426.120903 -5.440609 -2.473053 -0.021635 -0.083686 0.102464 0.707868 0.693845
7268427.420759 -5.443426 -1.931501 -0.007372 -0.080801 0.100879 0.664644 0.735896
7268428.620894 -5.380568 -1.399050 -0.011999 -0.076987 0.107790 0.665154 0.734864
7268429.820778 -5.333311 -0.887403 -0.015140 -0.068600 0.103600 0.676789 0.725615
7268431.021146 -5.334028 -0.361377 -0.001125 -0.082626 0.099929 0.676772 0.724684
7268432.221248 -5.291539 0.171634 0.016087 -0.078596 0.104885 0.683231 0.718344
7268432.921016 -5.261589 0.378994 -0.009272 -0.065774 0.121097 0.575620 0.806022
7268433.121117 -5.234764 0.358726 -0.018241 -0.043227 0.130678 0.484402 0.863950
7268433.321125 -5.217751 0.329333 -0.011378 -0.029927 0.124854 0.390617 0.911556
7268433.521154 -5.195582 0.283892 -0.006311 -0.017525 0.126528 0.279040 0.951746
7268433.721099 -5.175198 0.242809 -0.023302 0.006844 0.134628 0.160338 0.977814
7268434.020807 -5.176547 0.211790 -0.012327 0.015980 0.130603 0.054355 0.989815
7268435.622006 -4.643333 0.138801 -0.009348 0.011739 0.128860 -0.006267 0.991573
7268436.820966 -4.139860 0.135721 0.002007 0.014438 0.128775 -0.010918 0.991509
7268438.021992 -3.635939 0.121682 0.006677 0.016505 0.126651 -0.009866 0.991761
7268439.220687 -3.131008 0.096741 0.005020 0.012780 0.121404 -0.002845 0.992517
7268440.420928 -2.618779 0.094264 -0.001546 0.004439 0.130877 -0.003344 0.991383
7268441.620986 -2.104618 0.083770 0.006574 0.014104 0.124968 -0.049949 0.990802
7268442.520883 -1.740920 0.000539 0.002632 0.039182 0.127874 -0.160596 0.977917
7268443.720943 -1.276099 -0.240666 0.012989 0.040412 0.121366 -0.216699 0.967822
7268444.920793 -0.813046 -0.468423 0.016285 0.035904 0.113926 -0.207972 0.970814
7268446.120884 -0.310143 -0.686593 0.034607 0.024280 0.133114 -0.204683 0.969431
7268447.320774 0.155586 -0.954205 0.005777 0.035791 0.125066 -0.203207 0.970456
7268448.520826 0.641537 -1.095102 0.004519 0.018393 0.124603 -0.114304 0.985429
7268449.721777 1.157284 -1.226103 0.027108 0.036289 0.129081 -0.146753 0.980043
7268450.920796 1.659058 -1.383077 0.032705 0.027503 0.125816 -0.147536 0.980636
7268452.220850 2.187992 -1.533506 0.015646 0.017061 0.130942 -0.138644 0.981499
7268453.421607 2.682970 -1.673213 0.040926 0.022848 0.128296 -0.131910 0.982659
7268454.621674 3.187466 -1.834778 0.051612 0.022535 0.125125 -0.127830 0.983614
7268455.821565 3.694519 -1.961715 0.058856 0.020000 0.119642 -0.151256 0.981024
7268456.521733 3.971614 -2.122600 0.071779 0.035746 0.115930 -0.255704 0.959113
7268457.721661 4.379836 -2.431484 0.058239 0.056292 0.115670 -0.360953 0.923669
7268458.921589 4.716220 -2.833202 0.104508 0.059556 0.109910 -0.402420 0.906880
7268460.121518 5.060946 -3.212824 0.106147 0.057983 0.103389 -0.390108 0.913107
7268461.321585 5.432368 -3.582988 0.064022 0.073310 0.111076 -0.442812 0.886682
7268462.621334 5.677901 -4.055538 0.057567 0.074097 0.101933 -0.507913 0.852141
7268463.921427 5.971294 -4.504395 0.053384 0.067237 0.111482 -0.421978 0.897210
7268464.521431 6.134562 -4.701682 0.024034 0.069314 0.107979 -0.513413 0.848495
7268465.120865 6.188149 -4.952983 0.045023 0.090753 0.086425 -0.605087 0.786235
7268466.321365 6.292232 -5.456586 0.039121 0.111842 0.096932 -0.610912 0.777742
7268467.521381 6.282451 -5.961227 0.013860 0.103157 0.085364 -0.689867 0.711446
7268468.721404 6.288865 -6.466337 0.004708 0.099298 0.083737 -0.689232 0.712803
7268591.720865 6.309303 -7.000303 0.006037 0.095102 0.091460 -0.684687 0.716795
7268592.818849 6.287585 -7.264418 0.112590 0.025787 -0.005064 -0.671191 0.740818
7268593.920869 6.409323 -7.541841 0.317055 -0.072276 -0.049362 -0.700820 0.707949
7268594.620877 6.370004 -7.757859 0.443866 -0.041513 -0.069637 -0.778226 0.622730
7268596.420935 6.217763 -8.187729 0.658061 -0.090545 -0.063924 -0.734193 0.669833
7268597.920889 6.074534 -8.623900 0.875371 -0.022192 -0.079428 -0.739106 0.668522
7268599.020856 6.096300 -8.960771 1.048202 -0.080517 0.004591 -0.660952 0.746082
7268600.320756 6.198067 -9.314087 1.241493 -0.011655 -0.097870 -0.678021 0.728404
7268601.720842 6.082390 -9.732105 1.462007 -0.039583 -0.082033 -0.754155 0.650349
7268603.220781 5.998762 -10.212823 1.611587 -0.012881 -0.067576 -0.770144 0.634149
7268604.120780 5.957713 -10.471873 1.769801 -0.057722 -0.054054 -0.703414 0.706368
7268605.521440 6.097826 -10.849710 2.090339 -0.031059 -0.062707 -0.736507 0.672801
7268606.420824 5.960961 -11.178763 2.114162 0.048252 0.024152 -0.798347 0.599775
7268607.520081 5.842518 -11.619627 2.035718 0.121929 0.062571 -0.852198 0.504953
7268608.021262 5.788359 -11.627566 2.069242 0.118521 0.041601 -0.907917 0.399887
7268608.321268 5.782434 -11.589402 2.080733 0.121221 0.019626 -0.955947 0.266620
7268608.621237 5.788676 -11.532188 2.089178 0.119906 -0.006252 -0.986227 0.113751
7268608.821315 5.784729 -11.478926 2.070463 0.124414 -0.031331 -0.991736 0.000232
7268609.020881 5.795551 -11.443791 2.065882 -0.120467 0.038132 0.986592 0.103295
7268609.621163 5.735259 -11.341042 2.072348 -0.113971 0.049646 0.970895 0.204717
7268610.320745 5.491678 -11.312295 2.074506 -0.110504 0.028463 0.989161 0.092406
7268611.221294 5.144118 -11.308462 2.096141 0.124093 -0.012019 -0.992059 0.016595
7268612.620378 4.638786 -11.397862 2.068209 0.122237 0.005117 -0.989723 0.074030
7268613.220890 4.429090 -11.377582 2.052631 -0.120270 0.027805 0.991292 0.045843
7268613.521203 4.402344 -11.323483 2.067502 -0.110898 0.045056 0.974520 0.189693
7268613.721272 4.416375 -11.281192 2.051950 -0.108235 0.060538 0.946323 0.298484
7268613.921117 4.448664 -11.254664 2.029215 -0.097707 0.083684 0.903122 0.409659
7268614.121073 4.478843 -11.244536 2.034265 -0.094747 0.089838 0.850200 0.510011
7268614.421109 4.521858 -11.235769 2.049165 -0.077836 0.103851 0.781248 0.610580
7268616.721062 4.513574 -10.727901 2.077384 -0.074184 0.105430 0.732426 0.668531
7268618.021188 4.518962 -10.516191 2.170772 0.019936 0.034841 0.752785 0.657042
7268619.721016 4.456050 -10.172367 2.287977 0.054266 0.006063 0.670112 0.740249
7268619.920942 4.461947 -10.180731 2.292842 0.059342 0.024348 0.590406 0.804554
7268621.822079 4.674363 -9.792089 2.540961 0.040880 -0.007101 0.596749 0.801354
7268622.122052 4.602931 -9.676982 2.566638 0.013638 -0.024989 0.683254 0.729625
7268622.722085 4.600773 -9.631185 2.606808 0.048924 -0.062142 0.751350 0.655148
7268627.720767 4.602620 -9.228947 2.929399 0.080039 -0.041260 0.713636 0.694705
7268629.020932 4.752155 -8.792710 3.122073 0.116462 -0.029228 0.672054 0.730703
7268630.720882 4.673660 -8.316905 3.304504 0.016887 -0.054552 0.708886 0.703008
7268632.120791 4.789495 -7.887520 3.611418 0.113050 -0.032403 0.674291 0.729042
7268633.521919 4.793407 -7.476694 3.751863 0.035998 -0.098181 0.617424 0.779648
7268634.620822 4.860833 -7.133659 3.951212 0.113038 -0.023384 0.640939 0.758862
7268636.021829 5.047626 -6.655789 4.094604 0.026349 0.032704 0.618207 0.784893
7268636.521793 5.060696 -6.371659 4.134387 -0.060347 0.102795 0.612510 0.781423
7268637.321842 5.113742 -6.334869 4.096190 -0.053796 0.104817 0.498562 0.858810
7268637.621805 5.147211 -6.372705 4.094435 -0.023749 0.118024 0.360165 0.925088
7268637.821895 5.158116 -6.410667 4.089297 -0.011872 0.124297 0.257767 0.958105
7268638.021901 5.155986 -6.447382 4.092386 0.008761 0.122258 0.148343 0.981311
7268638.321776 5.160206 -6.501366 4.095749 0.026740 0.118398 0.022585 0.992349
7268639.720965 5.672994 -6.561232 4.109782 0.031168 0.125409 -0.051231 0.990291
7268640.921801 6.089658 -6.571632 4.104739 0.007871 0.124948 0.076131 0.989207
7268641.221750 6.071606 -6.522512 4.102602 -0.009401 0.111169 0.224412 0.968087
7268641.421797 6.028735 -6.483307 4.105233 -0.032421 0.108963 0.338735 0.933988
7268641.620819 5.997553 -6.450863 4.110929 -0.055194 0.100315 0.441548 0.889902
7268642.021758 5.961255 -6.452211 4.093451 -0.063035 0.103265 0.539619 0.833171
7268642.420899 5.923859 -6.451969 4.093434 -0.084140 0.093283 0.626471 0.769255
7268644.121678 6.044362 -5.944042 4.114261 -0.064893 0.104717 0.588153 0.799312
7268645.421558 6.124538 -5.439211 4.116813 -0.061815 0.103318 0.640129 0.758775
7268646.721632 6.208515 -4.936104 4.102539 -0.086979 0.107789 0.654735 0.743060
7268648.421663 6.240403 -4.432675 4.093157 -0.080417 0.090831 0.666508 0.735561
7268803.821078 6.317418 -3.896677 4.108007 -0.078081 0.097010 0.753052 0.646069
7268804.121009 6.266961 -3.786773 4.095128 -0.105803 0.066613 0.834171 0.537147
7268804.421065 6.187845 -3.767335 4.101134 -0.113937 0.051476 0.901215 0.414946
7268804.721142 6.137422 -3.810202 4.089953 -0.131151 0.036668 0.946651 0.292073
7268805.820659 5.878506 -3.735843 4.100578 -0.127588 0.038451 0.971853 0.194282
7268806.420999 5.638234 -3.686080 4.089064 -0.136767 0.024805 0.986357 0.088198
7268807.720947 5.128284 -3.648849 4.086348 -0.136363 0.014141 0.989229 0.051295
7268809.021078 4.587795 -3.655379 4.083353 0.137879 -0.000628 -0.989953 0.031341
7268810.320901 4.061220 -3.712890 4.070436 0.129557 -0.013795 -0.990120 0.051843
7268811.620899 3.539731 -3.728047 4.069000 0.134447 -0.009837 -0.990620 0.022359
7268811.920882 3.423760 -3.779029 4.062373 0.133577 0.006687 -0.979911 0.147942
7268812.221998 3.334368 -3.852902 4.045022 0.135649 0.016327 -0.949742 0.281643
7268812.621900 3.245023 -4.002799 4.081941 0.127888 0.040219 -0.913634 0.383797
7268813.920982 2.919758 -4.411502 4.053041 0.130469 0.031874 -0.896298 0.422625
7268814.820955 2.723776 -4.726529 4.049823 0.122077 0.057104 -0.841272 0.523544
7268815.120868 2.723030 -4.834972 4.034232 0.113828 0.064415 -0.757011 0.640179
7268815.320800 2.762589 -4.909945 4.032385 0.086208 0.076229 -0.677775 0.726209
7268815.520783 2.803938 -5.010178 4.048812 0.092315 0.092908 -0.591020 0.795954
7268816.920798 2.964615 -5.524238 4.051847 0.097794 0.095088 -0.633875 0.761313
7268817.820810 2.959621 -5.881954 4.047259 0.103389 0.077397 -0.715483 0.686589
7268818.120877 2.925375 -5.996153 4.049837 0.120702 0.057827 -0.799209 0.585963
7268818.420853 2.851071 -6.058770 4.052154 0.126832 0.043985 -0.880275 0.455077
7268818.620838 2.762424 -6.092401 4.045436 0.128284 0.040227 -0.926257 0.352097
7268818.920847 2.641309 -6.130974 4.036955 0.139265 0.010877 -0.958241 0.249521
7268819.320758 2.478334 -6.155740 4.039793 0.136509 0.013944 -0.980585 0.140083
7268819.620761 2.363171 -6.135957 4.029867 0.139308 -0.020256 -0.990015 0.007251
7268820.421742 2.078752 -6.034770 4.028829 -0.134019 0.040911 0.985371 0.097001
7268821.821759 1.556125 -5.944029 4.017772 -0.126542 0.017619 0.990268 0.055196
7268823.221748 1.044545 -5.928691 4.016818 -0.131466 0.017541 0.991141 0.006917
7268824.521546 0.524592 -5.913883 4.001441 -0.135804 0.016706 0.990581 0.005295
7268825.721649 0.019468 -5.850400 3.994640 -0.134846 0.019903 0.988715 0.062154
7268827.021696 -0.513142 -5.796693 3.977944 -0.134763 0.011887 0.989088 0.058331
7268828.321611 -1.030909 -5.735585 3.977032 -0.128579 0.020088 0.990124 0.052140
7268829.621520 -1.574859 -5.670590 3.987036 -0.137135 0.016985 0.989460 0.043286
7268830.921596 -2.120370 -5.652376 3.956636 0.138369 -0.009934 -0.989890 0.029562
7268832.221529 -2.631964 -5.750506 3.947546 0.136616 0.000965 -0.988498 0.064867
7268833.520828 -3.171433 -5.726373 3.939863 -0.137568 0.006467 0.989915 0.033179
7268834.721452 -3.680059 -5.684873 3.934240 -0.133310 0.015672 0.990427 0.032203
7268835.921473 -4.187639 -5.654305 3.912969 -0.129978 0.016260 0.991215 0.018298
7268837.321371 -4.648098 -5.578133 3.903183 -0.131334 0.033685 0.978732 0.153951
7268837.621424 -4.618495 -5.536266 3.901867 -0.119782 0.052899 0.944736 0.300545
7268838.221454 -4.617595 -5.479205 3.898921 -0.103871 0.068334 0.905365 0.406023
7268839.821379 -4.942419 -5.139847 3.894544 -0.125370 0.039202 0.953166 0.272432
7268840.021325 -4.951333 -5.175225 3.895132 -0.132240 0.020826 0.976449 0.169193
7268840.221415 -4.945475 -5.213984 3.882271 -0.131830 -0.001200 0.989650 0.056671
7268840.421022 -4.940250 -5.248132 3.884074 0.136784 0.001666 -0.988748 0.060532
7268840.621325 -4.916012 -5.286107 3.895086 0.131984 0.017482 -0.974276 0.181828
7268840.821342 -4.896853 -5.322889 3.898121 0.130381 0.038039 -0.943231 0.303099
7268841.021423 -4.864829 -5.345789 3.893304 0.128475 0.051040 -0.899584 0.414292
7268841.221379 -4.823046 -5.357325 3.911069 0.125334 0.055380 -0.841202 0.523071
7268841.521144 -4.784002 -5.355927 3.900048 0.112968 0.073650 -0.766624 0.627775
7268842.221301 -4.775904 -5.345775 3.896114 0.109475 0.086156 -0.694820 0.705562
7268843.821352 -4.740572 -5.855725 3.892595 0.101756 0.083321 -0.676188 0.724895
7268845.121275 -4.734273 -6.383378 3.902202 0.116840 0.072658 -0.718596 0.681681
7268846.419745 -4.801373 -6.899984 3.891901 0.124611 0.060877 -0.741246 0.656750
7268847.721226 -4.860601 -7.427444 3.891174 0.113625 0.069498 -0.739219 0.660163
7268849.021015 -4.909255 -7.973268 3.868106 0.119008 0.072342 -0.730244 0.668840
7268850.321290 -4.950906 -8.495435 3.866327 0.111449 0.081283 -0.723838 0.676040
7268852.021218 -5.014792 -8.564114 3.853637 0.124579 0.053992 -0.815822 0.562138
7268852.321203 -5.054594 -8.538069 3.841445 0.136930 0.036648 -0.890351 0.432645
7268852.521081 -5.078121 -8.505226 3.841723 0.135053 0.023358 -0.931575 0.336725
7268852.721258 -5.097802 -8.470615 3.849889 0.138631 0.003931 -0.964327 0.225478
7268853.021201 -5.101101 -8.420741 3.849402 0.138886 -0.009098 -0.985952 0.092343
7268855.121115 -5.250579 -8.436865 3.856993 0.135418 0.017628 -0.970477 0.198813
7268855.621048 -5.289841 -8.474628 3.841160 0.129533 0.023202 -0.943469 0.304219
7268856.420698 -5.446497 -8.654490 3.849053 0.129942 0.046393 -0.895057 0.424070
7268856.721159 -5.417938 -8.684098 3.838139 0.117130 0.070358 -0.823805 0.550159
7268857.221009 -5.383315 -8.668926 3.845238 0.110738 0.071702 -0.759084 0.637485
7268863.421858 -5.348767 -8.648986 3.850882 0.102502 0.083972 -0.679000 0.722081
7268863.720805 -5.312257 -8.623547 3.840579 0.079073 0.102790 -0.574151 0.808413
7268864.220839 -5.296422 -8.579146 3.845731 0.072008 0.105354 -0.485884 0.864657
7268865.920947 -5.288160 -8.551879 3.845507 0.069027 0.113971 -0.380956 0.914942
7268866.220777 -5.285777 -8.530053 3.846372 0.041063 0.122409 -0.276712 0.952240
7268872.820956 -5.311411 -8.485160 3.857490 0.038895 0.122039 -0.165952 0.977780
7268873.220850 -5.303636 -8.440218 3.845253 0.015126 0.126645 -0.055365 0.990286
7268875.420850 -5.340166 -8.408574 3.857188 0.008065 0.120123 0.066420 0.990502
7268875.720950 -5.344233 -8.366970 3.857174 -0.025074 0.119872 0.191171 0.973887
7268876.018391 -5.371411 -8.344666 3.854502 -0.028934 0.119661 0.313582 0.941547
7268958.320854 -5.128864 -8.097338 3.876135 -0.048282 0.107887 0.418832 0.900338
7268959.020832 -5.020972 -7.858776 3.881420 -0.063766 0.106071 0.516957 0.847017
7268960.320835 -4.862309 -7.359904 3.898566 -0.069215 0.097353 0.583347 0.803391
7268961.320747 -4.810154 -6.964211 3.888083 -0.084125 0.084769 0.667302 0.735150
7268962.620889 -4.777185 -6.461948 3.899069 -0.081084 0.092184 0.643140 0.755843
7268963.920802 -4.696030 -5.958874 3.906634 -0.078973 0.089327 0.645101 0.754737
7268964.320704 -4.709445 -5.802871 3.896818 -0.088589 0.091044 0.736909 0.663949
7268964.620882 -4.788353 -5.703726 3.904186 -0.100310 0.079376 0.813328 0.567569
7268965.320875 -4.975345 -5.470280 3.901412 -0.114449 0.065648 0.884033 0.448417
7268965.620808 -5.085995 -5.408298 3.882291 -0.132777 0.041534 0.937460 0.319083
7268966.020870 -5.223174 -5.376991 3.889285 -0.127570 0.029729 0.968145 0.213395
7268967.320839 -5.744151 -5.221011 3.880643 -0.140037 0.031000 0.977665 0.153625
7268968.620771 -6.254386 -5.071797 3.861544 -0.143875 0.016409 0.978891 0.144236
7268969.120790 -6.460562 -5.055500 3.863711 -0.141480 0.009315 0.989023 0.041606
7268970.420555 -6.993166 -5.082854 3.842170 0.146570 -0.019356 -0.988925 0.013020
7268971.620952 -7.493946 -5.095982 3.835810 0.143822 -0.012227 -0.989210 0.025087
7268972.920841 -8.009382 -5.078322 3.812555 -0.144891 0.010095 0.987710 0.057744
7268974.220917 -8.515034 -5.003659 3.810150 -0.139379 0.013502 0.987526 0.072001
7268975.520745 -9.034596 -4.940425 3.803638 -0.138831 0.017006 0.987949 0.066284
7268976.820921 -9.551305 -4.881889 3.792799 -0.131946 0.017624 0.989353 0.058823
7268978.120757 -10.072397 -4.834485 3.770828 -0.139095 0.018780 0.988771 0.051293
7268978.820779 -10.345045 -4.746347 3.764891 -0.132959 0.036300 0.972738 0.186509
7268979.120805 -10.420146 -4.667878 3.754384 -0.132210 0.053641 0.933860 0.327946
7268979.420766 -10.453121 -4.543933 3.762162 -0.115776 0.057590 0.881941 0.453276
7268980.620924 -10.647170 -4.078228 3.779833 -0.109322 0.070784 0.840650 0.525686
7268981.121330 -10.667006 -3.889313 3.765129 -0.093864 0.088989 0.770597 0.624060
7268981.420764 -10.636724 -3.770831 3.771010 -0.083464 0.093532 0.690043 0.712829
7268982.621266 -10.513404 -3.289679 3.777228 -0.068250 0.096162 0.619570 0.776033
7268983.221240 -10.498741 -3.079119 3.779802 -0.081938 0.088547 0.696821 0.707026
7268984.521205 -10.488976 -2.558539 3.780059 -0.075561 0.097575 0.674481 0.727905
7268992.521110 -10.433017 -2.033991 3.778011 -0.081978 0.089228 0.673266 0.729405
7268993.821022 -10.396423 -1.492782 3.777166 -0.088190 0.089199 0.682145 0.720378
7268995.020881 -10.395355 -0.973018 3.775862 -0.083565 0.097871 0.707616 0.694779
7268996.221043 -10.418019 -0.433452 3.781543 -0.087032 0.091644 0.699562 0.703307
7268997.420909 -10.407667 0.082653 3.780651 -0.091617 0.085506 0.698683 0.704370
7268998.620850 -10.437325 0.593954 3.777653 -0.085546 0.097866 0.703585 0.698621
7268999.821866 -10.373695 1.105971 3.781129 -0.087394 0.092569 0.667137 0.733977
7269001.120567 -10.290018 1.638335 3.783088 -0.088004 0.092230 0.623757 0.771153
7269002.421771 -10.178264 2.168715 3.794536 -0.078456 0.095499 0.627892 0.768425
7269003.619948 -10.079403 2.680822 3.806579 -0.070441 0.093737 0.629300 0.768266
7269004.821843 -9.986234 3.198490 3.817271 -0.077844 0.094985 0.636201 0.761687
7269005.820782 -9.833609 3.556958 3.819556 -0.059933 0.109777 0.549983 0.825758
7269006.120787 -9.755331 3.640258 3.831891 -0.044148 0.099260 0.459239 0.881645
7269006.420861 -9.636874 3.722214 3.841921 -0.020624 0.115857 0.345822 0.930892
7269007.120770 -9.369576 3.827194 3.845118 -0.006585 0.114783 0.225887 0.967345
7269008.321722 -8.853839 3.961898 3.824262 -0.002095 0.115122 0.110172 0.987221
7269008.921681 -8.597508 3.932845 3.851339 0.026588 0.114211 -0.004133 0.993092
7269009.621641 -8.291858 3.840096 3.863583 0.041117 0.112424 -0.107274 0.986997
7269010.921653 -7.761524 3.752715 3.869704 0.019724 0.114166 -0.028786 0.992849
7269012.021728 -7.300143 3.623421 3.883363 0.040636 0.109610 -0.133528 0.984126
7269013.321696 -6.770257 3.539584 3.888221 0.024718 0.108964 -0.039034 0.992971
7269014.521616 -6.254811 3.491983 3.898548 0.033273 0.118958 -0.069016 0.989939
7269015.721519 -5.744084 3.391734 3.916490 0.022553 0.114674 -0.047293 0.992021
7269016.921561 -5.218651 3.360149 3.913414 0.017061 0.113838 -0.021414 0.993122
7269018.121490 -4.702835 3.362267 3.924817 0.016502 0.117756 -0.015087 0.992791
7269019.321446 -4.183363 3.314862 3.940149 0.024143 0.119584 -0.048383 0.991350
7269020.521487 -3.658862 3.234498 3.944139 0.025441 0.112520 -0.073584 0.990594
7269021.721423 -3.134200 3.159421 3.957788 0.025742 0.116015 -0.070494 0.990408
7269022.921455 -2.600034 3.076190 3.965558 0.026103 0.117205 -0.063739 0.990716
7269024.121413 -2.092330 3.017898 3.970300 0.022050 0.111947 -0.054532 0.991972
7269025.321384 -1.593554 2.962194 3.966574 0.014707 0.117501 -0.049958 0.991706
7269026.521315 -1.066249 2.911339 3.984620 0.019885 0.115643 -0.043248 0.992150
7269027.721223 -0.548768 2.860904 3.993999 0.016814 0.112469 -0.033468 0.992949
7269028.921190 -0.031685 2.843326 4.015223 0.014576 0.116684 -0.030110 0.992606
7269030.121201 0.480962 2.800560 4.019449 0.018376 0.117544 -0.019658 0.992703
7269031.320922 1.004291 2.781417 4.028879 0.015086 0.112761 -0.008954 0.993467
7269032.521248 1.520264 2.771119 4.032894 0.015253 0.118839 -0.004354 0.992787
7269033.721160 2.045222 2.761872 4.033563 0.014833 0.114767 -0.002542 0.993278
7269034.521170 2.356875 2.685973 4.037959 0.031492 0.112445 -0.121795 0.985662
7269035.721139 2.840345 2.467788 4.040290 0.034296 0.110724 -0.245282 0.962497
7269036.021167 2.927137 2.372893 4.039938 0.071053 0.101935 -0.359400 0.924874
7269037.221114 3.194115 1.907807 4.051361 0.085448 0.091853 -0.449792 0.884279
7269037.721131 3.277432 1.707180 4.060222 0.093805 0.088211 -0.546809 0.827297
7269038.420956 3.301506 1.391103 4.056030 0.109153 0.080901 -0.650661 0.747115
7269039.620954 3.284343 0.854728 4.076254 0.114422 0.066236 -0.705584 0.696184
7269040.821078 3.237251 0.312097 4.051056 0.114009 0.066551 -0.704973 0.696839
7269042.020997 3.233061 -0.202577 4.034344 0.107900 0.071857 -0.701094 0.701186
7269043.120895 3.116965 -0.698399 4.047241 0.116926 0.063045 -0.751774 0.645902
7269044.320864 3.091217 -1.230412 4.041157 0.106576 0.068432 -0.708098 0.694662
7269045.420961 3.074697 -1.753958 4.092080 0.101872 0.066441 -0.711447 0.692135
7269046.520996 3.049582 -2.284760 4.109956 0.101913 0.062484 -0.709351 0.694645
7269047.620772 2.947963 -2.786900 4.109336 0.108743 0.052877 -0.771275 0.624911
7269048.820973 2.844861 -3.296895 4.064808 0.117589 0.061777 -0.744695 0.654054
7269049.120948 2.875190 -3.441040 4.070259 0.111780 0.071511 -0.656991 0.742128
7269049.420953 2.938597 -3.561555 4.054726 0.081590 0.085670 -0.538120 0.834524
7269049.620787 3.005305 -3.614286 4.058311 0.068856 0.092509 -0.447335 0.886901
7269049.820828 3.105512 -3.632138 4.072264 0.055578 0.099492 -0.333465 0.935849
7269050.020897 3.215661 -3.645847 4.063220 0.037682 0.117442 -0.222593 0.967078
7269050.420802 3.396708 -3.659694 4.076622 0.026417 0.125611 -0.103129 0.986351
7269051.220903 3.749582 -3.661664 4.072971 0.012950 0.114807 0.011758 0.993234
7269052.420795 4.290411 -3.582421 4.079340 0.000890 0.126406 0.075502 0.989101
7269053.620533 4.794163 -3.534506 4.085750 0.008378 0.124389 -0.003021 0.992194
7269054.020844 4.982765 -3.597771 4.093657 0.038282 0.120809 -0.137628 0.982343
7269055.320785 5.463889 -3.758540 4.090018 0.030350 0.126199 -0.123841 0.983776
7269067.820777 5.105636 -3.638530 4.073309 -0.002426 0.128065 -0.007811 0.991732
7269068.120801 5.076802 -3.589731 4.072157 -0.014978 0.130636 0.131718 0.982527
7269068.320725 5.049052 -3.560934 4.078901 -0.029250 0.130811 0.241435 0.961115
7269068.620826 5.011777 -3.552639 4.074990 -0.050529 0.120140 0.358199 0.924504
7269069.821330 5.099588 -3.423443 4.087916 -0.045886 0.115522 0.451073 0.883788
7269070.921225 5.172558 -3.206437 4.084521 -0.073267 0.109776 0.543073 0.829248
7269071.620757 5.146130 -3.208319 4.083196 -0.087887 0.100690 0.628076 0.766588
7269077.820902 5.238094 -2.692563 4.097170 -0.075118 0.100273 0.638207 0.759601
7269078.921107 5.349716 -2.275968 4.096194 -0.060209 0.108192 0.555395 0.822317
7269080.221004 5.599000 -1.825185 4.093142 -0.057846 0.109173 0.519569 0.845449
7269080.920878 5.741391 -1.627816 4.092529 -0.020814 0.122516 0.397924 0.908963
7269081.221069 5.859292 -1.608649 4.122612 -0.011297 0.103720 0.283730 0.953211
7269081.922269 6.129706 -1.522568 4.099052 -0.004411 0.118385 0.162934 0.979499
7269082.221087 6.279122 -1.531834 4.102906 0.018929 0.124059 0.057227 0.990442
7269083.522213 6.809902 -1.599921 4.107725 0.032177 0.120012 -0.021310 0.992022
7269084.822260 7.353391 -1.549445 4.112536 0.011867 0.115373 0.050650 0.991959
7269086.121033 7.887457 -1.574572 4.127223 0.021521 0.123085 -0.030834 0.991683
7269087.320917 8.389828 -1.613298 4.131134 0.021136 0.117035 -0.029686 0.992459
7269088.520912 8.905925 -1.624946 4.119740 0.019337 0.126469 -0.022224 0.991533
7269089.720863 9.433996 -1.646022 4.157017 0.018038 0.123719 -0.014872 0.992042
7269091.022097 9.959241 -1.724884 4.125743 0.040724 0.121708 -0.086215 0.987976
7269092.222034 10.465567 -1.823342 4.150553 0.029873 0.120740 -0.034245 0.991643
7269093.520772 11.004603 -1.801578 4.129851 0.010588 0.127523 -0.003013 0.991774
7269094.820892 11.027524 -1.762083 4.118956 -0.013493 0.121954 0.106251 0.986740
7269096.020871 11.289154 -1.646654 4.137095 -0.012203 0.111970 0.240184 0.964171
7269096.320921 11.370421 -1.537539 4.134697 -0.036688 0.113365 0.376274 0.918814
7269096.621993 11.414919 -1.430047 4.130896 -0.048401 0.109600 0.473126 0.872810
7269097.620879 11.549528 -1.021889 4.140916 -0.066210 0.109509 0.567110 0.813640
7269098.921989 11.625191 -0.491833 4.131936 -0.069871 0.100950 0.629233 0.767459
7269100.121993 11.724051 0.010096 4.146506 -0.071319 0.104570 0.638779 0.758908
7269101.421756 11.741873 0.542895 4.136070 -0.092847 0.100211 0.703009 0.697937
7269108.321602 11.762500 1.067760 4.147492 -0.075152 0.096969 0.680229 0.722660
7269108.921482 11.736638 1.287291 4.150561 -0.088077 0.092227 0.757450 0.640318
7269109.221761 11.642137 1.397743 4.127670 -0.105919 0.075801 0.842556 0.522624
7269109.521776 11.538641 1.468337 4.086239 -0.114995 0.070849 0.900559 0.413219
7269110.121709 11.436777 1.528103 4.116042 -0.126319 0.045796 0.939557 0.314927
7269111.220316 11.432489 1.509251 4.111188 -0.127293 0.035618 0.969245 0.207587
7269111.521756 11.432815 1.473390 4.115023 -0.129064 0.021297 0.986721 0.096285
7269113.321562 11.085250 1.466289 4.123817 0.133201 -0.009474 -0.991013 0.007763
7269114.519887 10.547251 1.507079 4.138568 -0.135638 0.018171 0.989353 0.049523
7269115.721568 10.034399 1.537130 4.130410 -0.128383 0.022183 0.990319 0.047889
7269116.921537 9.516900 1.591282 4.127360 -0.134684 0.006776 0.990111 0.038668
7269118.121526 9.006437 1.624536 4.129074 -0.130052 0.012867 0.990946 0.030775
7269119.321525 8.478784 1.630299 4.123096 -0.127801 0.019050 0.991414 0.020036
7269120.521426 7.953035 1.657064 4.141060 -0.124323 0.010493 0.992123 0.011203
7269121.721367 7.448940 1.640725 4.124647 -0.132217 0.013852 0.991107 0.005797
7269122.921340 6.935494 1.729346 4.136878 -0.127452 0.024050 0.988299 0.080268
7269124.021447 6.474105 1.730215 4.120900 0.128837 -0.004582 -0.989777 0.061012
7269124.321412 6.372996 1.670111 4.112657 0.129935 0.009629 -0.972153 0.194790
7269124.521505 6.339268 1.591105 4.124809 0.114216 0.027428 -0.945164 0.304742
7269124.721457 6.290829 1.487579 4.120997 0.119577 0.049262 -0.898993 0.418433
7269125.021404 6.244530 1.371143 4.096735 0.129976 0.052277 -0.850318 0.507280
7269126.221370 6.099272 0.854126 4.122626 0.112560 0.073110 -0.792137 0.595403
7269127.421449 5.999370 0.329947 4.110070 0.112736 0.064884 -0.772332 0.621758
7269128.621304 5.893048 -0.194347 4.113989 0.111588 0.075556 -0.765500 0.629165
7269129.821325 5.808885 -0.721635 4.108693 0.111079 0.072988 -0.762487 0.633204
7269131.020894 5.696050 -1.221470 4.111256 0.113483 0.064773 -0.781982 0.609451
7269132.221300 5.550016 -1.730780 4.101634 0.115285 0.070630 -0.799236 0.585613
7269133.421262 5.446818 -2.261516 4.118508 0.104609 0.075847 -0.748402 0.650537
7269134.521195 5.321218 -2.752977 4.112361 0.120981 0.054460 -0.820042 0.556712
7269135.821170 5.140597 -3.265880 4.095618 0.117608 0.061592 -0.783072 0.607596
7269136.221054 5.167143 -3.439275 4.119074 0.103294 0.071962 -0.707294 0.695619
7269136.521083 5.211922 -3.562939 4.095521 0.084003 0.086307 -0.604781 0.787232
7269136.921020 5.309316 -3.695602 4.114332 0.086623 0.096412 -0.518255 0.845348
7269138.021075 5.612570 -4.095768 4.105775 0.074068 0.107987 -0.413612 0.900987
7269138.321190 5.736351 -4.122745 4.113986 0.046254 0.102559 -0.282606 0.952615
7269138.621074 5.868136 -4.154801 4.108942 0.031050 0.116995 -0.162405 0.979272
7269139.920995 6.387586 -4.270127 4.123647 0.029216 0.124856 -0.139145 0.981935
7269141.020955 6.741015 -4.293927 4.109757 0.016258 0.126345 -0.035132 0.991231
7269179.420564 7.272745 -4.231168 4.123969 0.012773 0.120617 -0.008093 0.992584
7269180.820997 7.808529 -4.230110 4.124706 0.013441 0.114725 -0.000845 0.993306
7269182.120947 8.317803 -4.205562 4.126871 0.008702 0.123050 0.001699 0.992361
7269183.420956 8.845657 -4.207635 4.124791 0.020541 0.121292 -0.062765 0.990418
7269184.620981 9.350273 -4.298652 4.163073 0.024027 0.118216 -0.096454 0.988000
7269185.820861 9.857702 -4.384079 4.120160 0.016217 0.118731 -0.081529 0.989441
7269186.920753 10.342328 -4.491935 4.123467 0.033742 0.116862 -0.166778 0.978463
7269187.220894 10.442367 -4.586326 4.134209 0.043630 0.108589 -0.274381 0.954474
7269187.520770 10.535282 -4.694627 4.133604 0.063593 0.105174 -0.386239 0.914174
7269188.220870 10.671250 -4.967987 4.129013 0.074387 0.096879 -0.498945 0.857983
7269195.520775 10.799559 -5.257463 4.139536 0.058178 0.112887 -0.375717 0.917992
7269195.821461 10.796659 -5.214490 4.131851 0.023207 0.118476 -0.232684 0.965030
7269196.121484 10.781471 -5.166290 4.137540 0.012795 0.118373 -0.120022 0.985606
7269197.220835 11.055198 -5.160489 4.140206 -0.004041 0.125123 -0.014333 0.992029
7269198.521414 11.600556 -5.106419 4.167367 0.001487 0.130646 -0.002499 0.991425
7269199.820773 12.105916 -4.982188 4.148866 -0.002249 0.118872 0.089623 0.988854
7269201.020891 12.646907 -4.939541 4.158095 0.007989 0.127061 0.014788 0.991752
7269201.620885 12.890036 -4.876107 4.171545 -0.011203 0.125580 0.120246 0.984706
7269202.220768 13.091664 -4.722781 4.145520 -0.025468 0.129316 0.246086 0.960245
7269203.021362 13.349977 -4.491486 4.142932 -0.043282 0.118784 0.352380 0.927279
7269203.421334 13.424673 -4.330983 4.146155 -0.043935 0.110914 0.455507 0.882203
7269204.320936 13.589093 -3.941276 4.141603 -0.067738 0.117017 0.547772 0.825630
7269204.820792 13.634672 -3.735123 4.139040 -0.070725 0.103335 0.631958 0.764820
7269206.021386 13.626388 -3.198424 4.126641 -0.087240 0.106407 0.696301 0.704437
7269207.221398 13.632543 -2.697175 4.114060 -0.085642 0.105269 0.651356 0.746538
7269208.421250 13.728288 -2.174503 4.109162 -0.075712 0.104774 0.639719 0.757661
7269209.621365 13.795254 -1.645004 4.118072 -0.090246 0.106309 0.690377 0.709883
7269210.821176 13.744762 -1.132215 4.097375 -0.089384 0.103705 0.685616 0.714973
7269212.021252 13.808167 -0.602148 4.094648 -0.076622 0.102489 0.655554 0.744227
7269213.221250 13.868526 -0.074698 4.084903 -0.083401 0.109739 0.661645 0.737039
7269214.420456 13.899552 0.437276 4.076468 -0.086505 0.101687 0.665236 0.734600
7269215.621182 13.950937 0.956158 4.045595 -0.083482 0.101004 0.672240 0.728644
7269216.821173 14.063677 1.457960 4.053252 -0.079102 0.106106 0.576657 0.806195
7269217.121134 14.144258 1.564353 4.041259 -0.051419 0.115889 0.466554 0.875359
7269217.420268 14.269282 1.619100 4.049309 -0.026747 0.115713 0.331706 0.935877
7269217.620979 14.382629 1.633827 4.056494 -0.013013 0.126910 0.232620 0.964164
7269218.521014 14.775735 1.710947 4.044536 -0.005324 0.123326 0.130634 0.983716
7269219.720621 15.312124 1.785664 4.057314 0.012159 0.117868 0.018032 0.992791
7269220.921080 15.826168 1.702422 4.063349 0.021474 0.123520 -0.065673 0.989934
7269222.120997 16.342575 1.615949 4.061792 0.021639 0.118456 -0.071063 0.990177
7269223.320887 16.853004 1.522596 4.069209 0.024317 0.120232 -0.071970 0.989835
7269223.720927 16.979931 1.472004 4.058142 0.037886 0.123923 -0.197204 0.971760
7269224.020964 17.047556 1.346475 4.015205 0.041602 0.112555 -0.331798 0.935687
7269224.420914 17.139233 1.183410 4.006528 0.067103 0.113146 -0.432259 0.892103
7269225.620967 17.394028 0.735743 4.053100 0.070170 0.098030 -0.481149 0.868310
7269226.320864 17.512518 0.446522 4.050186 0.086694 0.087828 -0.569669 0.812556
7269226.620870 17.512657 0.336693 4.010835 0.097883 0.077016 -0.658832 0.741908
7269227.820909 17.472275 -0.164366 4.059576 0.095626 0.077213 -0.671005 0.731195
7269229.020872 17.524263 -0.691028 4.067378 0.085714 0.073362 -0.665573 0.737756
7269229.920867 17.467844 -1.071820 4.086222 0.102858 0.061141 -0.738677 0.663354
7269231.120809 17.403395 -1.603411 4.087469 0.096860 0.065617 -0.740352 0.661961
7269232.420865 17.315845 -2.133460 4.098554 0.100555 0.061599 -0.784694 0.608563
7269233.620772 17.224928 -2.660065 4.111566 0.094602 0.068652 -0.734214 0.668780
7269234.820645 17.087740 -3.179216 4.104829 0.100201 0.056547 -0.785262 0.608380
7269236.121622 16.935072 -3.704043 4.120762 0.103023 0.063682 -0.783754 0.609147
7269237.321606 16.828974 -4.199459 4.135756 0.093223 0.059459 -0.779499 0.616568
7269237.820751 16.700651 -4.420944 4.154566 0.111760 0.036512 -0.843614 0.523920
7269238.120833 16.611593 -4.512324 4.124885 0.122845 0.029142 -0.894081 0.429742
7269239.320845 16.414532 -4.634904 4.136026 0.120444 0.017085 -0.937781 0.325220
7269239.620786 16.376181 -4.616686 4.137414 0.130232 -0.002524 -0.970756 0.201656
7269240.320815 16.203516 -4.583693 4.141923 0.130127 -0.017857 -0.986700 0.095764
7269241.621137 15.690499 -4.661497 4.148934 0.122024 -0.016146 -0.989128 0.080468
7269242.321361 15.368876 -4.655388 4.152679 -0.126389 0.036823 0.990934 0.026810
7269243.520820 14.858232 -4.602977 4.139230 -0.127818 0.021648 0.991345 0.020692
7269244.720778 14.331572 -4.687498 4.156648 0.129672 -0.009566 -0.989638 0.060916
7269245.921282 13.829768 -4.776958 4.155571 0.122831 -0.003986 -0.982584 0.139378
7269247.121330 13.324009 -4.904666 4.148664 0.129010 -0.001965 -0.987791 0.087299
7269248.220765 12.829240 -4.992512 4.145978 0.134113 -0.021503 -0.986952 0.086473
7269249.421335 12.295139 -5.078420 4.142147 0.130108 -0.009619 -0.987382 0.089751
7269250.621270 11.785667 -5.212354 4.146741 0.127470 -0.010590 -0.987040 0.096908
7269251.821382 11.264009 -5.327064 4.170940 0.127465 -0.014051 -0.986806 0.098835
7269255.921191 10.940782 -5.445853 4.145869 0.126403 0.010511 -0.966975 0.221068
7269256.221132 10.984537 -5.498318 4.147288 0.117047 0.040573 -0.922466 0.365664
7269256.421244 11.012724 -5.521519 4.133339 0.109527 0.057761 -0.876878 0.464492
7269256.820832 11.045427 -5.545123 4.143070 0.103795 0.060947 -0.822606 0.555726
7269262.921040 10.946370 -6.054103 4.146783 0.100899 0.070869 -0.779572 0.614055
7269264.220907 10.847268 -6.560978 4.155524 0.102545 0.067833 -0.772936 0.622457
7269265.521035 10.784628 -7.072507 4.187112 0.092828 0.077755 -0.719321 0.684043
7269266.820844 10.718173 -7.590036 4.179606 0.097808 0.061213 -0.751405 0.649675
7269268.020967 10.650593 -8.111689 4.174923 0.103545 0.067093 -0.742500 0.658384
7269269.320957 10.612199 -8.641571 4.184582 0.100686 0.069727 -0.735083 0.666823
7269270.620666 10.575619 -9.190674 4.194218 0.097590 0.073214 -0.730561 0.671860
7269271.820861 10.537578 -9.712577 4.194583 0.102661 0.067088 -0.727619 0.674929
7269273.020793 10.499786 -10.225618 4.191806 0.096113 0.069464 -0.720389 0.683357
7269274.220871 10.507589 -10.747470 4.214578 0.094162 0.082505 -0.719648 0.682959
7269275.420946 10.477023 -11.276446 4.212941 0.095464 0.074547 -0.717584 0.685859
7269276.620768 10.474565 -11.804819 4.213918 0.092647 0.068459 -0.709129 0.695604
7269277.820950 10.379209 -12.312052 4.225316 0.102675 0.066756 -0.773089 0.622363
7269279.020918 10.264039 -12.832151 4.230779 0.102931 0.059358 -0.771930 0.624505
7269280.020915 10.124874 -13.228407 4.238582 0.116823 0.054054 -0.844178 0.520379
7269280.320846 9.995844 -13.317328 4.237175 0.126609 0.023195 -0.910848 0.392159
7269280.520881 9.915927 -13.353130 4.218962 0.130162 0.008483 -0.948346 0.289183
7269280.721656 9.825485 -13.363282 4.218376 0.139175 0.000451 -0.973231 0.182895
7269280.920877 9.736559 -13.321792 4.223637 0.114245 -0.030373 -0.990490 0.070390
7269281.220861 9.580765 -13.279861 4.214696 -0.134296 0.038493 0.989315 0.041696
7269282.421597 9.045412 -13.246655 4.219326 -0.133335 0.027779 0.990664 0.005885
7269283.621632 8.526647 -13.242107 4.223638 0.131886 -0.023249 -0.990988 0.002815
7269284.820798 7.994878 -13.227643 4.221060 0.125964 -0.023786 -0.991749 0.001153
7269285.321644 7.785598 -13.250044 4.210488 0.139850 -0.010612 -0.983912 0.110666
7269285.620889 7.699072 -13.352968 4.199904 0.114343 0.012150 -0.961095 0.251145
7269285.821498 7.625354 -13.438748 4.191522 0.124579 0.018744 -0.926054 0.355743
7269286.121438 7.570333 -13.551677 4.195184 0.118905 0.038534 -0.861976 0.491298
7269286.321511 7.584460 -13.646324 4.210452 0.091050 0.055539 -0.800562 0.589683
7269286.521548 7.605244 -13.761053 4.210972 0.098338 0.075843 -0.730820 0.671177
7269287.121515 7.672573 -14.029750 4.213459 0.092179 0.086229 -0.654398 0.745540
7269288.221432 7.679512 -14.546793 4.233696 0.104112 0.071354 -0.695051 0.707795
7269288.921413 7.729023 -14.842575 4.214725 0.098652 0.085940 -0.591310 0.795760
7269289.120863 7.803748 -14.901945 4.226416 0.068037 0.091182 -0.505897 0.855058
7269289.320812 7.902009 -14.962799 4.228757 0.057764 0.110213 -0.399508 0.908245
7269289.521369 7.989124 -15.000257 4.213477 0.043929 0.114654 -0.295866 0.947306
7269289.721485 8.081709 -15.020241 4.221091 0.041163 0.122324 -0.190197 0.973225
7269289.921435 8.184438 -15.007888 4.227662 0.021566 0.116342 -0.081224 0.989648
7269291.021334 8.709930 -15.043766 4.233451 0.013120 0.124414 -0.045465 0.991101
7269292.221465 9.233314 -15.127094 4.242329 0.008179 0.128775 -0.052216 0.990264
7269293.421367 9.759723 -15.201250 4.244945 0.023848 0.123486 -0.089455 0.988018
7269294.520433 10.256609 -15.283174 4.246224 0.018531 0.124393 -0.083613 0.988530
7269295.721284 10.771121 -15.366753 4.246386 0.031502 0.120536 -0.078759 0.989078
7269296.921337 11.290442 -15.442544 4.250455 0.024704 0.124269 -0.071003 0.989397
7269298.121237 11.792679 -15.494384 4.256031 0.016843 0.125084 -0.062507 0.990032
7269299.321164 12.294747 -15.552512 4.255076 0.023185 0.117777 -0.060278 0.990938
7269300.521173 12.815606 -15.624906 4.249799 0.026043 0.123531 -0.049140 0.990781
7269301.721266 13.338055 -15.655905 4.247844 0.017078 0.126352 -0.042166 0.990942
7269302.821210 13.836396 -15.700408 4.244881 0.016118 0.124952 -0.042198 0.991134
7269304.021166 14.356583 -15.736837 4.236942 0.020182 0.120192 -0.025435 0.992220
7269305.221135 14.896699 -15.754430 4.237257 0.010291 0.127056 -0.024141 0.991548
7269305.721185 15.109837 -15.804971 4.233485 0.032660 0.124392 -0.132296 0.982831
7269306.021089 15.212057 -15.886681 4.246068 0.046763 0.120602 -0.245159 0.960815
7269306.921154 15.500312 -16.162510 4.247002 0.052163 0.110252 -0.350769 0.928485
7269307.821295 15.720584 -16.486128 4.224571 0.075869 0.103234 -0.450951 0.883306
7269308.521000 15.807479 -16.772209 4.243956 0.096075 0.091709 -0.557405 0.819548
7269308.821130 15.815201 -16.912464 4.240201 0.110454 0.086673 -0.651677 0.745389
7269309.121020 15.755421 -17.055840 4.244363 0.116111 0.065127 -0.745120 0.653508
7269310.320935 15.659013 -17.579664 4.245491 0.109465 0.069386 -0.731265 0.669667
7269311.420907 15.594757 -18.078106 4.236186 0.110435 0.072236 -0.731601 0.668840
7269312.621044 15.538107 -18.615093 4.234931 0.103463 0.069024 -0.726334 0.675996
7269313.821059 15.511244 -19.131590 4.229012 0.109941 0.073347 -0.724465 0.676523
7269315.020854 15.455961 -19.667213 4.233599 0.104942 0.075781 -0.723413 0.678172
7269316.120826 15.432077 -20.169397 4.230115 0.104540 0.079388 -0.717087 0.684511
7269317.320934 15.408221 -20.699406 4.229253 0.097868 0.073249 -0.716050 0.687262
7269318.520908 15.387264 -21.241482 4.232944 0.103536 0.080896 -0.710134 0.691697
7269319.720864 15.396408 -21.758896 4.227393 0.099274 0.081526 -0.703199 0.699292
7269320.920979 15.401548 -22.283701 4.224153 0.094458 0.076513 -0.701036 0.702690
7269322.020866 15.395556 -22.786007 4.219606 0.093364 0.075304 -0.691913 0.711948
7269323.220789 15.415003 -23.308216 4.214866 0.103865 0.079751 -0.720835 0.680624
7269324.420584 15.357943 -23.838531 4.223766 0.102556 0.073730 -0.734131 0.667156
7269325.620891 15.302325 -24.370338 4.211276 0.098029 0.077028 -0.724826 0.677558
7269326.820814 15.281590 -24.893488 4.219410 0.098939 0.082240 -0.722111 0.679708
7269328.020809 15.237189 -25.417751 4.216582 0.100678 0.076673 -0.732427 0.668981
7269329.220936 15.156061 -25.920969 4.201759 0.102459 0.070663 -0.759634 0.638330
7269330.420841 15.124889 -26.441757 4.208180 0.095557 0.082718 -0.717937 0.684538
7269331.520344 15.119836 -26.946501 4.191973 0.101621 0.080564 -0.707697 0.694512
7269332.720903 15.033408 -27.455717 4.193725 0.105247 0.075865 -0.756597 0.640881
7269333.920767 15.028405 -27.976467 4.193128 0.090625 0.075284 -0.703277 0.701085
7269335.121404 14.960536 -28.521330 4.198879 0.102076 0.079628 -0.732474 0.668372
7269336.320800 14.935924 -29.057076 4.186146 0.100023 0.085531 -0.724676 0.676406
7269337.521389 14.905513 -29.591259 4.183449 0.094854 0.077335 -0.725450 0.677307
7269338.721367 14.877130 -30.136267 4.171230 0.102955 0.083853 -0.715178 0.686214
7269339.921286 14.885900 -30.642073 4.170582 0.096310 0.091420 -0.709121 0.692469
7269341.121273 14.812278 -31.147038 4.166465 0.100522 0.073434 -0.756978 0.641473
7269342.321312 14.725358 -31.688351 4.166670 0.105208 0.074546 -0.752486 0.645864
7269343.521175 14.673195 -32.210903 4.163430 0.103700 0.079394 -0.742156 0.657379
7269346.421248 14.647746 -32.715752 4.156508 0.103371 0.079214 -0.731466 0.669326
7269347.721113 14.613231 -33.233425 4.117924 0.102117 0.076801 -0.723735 0.678145
7270380.820856 0.055284 0.004502 0.051123 0.000131 0.139012 0.011783 0.990221
7270400.420627 0.558240 0.010953 0.075967 0.019827 0.127737 0.006228 0.991590
7270400.720843 0.638014 -0.033467 0.069656 0.035115 0.127491 -0.099308 0.986231
7270401.020777 0.732540 -0.113582 0.074139 0.034929 0.116312 -0.210271 0.970071
7270432.021113 1.184951 -0.362840 0.081388 0.042144 0.113380 -0.263033 0.957174
7270432.721129 1.406994 -0.422746 0.085613 0.028330 0.122149 -0.157404 0.979541
7270433.621146 1.647840 -0.438760 0.091406 0.004392 0.132047 -0.045054 0.990209
7270436.921080 1.772087 -0.501420 0.094211 0.031159 0.121253 -0.155367 0.979892
7270437.121099 1.771191 -0.554702 0.086546 0.051810 0.116265 -0.261532 0.956765
7270437.320936 1.785843 -0.608026 0.068049 0.070731 0.107866 -0.367882 0.920883
7270437.521107 1.796000 -0.672869 0.085237 0.077597 0.108040 -0.472821 0.871060
7270437.721030 1.785010 -0.755443 0.093140 0.077537 0.095319 -0.576377 0.807893
7270437.920969 1.766227 -0.836534 0.087585 0.108314 0.077573 -0.670002 0.730307
7270438.121023 1.730027 -0.900771 0.080050 0.117165 0.070005 -0.752907 0.643818
7270438.320941 1.663427 -0.943153 0.098838 0.114129 0.045025 -0.829861 0.544314
7270438.520967 1.576265 -0.983559 0.104462 0.127888 0.024100 -0.888907 0.439214
7270438.721123 1.497613 -0.999484 0.084080 0.142777 0.011580 -0.934893 0.324739
7270438.921105 1.416550 -1.008929 0.082042 0.149595 0.004303 -0.966479 0.208618
7270439.120952 1.326553 -0.990512 0.087359 0.135009 -0.020396 -0.986571 0.089635
7270439.320975 1.236125 -0.960229 0.091730 -0.134932 0.038998 0.989716 0.027102
7270439.620979 1.134173 -0.901333 0.083093 -0.134432 0.049010 0.980010 0.138229
7270440.920920 0.653591 -0.661995 0.088573 -0.120795 0.049458 0.978552 0.159369
7270442.220999 0.153455 -0.520862 0.081867 -0.125882 0.039059 0.983706 0.122270
7270443.520891 -0.360835 -0.417348 0.082391 -0.123266 0.036038 0.988195 0.083531
7270444.820811 -0.877129 -0.329290 0.070144 -0.123365 0.026313 0.989080 0.076214
7270446.120933 -1.392396 -0.245562 0.067732 -0.126036 0.024660 0.988786 0.076216
7270447.520778 -1.917968 -0.157490 0.062727 -0.123863 0.033156 0.985632 0.109949
7270448.820760 -2.420429 -0.085982 0.071091 -0.117751 0.020572 0.991565 0.050101
7270450.219802 -2.903441 0.044092 0.061193 -0.126100 0.031568 0.985415 0.109818
7270452.720798 -3.396743 0.131277 0.065323 -0.125015 0.030083 0.986828 0.098162
7270454.120761 -3.916970 0.238264 0.059671 -0.124451 0.022886 0.987953 0.089088
7270454.620764 -4.111075 0.201853 0.056667 0.126100 -0.002547 -0.990945 0.046046
7270454.920844 -4.214989 0.148286 0.044310 0.129460 0.005985 -0.973565 0.188083
7270455.120945 -4.260292 0.068674 0.057441 0.112004 0.027056 -0.946298 0.302065
7270455.320941 -4.307220 -0.029461 0.055993 0.114978 0.050152 -0.901797 0.413554
7270455.620915 -4.351568 -0.153170 0.038101 0.122375 0.054337 -0.851762 0.506531
7270456.920570 -4.644605 -0.554829 0.051732 0.121269 0.052571 -0.890900 0.434543
7270457.920756 -4.941053 -0.837895 0.041810 0.128921 0.025172 -0.937100 0.323402
7270459.220751 -5.364972 -1.127736 0.046072 0.125323 0.022411 -0.947043 0.294791
7270466.821285 -5.758319 -1.172551 0.036763 0.130958 0.016260 -0.976420 0.170851
7270469.020829 -6.259182 -1.257116 0.052965 0.128345 -0.003681 -0.982660 0.133764
7270470.220552 -6.772444 -1.409774 0.051854 0.125930 0.001088 -0.982660 0.136086
7270471.420827 -7.308187 -1.457517 0.052569 0.118021 -0.012966 -0.991710 0.049130
7270472.520855 -7.813076 -1.495594 0.051161 0.131408 0.000130 -0.989659 0.057514
7270473.720722 -8.348834 -1.571009 0.052228 0.128957 -0.003751 -0.989427 0.066259
7270474.821139 -8.844870 -1.629918 0.070903 0.124627 -0.011100 -0.989474 0.072713
7270476.021164 -9.370024 -1.717402 0.070557 0.122434 -0.006564 -0.988898 0.083946
7270476.621087 -9.653172 -1.826096 0.085514 0.122999 0.015531 -0.971259 0.203191
7270477.021169 -9.775573 -1.944109 0.061075 0.114601 0.024962 -0.941420 0.316183
7270477.321204 -9.815439 -2.036860 0.081737 0.115593 0.050921 -0.897026 0.423545
7270477.620392 -9.799314 -2.078728 0.068713 0.115732 0.064286 -0.842262 0.522559
7270478.121086 -9.747840 -2.098184 0.063350 0.097045 0.086771 -0.767445 0.627759
7270480.921128 -9.771038 -2.606591 0.082958 0.097725 0.089921 -0.706644 0.694995
7270483.620930 -9.997995 -2.563214 0.062946 0.086298 0.099336 -0.629904 0.765445
7270536.821129 -9.978546 -3.090681 0.080790 0.086566 0.085866 -0.661707 0.739782
7270538.121090 -10.024242 -3.610836 0.106776 0.099781 0.076973 -0.731779 0.669790
7270539.421023 -10.054877 -4.144895 0.093674 0.099531 0.078295 -0.730180 0.671417
7270540.521000 -10.105604 -4.654748 0.087296 0.103791 0.077749 -0.729019 0.672096
7270541.820909 -10.119343 -5.188906 0.085179 0.096965 0.075384 -0.722573 0.680297
7270542.420999 -10.189713 -5.423806 0.103905 0.106428 0.066691 -0.791134 0.598609
7270543.520904 -10.274043 -5.929654 0.103335 0.100724 0.076171 -0.738064 0.662808
7270544.719155 -10.312736 -6.444594 0.106967 0.096521 0.080423 -0.728653 0.673261
7270545.920916 -10.340268 -6.978261 0.099589 0.099781 0.075687 -0.724194 0.678129
7270547.120808 -10.346598 -7.525106 0.101259 0.095778 0.083582 -0.676558 0.725335
7270548.020847 -10.199503 -7.926147 0.101110 0.068923 0.092525 -0.580519 0.806032
7270548.720848 -10.023898 -8.207508 0.105233 0.062292 0.102942 -0.482002 0.867869
7270549.320933 -9.809637 -8.412076 0.133458 0.055033 0.117334 -0.371374 0.919394
7270549.720824 -9.631733 -8.500288 0.102231 0.037157 0.127030 -0.271647 0.953253
7270550.820804 -9.169980 -8.710221 0.097811 0.041123 0.122972 -0.225295 0.965624
7270551.420837 -8.911171 -8.790101 0.096671 0.029995 0.131829 -0.123190 0.983131
7270551.920938 -8.679809 -8.773067 0.078774 0.007544 0.134084 -0.006612 0.990919
7270552.920904 -8.464226 -8.724922 0.090817 -0.010515 0.137472 0.107972 0.984547
7270559.020819 -8.141086 -9.112000 0.086080 -0.014902 0.134186 0.122946 0.983187
7270610.421402 -7.630799 -9.028872 0.083623 0.008536 0.130017 0.090783 0.987310
7270611.921268 -7.103760 -8.994671 0.079925 -0.006243 0.132706 0.079885 0.987911
7270622.521128 -6.599568 -8.885021 0.071892 0.000481 0.130679 -0.001681 0.991423
7270623.621100 -6.129045 -8.814879 0.069267 0.002200 0.137702 0.109135 0.984440
7270624.221141 -5.899035 -8.708643 0.049818 -0.016818 0.133773 0.218398 0.966501
7270624.521043 -5.810456 -8.599814 0.065402 -0.034824 0.122871 0.344360 0.930111
7270624.820714 -5.743789 -8.488911 0.046355 -0.051160 0.124436 0.451094 0.882277
7270625.221111 -5.725894 -8.344661 0.053371 -0.059341 0.112231 0.547066 0.827407
7270626.420993 -5.587978 -7.833199 0.047339 -0.070601 0.119016 0.594388 0.792183
7270627.621012 -5.462435 -7.315849 0.061358 -0.071319 0.114899 0.604555 0.785000
7270628.720947 -5.324918 -6.814042 0.049297 -0.066554 0.121027 0.613783 0.777299
7270629.920980 -5.205810 -6.289170 0.035226 -0.069915 0.112752 0.624758 0.769465
7270631.120925 -5.100377 -5.752681 0.025037 -0.063053 0.127405 0.630168 0.763335
7270632.320754 -5.005407 -5.221656 0.023781 -0.068092 0.114398 0.636815 0.759436
7270633.420792 -4.938547 -4.718935 0.030404 -0.075423 0.114337 0.645025 0.751785
7270634.520866 -4.928848 -4.212374 0.021384 -0.077491 0.106504 0.695039 0.706805
7270635.720841 -4.904947 -3.691561 0.015222 -0.072033 0.109091 0.664611 0.735665
7270637.621629 -4.873951 -3.160326 0.028106 -0.067547 0.115255 0.668030 0.732045
7270638.820924 -4.829042 -2.650586 0.000858 -0.072820 0.111992 0.673501 0.727016
7270640.020869 -4.825634 -2.141796 0.035352 -0.078134 0.105211 0.683230 0.718347
7270641.320844 -4.829714 -1.602028 0.029371 -0.082242 0.101589 0.687066 0.714742
7270642.520769 -4.819476 -1.078230 0.047712 -0.078457 0.101507 0.692264 0.710149
7270643.220894 -4.759734 -0.783723 0.046608 -0.066061 0.117004 0.605309 0.784568
7270654.920620 -4.581896 -0.381966 0.045742 -0.058532 0.112907 0.522413 0.843155
7270656.320868 -4.263359 -0.071345 0.046051 -0.049170 0.114885 0.433268 0.892559
7270657.020843 -4.072467 -0.016590 0.048069 -0.035844 0.121534 0.333526 0.934187
7270657.620948 -3.904245 0.010808 0.048120 -0.016855 0.129202 0.222605 0.966162
7270659.021257 -3.391895 0.086296 0.047946 -0.007262 0.133241 0.166512 0.976969
7270659.820946 -3.088634 0.142757 0.050074 0.004260 0.132140 0.052447 0.989833
7270660.820507 -2.685032 0.099542 0.046289 0.028954 0.120068 -0.062843 0.990352
7270663.121083 -2.188686 0.004862 0.057493 0.011811 0.118120 -0.035164 0.992306
7270664.321061 -1.674286 -0.033694 0.057259 0.018156 0.132322 -0.027070 0.990671
7270665.522041 -1.157561 -0.050225 0.061054 0.017792 0.129034 -0.017959 0.991318
7270666.721006 -0.619989 -0.077559 0.100161 0.013975 0.125112 -0.009284 0.992001
7270667.921976 -0.083860 -0.074185 0.073283 0.010622 0.128817 -0.007367 0.991584
7270669.121936 0.444434 -0.093870 0.095989 0.012695 0.126429 -0.004359 0.991885
7270670.320871 0.970738 -0.080570 0.077246 0.009663 0.126740 0.013432 0.991798
7270671.521871 1.518671 -0.059108 0.078532 0.010682 0.131570 0.016683 0.991109
7270672.720809 2.057943 -0.034624 0.084793 0.010647 0.131225 0.026657 0.990937
7270673.921911 2.585492 -0.000374 0.079776 0.008871 0.128584 0.035536 0.991022
7270675.121868 3.101690 0.050081 0.089247 0.014866 0.127445 0.035803 0.991088
7270676.220819 3.617738 0.132001 0.073846 -0.008467 0.134281 0.108707 0.984926
7270677.420811 4.101583 0.221481 0.086820 0.012699 0.131778 0.000249 0.991198
7270678.621854 4.625123 0.151393 0.097530 0.018299 0.123757 -0.052892 0.990733
7270679.921745 5.147089 0.023954 0.098773 0.036975 0.125570 -0.127574 0.983153
7270681.121298 5.651440 -0.103079 0.091149 0.025981 0.125679 -0.114344 0.985117
7270682.121829 6.082611 -0.107991 0.096050 0.017559 0.128416 -0.011067 0.991503
7270683.321791 6.588871 -0.118422 0.091915 0.009651 0.126262 -0.000808 0.991950
7270684.521736 7.091413 -0.110910 0.086003 0.022450 0.126187 0.001801 0.991751
7270685.721644 7.615799 -0.109440 0.091415 0.011611 0.127824 0.011962 0.991657
7270686.921667 8.141928 -0.082885 0.085027 0.007007 0.127746 0.018257 0.991614
7270688.121580 8.671653 -0.059980 0.086968 0.023221 0.132317 0.024992 0.990620
7270689.321492 9.194632 -0.028877 0.090269 0.011204 0.128011 0.030762 0.991232
7270689.921547 9.434159 -0.067332 0.087435 0.023522 0.113765 -0.093949 0.988776
7270691.121543 9.936892 -0.271486 0.095792 0.032039 0.123167 -0.175696 0.976183
7270692.321503 10.421773 -0.447683 0.098595 0.033033 0.118673 -0.172521 0.977273
7270693.521507 10.932690 -0.604681 0.086422 0.032433 0.121140 -0.163955 0.978464
7270694.721354 11.432243 -0.759436 0.094620 0.026589 0.123387 -0.166501 0.977930
7270695.721445 11.780014 -0.990394 0.092537 0.047662 0.118668 -0.274435 0.953064
7270696.921324 12.217097 -1.276176 0.091354 0.050824 0.117113 -0.322409 0.937952
7270698.121350 12.607040 -1.618330 0.090505 0.062368 0.110625 -0.341310 0.931332
7270698.521408 12.673615 -1.750788 0.088007 0.072215 0.101263 -0.437081 0.890781
7270699.121453 12.680413 -1.825321 0.082145 0.079189 0.100366 -0.529505 0.838618
7270700.821135 12.792761 -2.331420 0.090399 0.091482 0.089758 -0.584315 0.801343
7270702.021266 12.872520 -2.861890 0.089554 0.094294 0.087148 -0.634441 0.762233
7270705.421235 12.909825 -3.207194 0.080479 0.103797 0.075501 -0.711168 0.691206
7270709.521163 12.912969 -3.740497 0.071884 0.109487 0.083972 -0.713271 0.687173
7270739.920957 12.664162 -3.589648 0.054264 0.110828 0.085847 -0.780283 0.609513
7270740.620870 12.576604 -3.506161 0.066069 0.113300 0.052930 -0.842160 0.524527
7270742.220883 12.289377 -3.947745 0.057560 0.123961 0.041692 -0.898293 0.419483
7270743.520991 11.959876 -4.367550 0.060270 0.119744 0.042589 -0.867659 0.480640
7270744.321304 11.753504 -4.623431 0.054177 0.125540 0.038131 -0.913532 0.385025
7270745.620878 11.353870 -4.977489 0.062079 0.116467 0.036079 -0.904651 0.408339
7270746.320832 11.202623 -5.240488 0.059410 0.111313 0.051956 -0.855765 0.502569
7270747.521279 10.997791 -5.712349 0.060233 0.117387 0.063438 -0.833462 0.536225
7270748.721312 10.796824 -6.187882 0.050465 0.114628 0.066730 -0.831371 0.539657
7270749.321208 10.738910 -6.470400 0.044252 0.110356 0.074906 -0.768707 0.625540
7270750.520754 10.684282 -6.995508 0.069017 0.105021 0.080247 -0.740550 0.658875
7270751.721155 10.631154 -7.523504 0.031789 0.097889 0.086605 -0.733692 0.666793
7270752.821181 10.623678 -8.026849 0.026983 0.099034 0.079267 -0.732939 0.668363
7270754.721136 10.313477 -8.444439 0.014583 0.093104 0.095726 -0.725442 0.675205
7270756.020784 10.285821 -8.944955 0.009229 0.099067 0.089523 -0.712388 0.688967
7270757.221108 10.290356 -9.467180 0.012583 0.093962 0.081863 -0.711962 0.691071
7270758.421046 10.215789 -9.989905 0.008892 0.109544 0.078188 -0.754207 0.642696
7270759.621019 10.150735 -10.521419 -0.001286 0.106449 0.081134 -0.749665 0.648143
7270760.820189 10.022694 -11.027303 -0.012566 0.100215 0.081500 -0.751654 0.646786
7270762.020914 9.900495 -11.561149 -0.008349 0.109646 0.082385 -0.734811 0.664261
7270762.820902 9.947873 -11.787559 -0.035163 0.092451 0.100580 -0.651086 0.746608
7270766.621931 10.094237 -12.290843 -0.043913 0.077240 0.103012 -0.661359 0.738936
7270767.820816 10.110204 -12.791670 -0.046549 0.089704 0.096733 -0.650769 0.747727
7270768.920866 9.976204 -13.306085 -0.062647 0.095303 0.091785 -0.718113 0.683233
7270770.120807 9.909001 -13.828523 -0.053914 0.094225 0.090292 -0.704311 0.697793
7270770.520855 9.947881 -14.008781 -0.058733 0.088434 0.094423 -0.594608 0.793539
7270770.720772 10.028074 -14.076011 -0.059523 0.072492 0.101119 -0.505877 0.853585
7270771.020781 10.162081 -14.174703 -0.080248 0.058529 0.124392 -0.394993 0.908340
7270772.221806 10.622965 -14.474910 -0.068564 0.054278 0.128704 -0.311198 0.940024
7270772.821733 10.873367 -14.587971 -0.061729 0.040439 0.123903 -0.207619 0.969488
7270773.421677 11.170519 -14.633096 -0.082516 0.030816 0.136886 -0.105189 0.984504
7270774.520808 11.678036 -14.710648 -0.088774 0.026396 0.137868 -0.076741 0.987120
7270775.621754 12.191154 -14.734053 -0.076803 0.022720 0.134679 -0.026035 0.990287
7270776.721718 12.714314 -14.693979 -0.092186 0.009084 0.137640 0.029317 0.990007
7270777.820846 13.221013 -14.746531 -0.094373 0.023995 0.132264 -0.049179 0.989703
7270778.921595 13.726697 -14.667311 -0.101979 0.023794 0.142806 -0.034671 0.988857
7270780.121601 14.200752 -14.507748 -0.107550 0.026540 0.139203 -0.032272 0.989382
7270781.820769 14.729094 -14.451114 -0.108369 0.009781 0.149488 -0.012704 0.988634
7271002.220839 0.039609 -0.009731 0.051957 0.005902 0.136227 -0.022703 0.990400
7271012.420856 0.036742 -0.055983 0.068457 0.030033 0.129287 -0.144877 0.980507
7271012.620898 -0.001589 -0.084660 0.071505 0.040275 0.118806 -0.253510 0.959164
7271012.820963 -0.045241 -0.112482 0.065519 0.069714 0.106546 -0.381769 0.915445
7271013.020826 -0.087126 -0.120452 0.061994 0.080855 0.096066 -0.513004 0.849153
7271013.220878 -0.139952 -0.106246 0.065395 0.083333 0.087764 -0.638701 0.759878
7271013.520907 -0.195933 -0.097919 0.062946 0.102846 0.067584 -0.736153 0.665533
7271015.920881 -0.464066 0.335161 0.047139 0.118679 0.071492 -0.790776 0.596220
7271018.920937 -0.840129 -0.069920 0.083117 0.105382 0.066729 -0.784380 0.607610
7271019.620903 -1.046730 -0.557575 0.081674 0.114209 0.081808 -0.783983 0.604677
7271020.320809 -1.209251 -1.059952 0.092913 0.111479 0.070630 -0.776167 0.616562
7271021.020777 -1.501154 -1.537383 0.079877 0.109015 0.073473 -0.772639 0.621085
7271021.720842 -1.687423 -2.000744 0.087341 0.094824 0.072945 -0.773909 0.621894
7271023.920958 -2.078228 -2.316751 0.083389 0.104210 0.083195 -0.760609 0.635368
7271026.220834 -2.313290 -2.788363 0.090563 0.091886 0.075152 -0.746998 0.654143
7271027.720828 -2.353196 -3.294557 0.066301 0.089780 0.085494 -0.733204 0.668612
7271028.621009 -2.396020 -3.847490 0.076200 0.098460 0.086898 -0.727808 0.673089
7271029.420965 -2.411890 -4.392457 0.062186 0.107785 0.083575 -0.716802 0.683807
7271032.020887 -2.438796 -4.897727 0.085410 0.090338 0.085149 -0.698022 0.705234
7271033.120782 -2.393137 -5.008930 0.076720 0.074479 0.099634 -0.612548 0.780584
7271033.820840 -2.373722 -4.992115 0.070969 0.065466 0.111578 -0.528418 0.839070
7271034.120778 -2.354394 -4.960363 0.058592 0.047181 0.127652 -0.423252 0.895732
7271035.420933 -1.982901 -5.240458 0.057506 0.057025 0.124903 -0.323017 0.936380
7271035.820707 -1.958120 -5.220001 0.061395 0.025618 0.137095 -0.215780 0.966430
7271036.320980 -1.938366 -5.196859 0.061012 0.009442 0.134408 -0.114037 0.984297
7271039.220853 -1.434529 -5.189681 0.048707 0.016536 0.133421 -0.057800 0.989234
7271042.520983 -0.894299 -5.255079 0.035455 0.008564 0.143994 -0.038107 0.988807
7271043.220994 -0.378570 -5.288289 0.048486 0.016093 0.140392 -0.029021 0.989540
7271043.920913 0.143657 -5.309350 0.021114 0.009055 0.150714 -0.019456 0.988344
7271044.620990 0.670789 -5.311397 0.025701 0.012077 0.131150 -0.015426 0.991169
7271045.320911 1.177432 -5.288679 0.005965 0.014923 0.135937 -0.008027 0.990573
7271047.621901 1.697995 -5.245139 0.002601 0.004676 0.137232 0.009005 0.990487
7271053.921718 2.202270 -5.271950 -0.013971 0.007165 0.138830 0.032447 0.989759
7271057.320803 2.529285 -5.537661 0.000942 0.020465 0.129683 -0.076105 0.988419
7271058.419647 3.019789 -5.697659 0.003238 0.029682 0.133159 -0.090438 0.986513
7271059.221766 3.065208 -5.681350 -0.012612 -0.004516 0.128162 0.024320 0.991445
7271120.521301 3.210186 -5.625273 0.012246 -0.007178 0.132672 0.128281 0.982797
7271121.320854 3.171227 -5.596521 -0.012512 -0.029211 0.132823 0.256858 0.956833
7271121.620491 3.140470 -5.571038 -0.016339 -0.050362 0.124205 0.378217 0.915963
7271122.320799 3.108299 -5.571148 -0.014443 -0.054830 0.121056 0.487962 0.862689
7271122.721304 3.082388 -5.582394 -0.023594 -0.071997 0.104207 0.589411 0.797842
7271123.221218 3.042939 -5.581720 -0.017804 -0.095776 0.093903 0.673640 0.726787
7271123.421283 3.009867 -5.580896 -0.015987 -0.094401 0.089237 0.753702 0.644250
7271123.720792 2.988748 -5.593419 -0.019161 -0.100013 0.079242 0.819899 0.558107
7271128.321148 2.979892 -5.623448 -0.012172 -0.106982 0.078426 0.874877 0.465827
7271128.921191 2.972255 -5.641971 0.015508 -0.114093 0.048886 0.930332 0.345072
7271129.420784 2.961635 -5.673219 -0.013203 -0.118065 0.042475 0.961633 0.243964
7271131.720258 2.565183 -5.492517 0.000639 -0.124079 0.032783 0.981883 0.139412
7271132.721142 2.522265 -5.515796 -0.002630 -0.116078 0.013628 0.992485 0.036247
7271134.622009 1.996185 -5.453900 -0.033543 -0.114388 0.029165 0.982754 0.142337
7271136.420968 1.487390 -5.305636 0.006722 -0.117455 0.019934 0.984190 0.131059
7271137.220929 0.944432 -5.184810 0.014776 -0.123116 0.022733 0.988102 0.089327
7271137.921082 0.442221 -5.148823 0.022891 -0.123745 0.021108 0.991735 0.026512
7271138.620923 -0.105224 -5.182787 0.018510 0.127067 -0.012240 -0.991818 0.001257
7271139.320903 -0.653042 -5.228140 0.048948 0.135406 -0.013152 -0.990680 0.006749
7271140.720906 -1.157448 -5.173335 0.045802 -0.120963 0.041007 0.986842 0.099144
7271142.620960 -1.663339 -5.022494 0.072590 -0.122885 0.024190 0.981224 0.146675
7271143.420889 -2.075239 -4.925066 0.058967 -0.121954 0.058051 0.958505 0.251048
7271144.720961 -2.087589 -4.891544 0.060192 -0.107665 0.050917 0.928036 0.352939
7271146.520793 -2.334740 -4.602955 0.060519 -0.099733 0.069569 0.879656 0.459802
7271147.120857 -2.291540 -4.599166 0.059476 -0.094691 0.085664 0.821375 0.555912
7271147.721744 -2.235057 -4.606790 0.065910 -0.081018 0.092883 0.748270 0.651844
7271160.220814 -2.185228 -4.099812 0.065704 -0.094103 0.097449 0.718347 0.682368
7271161.021540 -2.220140 -3.582907 0.065541 -0.087239 0.113579 0.698322 0.701310
7271162.621510 -2.117054 -3.048988 0.042555 -0.072091 0.113599 0.639109 0.757257
7271163.321563 -2.009141 -2.547338 0.063775 -0.071755 0.113360 0.645737 0.751681
7271164.721403 -1.909051 -2.097718 0.061460 -0.057264 0.106237 0.564502 0.816561
7271165.621409 -1.636058 -1.655759 0.059281 -0.073145 0.111928 0.549615 0.824649
7271168.421329 -1.268303 -1.226371 0.066101 -0.064092 0.113919 0.559788 0.818262
7271169.121312 -1.091228 -0.735452 0.069989 -0.059445 0.111484 0.563546 0.816366
7271171.321330 -0.961111 -0.247432 0.087724 -0.067788 0.113270 0.578418 0.804989
7271174.321367 -0.879091 -0.066851 0.059095 -0.056422 0.124126 0.486005 0.863254
7271174.521226 -0.860417 -0.100599 0.058128 -0.033262 0.119324 0.384143 0.914926
7271174.721261 -0.843682 -0.144485 0.053024 -0.015929 0.128982 0.253834 0.958477
7271174.921242 -0.844793 -0.187342 0.064351 -0.006309 0.123867 0.153268 0.980370
7271176.621158 -0.806788 -0.308262 0.070257 0.009020 0.128420 0.047284 0.990551
7271177.321180 -0.377936 -0.339716 0.068294 0.030562 0.130965 -0.109336 0.984865
7271177.521096 -0.252692 -0.426861 0.065910 0.054436 0.120727 -0.227613 0.964704
7271177.821189 -0.090670 -0.582136 0.068278 0.074009 0.126874 -0.334006 0.931056
7271179.821132 0.274796 -0.997719 0.081058 0.062493 0.115104 -0.394603 0.909469
7271181.321112 0.504324 -1.219294 0.067702 0.029333 0.123353 -0.271144 0.954151
7271182.721194 0.985559 -1.415317 0.091610 0.037647 0.126431 -0.176048 0.975502
7271183.421167 1.464170 -1.589548 0.090743 0.028568 0.125840 -0.172589 0.976505
7271184.121021 1.997172 -1.759501 0.094033 0.031911 0.137753 -0.154985 0.977745
7271184.721048 2.442699 -1.827079 0.113826 0.017617 0.136486 -0.048664 0.989289
7271185.420974 2.972362 -1.854294 0.082959 0.013342 0.134319 -0.016103 0.990717
7271186.021082 3.419343 -1.931600 0.102390 0.021592 0.141229 -0.119028 0.982558
7271186.721080 3.910941 -2.118094 0.121553 0.034867 0.125358 -0.166770 0.977373
7271187.421016 4.404368 -2.318637 0.106180 0.039243 0.121871 -0.246499 0.960649
7271187.820919 4.616257 -2.518808 0.132436 0.064093 0.111460 -0.357404 0.925057
7271188.121054 4.756066 -2.702695 0.140521 0.071671 0.116352 -0.454646 0.880126
7271188.520938 4.878003 -3.000534 0.124341 0.081304 0.096089 -0.553640 0.823188
7271189.220881 5.034909 -3.502975 0.127047 0.089466 0.100330 -0.571597 0.809448
7271189.920836 5.190447 -4.000074 0.133772 0.085979 0.087154 -0.562425 0.817734
7271191.120869 5.532574 -4.415670 0.136524 0.088551 0.094459 -0.556207 0.820896
7271192.019797 5.941688 -4.724115 0.105043 0.097078 0.111781 -0.553917 0.819303
7271193.020851 6.176097 -4.891068 0.092598 0.090029 0.085292 -0.647544 0.751869
7271195.620757 6.194657 -5.446517 0.080056 0.092998 0.116389 -0.665185 0.731666
7271198.120763 6.161391 -5.703210 0.068439 0.094096 0.081077 -0.745718 0.654581
7271199.520875 6.125880 -6.235255 0.029924 0.106280 0.086906 -0.739230 0.659311
7271204.220464 6.239263 -6.497022 0.050077 0.090080 0.102045 -0.658437 0.740225
7271757.320886 6.226128 -6.764661 0.053812 0.096371 0.099823 -0.712830 0.687474
7271764.720929 6.223199 -7.261280 0.095895 0.037134 0.035443 -0.707063 0.705285
7271766.721031 6.204405 -7.583588 0.344515 -0.060515 -0.028053 -0.683970 0.726455
7271769.520900 6.266591 -8.034370 0.564321 -0.013231 -0.038587 -0.708127 0.704906
7271772.020755 6.122561 -8.479402 0.814161 -0.047114 -0.032416 -0.764996 0.641491
7271774.420765 6.015585 -8.919817 1.034214 -0.006595 -0.066326 -0.737959 0.671546
7271776.920965 6.073074 -9.388040 1.265034 -0.011868 0.002295 -0.709893 0.704205
7271778.520832 6.023668 -9.801898 1.552183 -0.031852 -0.044815 -0.695739 0.716187
7271780.718964 6.046058 -10.283883 1.720522 -0.032910 -0.023480 -0.711677 0.701342
7271782.920826 5.961473 -10.740624 1.941316 -0.006582 -0.025744 -0.723646 0.689659
7271784.420811 5.935756 -11.120577 2.006321 0.042842 0.077774 -0.721677 0.686512
7271788.320813 5.904865 -11.206545 2.087685 0.104990 0.075313 -0.791045 0.597957
7271789.621495 5.776349 -11.383508 2.077427 0.115655 0.057759 -0.852938 0.505752
7271789.820797 5.744580 -11.361094 2.107539 0.113856 0.040879 -0.901920 0.414614
7271790.219529 5.723485 -11.296540 2.123582 0.115639 0.030178 -0.944931 0.304666
7271791.120776 5.751025 -11.233920 2.125812 0.110370 0.013825 -0.972416 0.205023
7271791.420784 5.752780 -11.189864 2.128176 0.119754 -0.007889 -0.990702 0.064082
7271791.920949 5.731133 -11.165014 2.128777 -0.115406 0.020489 0.992272 0.040726
7271795.220772 5.218498 -11.179118 2.091388 -0.120626 0.007051 0.991391 0.050425
7271798.420960 4.736843 -11.366992 2.070770 -0.117959 0.009438 0.992467 0.031702
7271799.320903 4.689922 -11.353591 2.062277 -0.109710 0.034085 0.981658 0.152148
7271799.821232 4.696251 -11.333478 2.065449 -0.112797 0.041645 0.957788 0.261122
7271800.020754 4.727362 -11.310326 2.058078 -0.106492 0.064036 0.924432 0.360533
7271800.420155 4.770281 -11.322626 2.090278 -0.096219 0.073107 0.881538 0.456386
7271801.020333 4.831110 -11.347555 2.110025 -0.082573 0.082378 0.821517 0.558127
7271801.621155 4.864083 -11.355145 2.134206 -0.078786 0.097185 0.756886 0.641460
7271803.021271 4.844826 -11.384466 2.072842 -0.065410 0.108052 0.671135 0.730496
7271808.420966 4.632434 -10.913043 2.091731 -0.088516 0.103357 0.653163 0.744889
7271811.021979 4.607024 -10.531353 2.158764 0.001368 0.012669 0.685825 0.727655
7271812.420942 4.604365 -10.068988 2.395176 0.072985 -0.040316 0.682535 0.726081
7271813.921967 4.591770 -9.632188 2.641541 0.073541 -0.050282 0.670595 0.736455
7271815.320894 4.670413 -9.202351 2.897838 0.037699 -0.018502 0.676922 0.734855
7271817.820832 4.650934 -8.731282 3.132250 0.011406 -0.012198 0.664917 0.746730
7271819.621767 4.764253 -8.284124 3.397136 0.036310 -0.002675 0.634223 0.772292
7271822.020807 4.833090 -7.862702 3.671281 0.016220 -0.014137 0.676421 0.736201
7271823.720780 4.954078 -7.366417 3.777439 0.036955 -0.024361 0.686810 0.725488
7271825.619999 4.926457 -6.930310 4.042080 0.025329 -0.000043 0.693573 0.719941
7271826.821606 4.868694 -6.478992 4.112024 -0.068076 0.069083 0.674555 0.731826
7271828.020833 4.932985 -6.402501 4.153472 -0.067010 0.111439 0.567863 0.812787
7271828.821686 5.050702 -6.323375 4.174571 -0.046494 0.111054 0.476910 0.870668
7271829.721579 5.360202 -5.916034 4.131560 -0.050226 0.117928 0.483906 0.865682
7271831.821586 5.774474 -6.257236 4.128298 -0.067867 0.111092 0.493556 0.859916
7271835.621273 5.989165 -6.319602 4.146699 -0.071380 0.100430 0.585132 0.801523
7271836.021484 5.974286 -6.328593 4.141544 -0.086534 0.085881 0.667464 0.734594
7271919.020823 6.083511 -5.832904 4.152763 -0.083928 0.090593 0.707636 0.695702
7271920.420763 6.087277 -5.301922 4.163864 -0.083037 0.084998 0.715011 0.688941
7271921.621796 6.035973 -4.787237 4.146397 -0.097297 0.088005 0.722807 0.678482
7271934.521711 6.108019 -4.513620 4.134027 -0.106363 0.070503 0.794834 0.593258
7271935.021701 6.092470 -4.533628 4.134875 -0.114984 0.058804 0.859558 0.494450
7271935.221600 6.072420 -4.551454 4.120759 -0.125640 0.033144 0.914982 0.382000
7271935.421668 6.063466 -4.595387 4.148425 -0.129804 0.022867 0.960810 0.243869
7271935.621524 6.045736 -4.635415 4.145558 -0.135347 0.017571 0.985670 0.099136
7271935.921558 6.031211 -4.657576 4.130146 0.139101 -0.004320 -0.990248 0.006470
7271938.021514 6.053784 -4.281811 4.138637 -0.136409 0.016967 0.985027 0.104052
7271941.721418 6.225348 -3.961873 4.141853 -0.131236 0.034648 0.962788 0.233701
7271943.621365 6.430347 -3.818675 4.161356 -0.131410 0.022606 0.982982 0.126363
7271944.121523 6.446933 -3.851979 4.145788 -0.134092 0.002942 0.990825 0.016605
7271946.021329 6.509312 -3.760176 4.159012 -0.132547 0.023968 0.983033 0.124511
7271947.921273 6.288977 -3.734189 4.151825 -0.134088 -0.003374 0.990774 0.019391
7271950.321286 5.789655 -3.686392 4.149714 -0.137853 0.013987 0.989542 0.040092
7271967.320882 5.279971 -3.637263 4.147532 -0.131326 0.012483 0.990880 0.027463
7271968.620852 4.757907 -3.630210 4.133703 -0.139882 0.014584 0.989971 0.013343
7271969.320954 4.199151 -3.625002 4.119012 -0.140667 0.013566 0.989907 0.010659
7271970.020812 3.663779 -3.643200 4.130883 -0.135166 0.024541 0.990494 0.007029
7271972.820961 3.155191 -3.795660 4.109144 0.129579 -0.007998 -0.991515 0.006576
7271974.820807 2.608782 -3.924398 4.096525 0.135087 -0.001484 -0.990592 0.021832
7271975.520898 2.091783 -3.982496 4.063731 0.133059 -0.011644 -0.990614 0.029039
7271976.220857 1.559526 -4.010797 4.085568 0.128605 -0.003857 -0.991017 0.036489
7271976.920756 1.031662 -4.081236 4.078850 0.150700 -0.001972 -0.987380 0.048635
7271979.520785 0.547187 -4.366753 4.062285 0.137094 0.000780 -0.988578 0.062600
7271980.720866 -0.010164 -4.390526 4.078784 0.139693 -0.003681 -0.987341 0.075036
7271981.820864 -0.497159 -4.544129 4.030978 0.128885 0.002268 -0.987984 0.085266
7271983.718600 -0.952795 -4.788654 4.026059 0.136081 0.003305 -0.986922 0.086343
7271984.920840 -1.459215 -4.907419 4.017350 0.147315 0.012833 -0.983270 0.106363
7271986.220927 -1.653738 -4.901761 4.011730 -0.132659 0.010093 0.991107 0.002463
7272016.420856 -2.149307 -4.965650 3.995257 -0.121516 0.017577 0.992313 0.015518
7272021.320801 -2.471675 -5.357381 3.980819 -0.132752 0.003032 0.991126 0.006086
7272024.720799 -3.001919 -5.371730 3.980916 0.136394 0.005873 -0.990602 0.008397
7272025.621655 -3.524373 -5.376772 3.967305 0.147549 -0.014387 -0.988694 0.022528
7272026.621593 -4.058764 -5.376136 3.967541 0.138713 -0.007479 -0.989980 0.025346
7272027.621720 -4.294945 -5.432742 3.951427 0.140884 0.010782 -0.981225 0.131275
7272029.221525 -4.584646 -5.540721 3.941318 0.130428 0.028557 -0.959129 0.249488
7272029.721554 -4.571905 -5.589195 3.952595 0.131308 0.044741 -0.923892 0.356622
7272030.221447 -4.540168 -5.598928 3.944798 0.123046 0.058613 -0.879207 0.456530
7272031.421157 -4.499870 -5.598823 3.941930 0.120336 0.067814 -0.814291 0.563783
7272032.721402 -4.474786 -5.573515 3.938358 0.112139 0.071816 -0.751320 0.646363
7272040.021379 -4.817386 -5.955153 3.939938 0.106551 0.069758 -0.718244 0.684037
7272040.921406 -4.852929 -6.458664 3.958278 0.116080 0.077949 -0.714996 0.685003
7272042.121357 -4.844416 -6.976932 3.941749 0.117668 0.083308 -0.699043 0.700395
7272044.520986 -4.890252 -7.498646 3.925337 0.118535 0.084609 -0.698771 0.700364
7272046.219812 -5.041292 -7.971437 3.910236 0.115753 0.079486 -0.755043 0.640464
7272047.221078 -5.129036 -8.488044 3.910216 0.109153 0.069433 -0.734161 0.666538
7272051.421140 -5.295833 -8.983857 3.896813 0.107271 0.080167 -0.707097 0.694320
7272136.021163 -5.303045 -8.901896 3.891306 0.120222 0.073725 -0.779650 0.610128
7272136.721197 -5.313928 -8.846973 3.882442 0.118276 0.050254 -0.844724 0.519544
7272137.321203 -5.349492 -8.804863 3.886643 0.127558 0.036787 -0.900480 0.414138
7272137.621397 -5.370048 -8.762084 3.904881 0.134600 0.024398 -0.942378 0.305304
7272138.121283 -5.375429 -8.704091 3.973380 0.143276 0.003064 -0.973895 0.176043
7272138.421156 -5.348887 -8.655261 3.921586 0.136450 -0.010714 -0.989310 0.050324
7272138.921109 -5.335499 -8.612784 3.892075 -0.131015 0.022254 0.986455 0.096159
7272139.421275 -5.307156 -8.587763 3.901662 -0.124054 0.038299 0.971417 0.198727
7272140.121193 -5.284245 -8.548521 3.906147 -0.128566 0.055203 0.943917 0.299071
7272140.621215 -5.247125 -8.526090 3.948317 -0.124510 0.065585 0.904010 0.403686
7272140.921117 -5.200665 -8.522269 3.947053 -0.105403 0.072856 0.851842 0.507886
7272141.421242 -5.150645 -8.526235 3.912011 -0.095440 0.081583 0.784922 0.606740
7272141.721086 -5.113848 -8.527207 3.911308 -0.081188 0.094231 0.708199 0.694970
7272144.521051 -5.046497 -8.002123 3.913549 -0.080771 0.087704 0.672194 0.730712
7272145.421290 -4.968289 -7.484658 3.928208 -0.081567 0.099821 0.680671 0.721159
7272147.019208 -4.789360 -7.303200 3.926538 -0.071186 0.108836 0.594984 0.793146
7272150.420951 -4.752972 -6.767015 3.943529 -0.077452 0.084727 0.655171 0.746708
7272151.220936 -4.675049 -6.224880 3.941168 -0.086076 0.105492 0.665909 0.733503
7272152.520953 -4.620255 -5.705014 3.950062 -0.078723 0.095905 0.678371 0.724167
7272153.220909 -4.574116 -5.516191 3.942039 -0.065653 0.098208 0.592129 0.797138
7272153.920876 -4.541189 -5.550238 3.940155 -0.057986 0.106366 0.501101 0.856867
7272154.320489 -4.521127 -5.571517 3.948083 -0.040045 0.110549 0.401266 0.908384
7272154.720956 -4.516690 -5.632217 3.941453 -0.015779 0.113547 0.268001 0.956574
7272155.120853 -4.490779 -5.681173 3.945988 0.000841 0.113543 0.161320 0.980348
7272155.520992 -4.525000 -5.723195 3.936138 0.018031 0.111032 0.045040 0.992632
7272160.120938 -4.018434 -5.717210 3.960690 -0.001702 0.112317 0.021911 0.993429
7272162.820851 -3.446123 -5.716411 3.970878 0.019695 0.116463 -0.020332 0.992792
7272164.220947 -2.908495 -5.731358 3.990759 0.006872 0.122039 0.000106 0.992502
7272164.920842 -2.358416 -5.723889 3.996003 0.018143 0.124839 0.013374 0.991921
7272165.620789 -1.820133 -5.707963 4.009813 0.019428 0.117635 0.016098 0.992736
7272166.320860 -1.302338 -5.688180 4.004189 0.013326 0.114997 0.021006 0.993054
7272167.020795 -0.744388 -5.659713 4.031582 0.008879 0.131566 0.032728 0.990727
7272167.720860 -0.196991 -5.579940 4.038451 -0.003592 0.121131 0.118915 0.985481
7272168.420785 0.291781 -5.422743 4.047097 0.001945 0.128876 0.156084 0.979298
7272168.920762 0.381327 -5.376265 4.016921 -0.027907 0.121899 0.280305 0.951731
7272169.220750 0.373172 -5.348064 4.043843 -0.048150 0.110247 0.389691 0.913054
7272170.420861 0.627589 -4.890931 4.055280 -0.062017 0.118103 0.466959 0.874159
7272170.720827 0.726164 -4.777389 4.049784 -0.039453 0.128292 0.371189 0.918806
7272171.820940 1.058798 -4.582633 4.079754 -0.021893 0.117861 0.270666 0.955180
7272172.420941 1.476333 -4.451418 4.085031 -0.008834 0.126426 0.166983 0.977781
7272173.920874 1.973063 -4.372888 4.084036 -0.010289 0.132470 0.121583 0.983648
7272174.920795 2.494554 -4.231919 4.111957 0.010702 0.136494 0.053621 0.989131
7272176.420877 3.045551 -4.172818 4.115203 0.023056 0.108125 -0.034993 0.993254
7272177.620779 3.576213 -4.139380 4.113280 0.027283 0.131671 -0.028796 0.990499
7272178.721322 4.087728 -4.177738 4.129750 0.019032 0.109531 -0.021042 0.993578
7272179.420921 4.622035 -4.173266 4.139945 0.017408 0.128628 -0.002976 0.991536
7272180.721410 5.172158 -4.175338 4.131972 0.018345 0.123979 0.009710 0.992068
7272181.421186 5.701376 -4.139435 4.154585 0.012261 0.116833 0.008568 0.993039
7272182.121229 6.232335 -4.135602 4.144303 0.023384 0.137445 -0.045922 0.989168
7272182.620757 6.596714 -4.254346 4.156736 0.042017 0.116792 -0.158616 0.979508
7272183.321208 7.115617 -4.414660 4.195302 0.031913 0.123787 -0.093927 0.987338
7272184.020830 7.630538 -4.480452 4.163770 0.029696 0.117518 -0.061779 0.990702
7272184.721345 8.155627 -4.530501 4.178069 0.023907 0.126672 -0.055437 0.990106
7272185.421074 8.686986 -4.693297 4.174607 0.031311 0.116835 -0.164889 0.978867
7272186.021253 9.130102 -4.933579 4.182616 0.040531 0.118052 -0.215473 0.968500
7272186.620772 9.304305 -4.924224 4.162500 0.014505 0.119845 -0.073052 0.989995
7272187.121068 9.313719 -4.888276 4.165979 0.002879 0.118753 0.032601 0.992384
7272188.021100 9.819591 -4.877162 4.179717 0.004338 0.127727 0.026328 0.991450
7272188.921024 9.992904 -4.933053 4.180255 0.005754 0.121107 -0.079892 0.989403
7272190.721055 10.523340 -4.958681 4.182148 -0.000581 0.123066 -0.081292 0.989063
7272191.720676 10.980940 -5.057754 4.198005 0.036065 0.115542 -0.192003 0.973901
7272193.021065 10.925016 -5.059534 4.177908 -0.002367 0.122971 -0.078720 0.989280
7272208.321660 11.227098 -5.084806 4.175349 -0.006218 0.124145 0.023766 0.991960
7272212.621662 11.742991 -5.102558 4.196103 0.009743 0.131343 -0.044831 0.990275
7272214.621542 12.305963 -5.085213 4.188455 0.005327 0.123371 -0.024324 0.992048
7272215.921459 12.842724 -5.061621 4.199831 0.010496 0.127776 -0.011141 0.991685
7272217.721497 13.369508 -5.012033 4.201588 0.006161 0.132897 0.009136 0.991069
7272218.721423 13.482935 -4.974943 4.189282 -0.019055 0.127600 0.137758 0.982027
7272219.421532 13.468670 -4.964694 4.197515 -0.032614 0.123940 0.242946 0.961537
7272220.721387 13.697485 -4.720712 4.195512 -0.039559 0.125842 0.340983 0.930768
7272221.119488 13.764964 -4.642357 4.199230 -0.058831 0.119560 0.448248 0.883922
7272226.121286 13.777271 -4.304471 4.187179 -0.064898 0.117096 0.552808 0.822484
7272226.621373 13.754134 -4.168269 4.188650 -0.079139 0.109069 0.639488 0.756899
7272229.521191 13.664258 -3.646887 4.170971 -0.094617 0.103094 0.716052 0.683878
7272233.721144 13.434804 -3.468137 4.156360 -0.106217 0.083904 0.788940 0.599377
7272235.721075 13.397333 -3.298923 4.164548 -0.091447 0.094291 0.709286 0.692575
7272236.821103 13.378971 -3.405557 4.125324 -0.074216 0.091634 0.634036 0.764260
7272238.521076 13.329417 -3.371140 4.164010 -0.095017 0.088724 0.709189 0.692929
7272303.221664 13.535420 -3.016692 4.160335 -0.082389 0.104484 0.628557 0.766297
7272303.721665 13.559014 -3.059871 4.161449 -0.053664 0.107194 0.521637 0.844704
7272303.921706 13.584891 -3.091886 4.155358 -0.036268 0.121207 0.416540 0.900271
7272304.120804 13.595627 -3.125860 4.159624 -0.021194 0.125090 0.313118 0.941201
7272304.618233 13.587625 -3.165278 4.187893 -0.016851 0.125760 0.211800 0.969041
7272308.920080 13.435713 -3.456434 4.172116 -0.007205 0.128821 0.110951 0.985415
7272310.221445 13.964124 -3.350755 4.109999 -0.010300 0.135368 0.118499 0.983630
7272311.621553 13.941821 -3.515506 4.153763 0.009934 0.122621 -0.011627 0.992336
7272312.221494 13.921191 -3.545580 4.159344 0.022563 0.118217 -0.120570 0.985382
7272315.821353 13.816228 -3.704099 4.170546 0.029407 0.129596 -0.221792 0.965996
7272316.321431 13.790042 -3.719137 4.163951 0.049481 0.115640 -0.344031 0.930495
7272316.521280 13.750816 -3.733900 4.169639 0.065017 0.102070 -0.439547 0.890030
7272316.921390 13.692211 -3.730934 4.170507 0.079635 0.089805 -0.538515 0.834023
7272317.421316 13.659251 -3.713871 4.179793 0.088171 0.080296 -0.628665 0.768478
7272317.721373 13.612227 -3.702728 4.187172 0.102525 0.065613 -0.721874 0.681235
7272320.421227 13.461744 -4.199873 4.185118 0.108576 0.060819 -0.772741 0.622402
7272322.221245 13.416767 -4.726071 4.177997 0.107198 0.079698 -0.760340 0.635642
7272324.521267 13.458245 -4.921302 4.181589 0.104961 0.052757 -0.824913 0.552918
7272324.921199 13.435280 -4.902789 4.185335 0.119641 0.031620 -0.889219 0.440428
7272325.121229 13.406290 -4.870625 4.182449 0.127418 0.017714 -0.933837 0.333766
7272325.521077 13.415835 -4.831927 4.182204 0.127060 0.005112 -0.967674 0.217800
7272325.921178 13.417454 -4.800077 4.191516 0.125132 -0.010686 -0.986883 0.101434
7272326.221126 13.421294 -4.752488 4.186419 -0.131189 0.028860 0.990831 0.014499
7272333.421007 12.900942 -4.920923 4.191770 -0.135416 0.026723 0.989248 0.048329
7272334.520942 12.398246 -4.903616 4.185318 -0.137424 0.016891 0.989863 0.031639
7272336.021005 11.869212 -4.965421 4.185128 -0.133762 0.025901 0.990596 0.012472
7272337.620887 11.297846 -4.917523 4.173075 0.140091 -0.015447 -0.989994 0.006876
7272340.420928 10.817330 -4.950912 4.179753 0.135297 -0.008306 -0.983228 0.122018
7272340.720848 10.784219 -4.976186 4.172342 0.126826 0.027364 -0.965318 0.226556
7272341.020913 10.818427 -5.006723 4.179599 0.109771 0.035015 -0.933675 0.339079
7272341.320892 10.839722 -5.043091 4.177718 0.114260 0.058064 -0.882763 0.451999
7272341.619223 10.870631 -5.066446 4.175056 0.108532 0.061514 -0.825059 0.551103
7272341.920791 10.902971 -5.070594 4.161863 0.095056 0.079551 -0.745077 0.655360
7272343.220897 10.919460 -5.606563 4.197465 0.097239 0.076556 -0.677178 0.725337
7272345.420937 10.951508 -6.112057 4.205159 0.085128 0.085931 -0.687745 0.715805
7272346.120824 10.985646 -6.629162 4.204493 0.096527 0.080793 -0.681489 0.720921
7272346.720828 10.963570 -7.024653 4.177713 0.109786 0.061169 -0.756574 0.641718
7272347.520972 10.822291 -7.551766 4.216868 0.100584 0.066858 -0.775723 0.619408
7272348.220892 10.811091 -8.105865 4.219333 0.103810 0.078243 -0.721782 0.679803
7272348.920768 10.796543 -8.627173 4.223638 0.100421 0.075208 -0.710410 0.692515
7272349.620755 10.779756 -9.159873 4.239756 0.102231 0.077554 -0.703031 0.699487
7272350.320794 10.797002 -9.702519 4.239990 0.096648 0.077760 -0.700165 0.703123
7272351.020777 10.827269 -10.241778 4.237925 0.095173 0.087484 -0.692007 0.710222
7272351.620767 10.756728 -10.698142 4.256872 0.114044 0.068577 -0.766340 0.628502
7272352.020756 10.636652 -10.952243 4.279616 0.114011 0.050036 -0.847830 0.515444
7272352.220751 10.549435 -11.053127 4.231297 0.134929 0.032521 -0.898222 0.417055
7272352.420861 10.400981 -11.117616 4.214732 0.139300 0.010632 -0.943391 0.300826
7272352.820778 10.100187 -11.207191 4.258222 0.143138 -0.001545 -0.971298 0.189971
7272353.920919 9.979260 -11.268809 4.237122 0.117225 0.029452 -0.944938 0.304111
7272354.221541 9.999367 -11.287663 4.237088 0.111427 0.035665 -0.905500 0.407898
7272354.421585 10.025640 -11.297062 4.234359 0.104831 0.055474 -0.852077 0.509801
7272354.720791 10.055751 -11.289639 4.233418 0.097201 0.061892 -0.794156 0.596689
7272355.020774 10.109057 -11.294519 4.244097 0.085411 0.082386 -0.714986 0.688994
7272356.220907 10.209664 -11.854276 4.252797 0.091191 0.087884 -0.675890 0.726039
7272356.920888 10.192490 -12.386475 4.268879 0.105502 0.070410 -0.723576 0.678491
7272357.620870 10.171614 -12.916677 4.262946 0.097457 0.075155 -0.725220 0.677429
7272358.320750 10.147305 -13.475108 4.277123 0.107907 0.081979 -0.716799 0.683984
7272359.620799 10.079750 -13.902351 4.266462 0.101618 0.052726 -0.797802 0.591951
7272359.820976 10.044242 -13.887258 4.265110 0.114069 0.043636 -0.853736 0.506181
7272360.220842 10.036510 -13.860271 4.270912 0.117851 0.036661 -0.909098 0.397878
7272360.520812 10.021799 -13.803328 4.262815 0.131918 0.008129 -0.960625 0.244400
7272360.820771 10.029738 -13.758979 4.249716 0.125689 -0.009064 -0.982657 0.136035
7272362.220773 9.521477 -13.769499 4.260970 0.141153 -0.008993 -0.987097 0.075063
7272363.220805 8.978239 -13.814950 4.272783 0.128033 -0.010001 -0.988108 0.084556
7272364.121279 8.485472 -13.835681 4.253412 -0.135764 0.020852 0.989543 0.044012
7272366.821243 8.074066 -13.546040 4.245882 0.114919 -0.005529 -0.993339 0.006371
7272409.221466 7.854448 -13.333094 4.255079 0.134868 0.015439 -0.983464 0.119881
7272409.821409 7.901708 -13.367008 4.248857 0.123593 0.034286 -0.959342 0.251421
7272410.421464 7.906188 -13.386744 4.245276 0.114932 0.030050 -0.928647 0.351430
7272411.421534 7.554290 -13.756898 4.193202 0.123192 0.047756 -0.871600 0.472077
7272411.821479 7.586631 -13.778681 4.209057 0.101306 0.058798 -0.803270 0.583984
7272412.621531 7.599458 -13.791682 4.258456 0.092718 0.074106 -0.735264 0.667307
7272413.621471 7.542736 -14.302588 4.250784 0.109223 0.082346 -0.701937 0.698981
7272413.921390 7.585059 -14.305956 4.249174 0.077953 0.102317 -0.581561 0.803269
7272414.221400 7.636281 -14.268975 4.241804 0.062058 0.109853 -0.464429 0.876577
7272414.721390 7.667679 -14.279567 4.244246 0.056173 0.113824 -0.358385 0.924905
7272415.021327 7.684317 -14.251900 4.252043 0.035462 0.116070 -0.233911 0.964653
7272416.221228 7.679056 -14.206714 4.250833 0.024188 0.125756 -0.114002 0.985192
7272418.421273 8.190617 -14.090542 4.257966 0.012269 0.123330 -0.029467 0.991852
7272419.121306 8.733946 -14.123978 4.272662 0.010548 0.128824 -0.024624 0.991306
7272419.721248 8.993574 -14.178076 4.235596 0.045642 0.131037 -0.147474 0.979284
7272420.921233 9.526618 -14.369654 4.270473 0.038199 0.132417 -0.170207 0.975723
7272422.021282 10.045197 -14.599363 4.278751 0.041665 0.132000 -0.189354 0.972103
7272422.321302 10.206988 -14.688976 4.290651 0.045676 0.131920 -0.315546 0.938585
7272422.521189 10.214282 -14.731628 4.284835 0.072503 0.112413 -0.415398 0.899751
7272423.121101 10.168110 -14.741034 4.259106 0.070202 0.096502 -0.509065 0.852416
7272423.621096 10.201942 -14.735964 4.275441 0.050681 0.105276 -0.399675 0.909180
7272423.921223 10.212245 -14.692743 4.271374 0.027591 0.114115 -0.287607 0.950525
7272424.221060 10.216347 -14.659767 4.276992 0.019928 0.113421 -0.188535 0.975291
7272425.221062 10.242990 -14.643095 4.271255 0.016260 0.116414 -0.085737 0.989360
7272428.920996 10.559247 -15.039725 4.284923 0.004220 0.124042 -0.055868 0.990694
7272431.121075 10.919948 -15.392626 4.291535 0.005927 0.124206 -0.029285 0.991807
7272433.920888 11.483728 -15.496562 4.296999 0.009075 0.124822 -0.002366 0.992135
7272434.720706 11.997503 -15.518788 4.289464 0.007273 0.131069 0.006232 0.991327
7272436.820924 12.509522 -15.556711 4.305335 0.010209 0.112205 -0.080173 0.990393
7272437.720875 13.007558 -15.641835 4.296429 0.018574 0.121705 -0.070005 0.989920
7272438.420905 13.515837 -15.736441 4.296507 0.025442 0.126202 -0.046654 0.990580
7272439.220770 14.077061 -15.738483 4.289945 0.010698 0.125150 0.009020 0.992039
7272440.320901 14.591619 -15.721343 4.276189 0.014041 0.129883 -0.048403 0.990248
7272441.519280 15.126225 -15.815578 4.292310 0.020299 0.132659 -0.069394 0.988521
7272442.420911 15.558435 -15.902640 4.272324 0.041602 0.120806 -0.181903 0.974980
7272443.620910 15.834795 -16.122568 4.289953 0.053960 0.114881 -0.292924 0.947674
7272443.920803 15.894675 -16.217716 4.280693 0.068920 0.117498 -0.426828 0.894015
7272444.220855 15.867304 -16.242104 4.276757 0.081379 0.095017 -0.539175 0.832850
7272447.420755 15.893657 -16.539339 4.290423 0.094357 0.077538 -0.644585 0.754715
7272449.020785 15.814298 -17.044033 4.277107 0.096088 0.078301 -0.707768 0.695486
7272449.720802 15.808833 -17.580402 4.297966 0.099571 0.078283 -0.706873 0.695908
7272450.420882 15.797361 -18.094013 4.283695 0.098334 0.075478 -0.701593 0.701713
7272451.120889 15.795308 -18.635696 4.306581 0.107023 0.090359 -0.694850 0.705383
7272452.121317 15.748387 -19.088320 4.276750 0.113972 0.067687 -0.768710 0.625711
7272452.720921 15.709213 -19.065414 4.271637 0.108960 0.059759 -0.831769 0.541033
7272453.920934 15.543270 -19.603846 4.265967 0.110727 0.076797 -0.775687 0.616564
7272454.620843 15.453659 -20.134920 4.274585 0.101535 0.082252 -0.716080 0.685678
7272455.320704 15.465083 -20.653151 4.277616 0.102595 0.079238 -0.681809 0.719953
7272456.020826 15.509270 -21.169977 4.273089 0.093647 0.084935 -0.674476 0.727392
7272456.720828 15.453897 -21.678148 4.268839 0.098319 0.094894 -0.659039 0.739592
7272457.620856 15.459750 -22.189604 4.261038 0.102049 0.097733 -0.681404 0.718138
7272458.520782 15.429915 -22.220320 4.264797 0.088596 0.073593 -0.755880 0.644500
7272459.320449 15.353026 -22.769352 4.243215 0.105856 0.079870 -0.744054 0.654827
7272460.320800 15.334738 -23.290209 4.256773 0.091044 0.090619 -0.663142 0.737388
7272461.720832 15.270412 -23.663889 4.266523 0.097864 0.079844 -0.736940 0.664054
7272462.520878 15.209504 -24.215603 4.248735 0.107759 0.084568 -0.733865 0.665341
