7267945.821108 -0.203777 0.020411 -0.043258 -0.001725 -0.000841 -0.000151 0.999998
7268049.320833 0.310362 0.026507 -0.039063 0.008762 -0.010062 -0.012429 0.999834
7268050.620724 0.820250 -0.045945 -0.039753 -0.007000 -0.006339 -0.081813 0.996603
7268051.920828 1.315583 -0.124308 -0.033182 -0.003274 -0.010630 -0.073064 0.997265
7268053.220963 1.842860 -0.201288 -0.023647 -0.005740 -0.010747 -0.065959 0.997748
7268054.420105 2.344719 -0.258904 -0.022047 -0.000303 -0.011304 -0.060805 0.998086
7268055.720766 2.890741 -0.303489 -0.029585 0.002868 -0.009662 -0.047919 0.998800
7268056.920782 3.397503 -0.343898 -0.015757 -0.001407 -0.009088 -0.039411 0.999181
7268058.120965 3.909493 -0.388927 -0.022235 0.002059 -0.016360 -0.034201 0.999279
7268059.320797 4.435426 -0.425112 -0.013976 0.002007 -0.006510 -0.023413 0.999703
7268060.520938 4.948361 -0.434048 -0.012654 -0.004530 -0.007317 -0.011775 0.999894
7268061.720857 5.463511 -0.491139 -0.010454 0.001549 -0.014993 -0.092471 0.995601
7268062.920773 5.964417 -0.590715 -0.004243 0.003550 -0.009059 -0.089038 0.995981
7268064.121288 6.481354 -0.668448 -0.004778 0.000473 -0.007693 -0.078371 0.996894
7268065.320777 6.998727 -0.742903 -0.004807 0.003669 -0.014381 -0.032888 0.999349
7268066.521187 7.518809 -0.756139 -0.005791 -0.000672 -0.003788 0.014011 0.999894
7268067.721186 8.043809 -0.732194 0.005997 -0.001891 -0.006794 0.020784 0.999759
7268068.920267 8.559669 -0.707923 0.002934 -0.000942 -0.008135 0.023011 0.999702
7268070.121150 9.102478 -0.686160 0.013764 -0.005739 -0.002572 0.035525 0.999349
7268071.021186 9.468378 -0.628521 0.005650 -0.000823 -0.011220 0.142788 0.989689
7268072.221096 9.970304 -0.438585 -0.001789 -0.000440 -0.008521 0.181699 0.983317
7268073.421062 10.475651 -0.245803 0.006716 -0.000336 -0.001952 0.188005 0.982166
7268074.621003 10.969260 -0.039344 0.000551 0.003064 -0.005937 0.193556 0.981067
7268075.820969 11.455418 0.160257 -0.010497 0.001423 -0.009173 0.209139 0.977842
7268077.020941 11.928853 0.400883 -0.001700 -0.001109 -0.008061 0.215155 0.976546
7268077.920941 12.297659 0.551791 -0.009120 0.003170 -0.005846 0.107041 0.994232
7268078.220963 12.450572 0.587647 -0.015547 0.007429 -0.003884 -0.043316 0.999026
7268078.421033 12.526392 0.588699 -0.022355 -0.000897 0.011421 -0.150396 0.988559
7268078.619990 12.594897 0.555713 -0.021613 0.005767 -0.017368 -0.266956 0.963535
7268078.820954 12.676044 0.485679 -0.011116 0.019608 -0.011705 -0.368086 0.929511
7268079.521965 12.850594 0.215662 -0.004646 0.013996 -0.014152 -0.482771 0.875521
7268079.820897 12.927328 0.113409 -0.015168 0.012368 -0.012306 -0.583581 0.811868
7268080.520943 12.975579 -0.198260 -0.006625 0.013807 -0.015854 -0.666767 0.744969
7268081.720863 13.015493 -0.728122 -0.011954 0.008116 -0.015148 -0.679013 0.733925
7268082.920864 13.039622 -1.254070 -0.005945 0.002053 -0.010598 -0.675763 0.737040
7268083.420854 13.065723 -1.459402 -0.015886 -0.001140 -0.014405 -0.751851 0.659175
7268084.519750 12.883160 -1.917397 0.000120 -0.002460 -0.010686 -0.812599 0.582720
7268085.720787 12.727968 -2.407966 -0.003497 -0.002302 -0.006476 -0.812181 0.583366
7268086.921778 12.545973 -2.886582 -0.012803 -0.000830 -0.007432 -0.814430 0.580213
7268088.120751 12.347897 -3.366678 -0.017619 -0.006346 -0.015368 -0.810222 0.585887
7268089.321775 12.198879 -3.850927 -0.013177 -0.003980 -0.003027 -0.811070 0.584928
7268090.521751 11.993469 -4.327302 -0.013771 -0.002994 -0.005538 -0.861846 0.507131
7268091.721702 11.732291 -4.778281 -0.027746 -0.009026 -0.008520 -0.860125 0.509932
7268092.921751 11.488072 -5.254876 -0.020063 -0.001958 -0.001823 -0.859289 0.511484
7268094.120829 11.229245 -5.716564 -0.027451 -0.005875 -0.002212 -0.860326 0.509705
7268095.221573 11.007071 -6.156351 -0.030449 -0.003245 0.000413 -0.794298 0.607520
7268096.421670 10.914662 -6.663311 -0.036790 -0.010008 -0.007214 -0.770534 0.637280
7268097.621630 10.833529 -7.189629 -0.043265 0.001202 -0.004369 -0.766857 0.641803
7268107.621376 10.770602 -7.707325 -0.052001 -0.003561 -0.003597 -0.759192 0.650847
7268108.821309 10.697961 -8.203083 -0.066666 -0.005132 -0.003689 -0.755884 0.654676
7268110.021281 10.643816 -8.719193 -0.062087 -0.001438 -0.005183 -0.755330 0.655322
7268111.221251 10.578411 -9.225963 -0.064576 -0.000394 -0.002506 -0.755152 0.655545
7268112.421207 10.508069 -9.725696 -0.102408 -0.005166 -0.000286 -0.751652 0.659540
7268113.621177 10.453962 -10.252334 -0.089354 -0.000205 -0.003141 -0.751871 0.659303
7268114.821163 10.378591 -10.765281 -0.097189 -0.002342 -0.001014 -0.749930 0.661512
7268116.021181 10.321851 -11.265177 -0.099252 -0.005121 -0.004984 -0.743850 0.668308
7268117.221163 10.271464 -11.770338 -0.103977 0.004353 -0.005394 -0.742139 0.670210
7268118.321206 10.218003 -12.268107 -0.099580 0.001444 -0.002147 -0.737020 0.675866
7268119.521120 10.198156 -12.780900 -0.119895 -0.001595 0.005396 -0.728097 0.685451
7268120.721094 10.163485 -13.306793 -0.129973 -0.004148 -0.005109 -0.724600 0.689138
7268121.420975 10.161037 -13.610258 -0.137219 -0.008118 -0.004358 -0.639106 0.769063
7268122.521046 10.314221 -14.071464 -0.144381 -0.002778 -0.003001 -0.555623 0.831425
7268123.721027 10.530220 -14.554171 -0.152701 0.002448 0.002169 -0.546869 0.837212
7268124.121042 10.583755 -14.721411 -0.147010 0.011712 -0.004286 -0.453289 0.891276
7268124.420973 10.671938 -14.815653 -0.147258 0.014194 -0.003228 -0.332855 0.942866
7268124.920909 10.860481 -14.941692 -0.155895 0.009335 -0.000593 -0.189236 0.981887
7268125.221010 10.991562 -14.977986 -0.148462 0.002942 0.000399 -0.051178 0.998685
7268126.120953 11.386121 -14.973754 -0.164051 0.003108 0.000959 0.056395 0.998403
7268127.320915 11.910951 -14.946108 -0.160411 0.018478 0.003407 -0.022046 0.999580
7268128.520879 12.448642 -14.963080 -0.170489 0.014979 0.001566 -0.012762 0.999805
7268129.120888 12.698190 -14.961760 -0.194348 0.010768 0.000838 0.126767 0.991874
7268129.420837 12.806759 -14.924002 -0.181069 0.015143 -0.012370 0.241400 0.970229
7268130.220803 13.112866 -14.704100 -0.196707 0.020361 0.006000 0.133377 0.990838
7268131.420868 13.629136 -14.627649 -0.182254 0.013162 0.001622 0.044304 0.998930
7268132.620860 14.153844 -14.580646 -0.196738 0.007493 0.001333 0.055010 0.998457
7268133.620868 14.622618 -14.535970 -0.201206 0.017761 -0.000320 -0.075628 0.996978
7268133.920778 14.751534 -14.560982 -0.205270 0.017079 0.010473 -0.217263 0.975908
7268134.120783 14.828835 -14.609125 -0.207785 0.014581 -0.011841 -0.322874 0.946256
7268134.320895 14.913827 -14.678346 -0.214092 0.011021 0.003977 -0.428666 0.903387
7268134.520943 14.977853 -14.742982 -0.230798 0.008079 -0.000042 -0.521419 0.853263
7268135.020848 15.039809 -14.937770 -0.204862 0.011110 -0.007021 -0.609392 0.792761
7268135.920775 15.115345 -15.336729 -0.220549 0.005236 -0.007671 -0.688727 0.724961
7268136.620925 15.112494 -15.647497 -0.229229 0.003582 -0.008152 -0.778822 0.627182
7268137.120893 15.024426 -15.846664 -0.218398 0.003450 -0.016190 -0.845089 0.534370
7268138.420961 14.851639 -16.351109 -0.224597 -0.008232 -0.012175 -0.781641 0.623556
7268139.620919 14.715075 -16.865696 -0.226859 0.008420 -0.010681 -0.782421 0.622601
7268140.820841 14.583191 -17.376698 -0.216128 0.002067 -0.002910 -0.780671 0.624931
7268142.020780 14.454521 -17.893227 -0.233738 -0.006096 -0.005125 -0.761456 0.648168
7268143.220799 14.407418 -18.404325 -0.242638 0.007532 -0.010575 -0.723248 0.690466
7268144.320773 14.384412 -18.905497 -0.245968 0.001259 0.000320 -0.717315 0.696748
7268145.520828 14.377427 -19.422323 -0.246505 -0.004871 0.002723 -0.708418 0.705771
7268146.720761 14.364134 -19.943007 -0.260407 -0.006976 -0.002742 -0.707524 0.706650
7268147.920898 14.356792 -20.472790 -0.263905 -0.006934 0.014863 -0.703084 0.710917
7268149.220921 14.325188 -20.994314 -0.266552 -0.003633 -0.000838 -0.750203 0.661197
7268150.420918 14.260799 -21.492996 -0.277222 -0.008775 -0.001028 -0.750057 0.661315
7268151.620890 14.182603 -22.018953 -0.277366 -0.000924 -0.003818 -0.743802 0.668388
7268152.820816 14.143510 -22.543488 -0.284037 -0.002000 0.003331 -0.737792 0.675017
7268154.021196 14.099787 -23.056475 -0.297573 -0.009537 -0.002419 -0.735399 0.677563
7268155.221209 14.060635 -23.599277 -0.307782 -0.006124 0.004968 -0.756793 0.653607
7268156.421238 13.971192 -24.119551 -0.315738 -0.004572 0.005818 -0.772515 0.634953
7268157.621111 13.887877 -24.628672 -0.345119 -0.007941 0.001608 -0.768548 0.639741
7268159.520837 13.817530 -25.124901 -0.334374 -0.005810 0.011301 -0.755456 0.655076
7268160.721069 13.757111 -25.653366 -0.345529 -0.007821 0.002760 -0.752618 0.658405
7268161.921067 13.679016 -26.190126 -0.355965 -0.003924 0.010775 -0.744434 0.667598
7268162.521114 13.653000 -26.424952 -0.353722 -0.011582 -0.001908 -0.831283 0.555725
7268162.821000 13.580193 -26.569990 -0.385010 -0.007195 -0.002827 -0.906036 0.423130
7268163.021039 13.517882 -26.651100 -0.375900 0.002618 -0.010041 -0.946065 0.323809
7268163.221051 13.455856 -26.695282 -0.366280 -0.011605 -0.002096 -0.975005 0.221871
7268163.621026 13.249474 -26.724703 -0.361515 -0.011238 -0.016114 -0.993596 0.111267
7268164.720973 12.749146 -26.796595 -0.357140 -0.019742 -0.005676 -0.997207 0.071809
7268165.821039 12.236247 -26.809925 -0.367614 0.018141 0.011687 0.999630 0.016568
7268166.920936 11.729666 -26.773560 -0.341600 0.027065 0.007388 0.999382 0.021170
7268168.120968 11.194943 -26.753405 -0.317753 0.015327 -0.000130 0.999673 0.020453
7268169.322111 10.659634 -26.712660 -0.313615 0.015211 0.005369 0.999763 0.014595
7268170.520862 10.151870 -26.689980 -0.309001 0.021173 -0.001110 0.999759 0.005700
7268171.721950 9.636370 -26.670420 -0.289536 0.013746 0.016436 0.999767 0.002550
7268173.620904 9.137409 -26.620619 -0.297826 0.022965 0.000344 0.998770 0.043948
7268174.921982 8.623484 -26.563747 -0.285569 0.022443 -0.003500 0.999171 0.033789
7268176.220763 8.084862 -26.531612 -0.271353 0.014388 -0.010143 0.999398 0.029888
7268177.420910 7.580104 -26.503109 -0.248019 0.025197 -0.005647 0.999299 0.027124
7268178.621901 7.069157 -26.476461 -0.242200 0.019518 -0.007082 0.998367 0.053215
7268178.920896 6.953287 -26.489491 -0.251403 0.026432 0.006132 0.985773 0.165880
7268179.220790 6.858881 -26.418917 -0.241867 0.040523 0.005105 0.954191 0.296398
7268179.421805 6.790648 -26.350492 -0.230945 0.025199 0.006355 0.914179 0.404476
7268179.621795 6.729358 -26.295471 -0.244716 0.023150 0.009030 0.865593 0.500132
7268179.921854 6.682985 -26.193861 -0.254279 0.036055 0.006920 0.800751 0.597871
7268181.120806 6.626736 -25.660990 -0.235110 0.031960 0.018091 0.747544 0.663197
7268182.321748 6.569864 -25.148344 -0.224756 0.028085 0.008001 0.726926 0.686095
7268183.621726 6.602162 -24.616201 -0.218014 0.021455 -0.000021 0.682703 0.730381
7268184.820796 6.637286 -24.099600 -0.205911 0.019756 0.000785 0.684696 0.728561
7268186.021645 6.679877 -23.586134 -0.196925 0.027338 0.001790 0.683927 0.729036
7268187.221709 6.735000 -23.081743 -0.198120 0.019406 -0.001831 0.690885 0.722701
7268188.421546 6.754864 -22.573761 -0.164132 0.020531 -0.002460 0.689958 0.723554
7268189.521652 6.800152 -22.073126 -0.172216 0.025588 0.008435 0.693679 0.719780
7268190.721651 6.818371 -21.546049 -0.181451 0.019606 -0.002474 0.678837 0.734023
7268191.821509 6.893315 -21.040993 -0.167567 0.025515 -0.001192 0.645036 0.763725
7268193.021672 6.989466 -20.518709 -0.164477 0.014382 -0.003137 0.648735 0.760872
7268194.221600 7.065039 -20.007433 -0.156528 0.015591 -0.002155 0.655911 0.754674
7268195.321547 7.143962 -19.503630 -0.139057 0.023543 0.004179 0.656119 0.754279
7268196.521535 7.217682 -18.972982 -0.143254 0.021797 -0.002925 0.711522 0.702319
7268197.721422 7.183323 -18.457050 -0.129026 0.024990 0.007847 0.685730 0.727384
7268198.920304 7.249036 -17.930115 -0.121814 0.018962 0.003919 0.672753 0.739613
7268200.121493 7.285442 -17.410143 -0.117509 0.024242 0.006395 0.683425 0.729590
7268201.221416 7.325263 -16.910366 -0.125640 0.020740 -0.000080 0.682733 0.730373
7268202.421378 7.363258 -16.375448 -0.124432 0.015345 0.006538 0.692337 0.721381
7268203.521412 7.385508 -15.879532 -0.126925 0.016003 0.008326 0.608639 0.793242
7268203.821461 7.427281 -15.756624 -0.125805 0.024845 -0.002487 0.518222 0.854882
7268204.620042 7.655542 -15.434966 -0.120344 0.020383 0.008962 0.419478 0.907492
7268205.721315 8.028691 -15.069489 -0.149315 0.014930 0.007193 0.385361 0.922617
7268206.821175 8.405953 -14.735879 -0.163415 0.021011 0.011125 0.382741 0.923550
7268208.021143 8.791080 -14.357293 -0.172604 0.017828 0.005515 0.391402 0.920031
7268209.121128 9.165054 -14.008881 -0.190594 0.015290 0.006548 0.390261 0.920554
7268210.321192 9.544892 -13.630056 -0.208333 0.022791 0.003399 0.436055 0.899625
7268211.121257 9.738706 -13.344420 -0.216911 0.015724 0.009418 0.536290 0.843835
7268212.221113 9.925416 -12.860139 -0.206437 0.014602 0.007498 0.546249 0.837462
7268213.421148 10.145733 -12.390447 -0.210255 0.022834 0.004744 0.615811 0.787549
7268214.621042 10.238405 -11.860836 -0.215148 0.016761 0.004157 0.651850 0.758151
7268215.821009 10.308022 -11.337320 -0.208541 0.016239 0.007224 0.654119 0.756182
7268216.921203 10.393942 -10.832909 -0.208971 0.019437 0.007953 0.659129 0.751737
7268218.121000 10.447090 -10.303665 -0.210382 0.018210 0.008299 0.666789 0.744977
7268219.221041 10.501766 -9.802362 -0.209561 0.021237 0.008284 0.671161 0.740961
7268220.420864 10.563968 -9.269533 -0.205310 0.026035 0.001786 0.678439 0.734193
7268221.621033 10.587417 -8.731285 -0.192056 0.017245 0.005518 0.681521 0.731575
7268222.721055 10.636712 -8.226510 -0.195168 0.023181 0.010824 0.685710 0.727425
7268223.920796 10.652384 -7.688733 -0.185709 0.021226 0.005595 0.691196 0.722334
7268225.020810 10.666007 -7.184737 -0.179788 0.022858 0.005526 0.693209 0.720353
7268225.920948 10.668921 -6.790994 -0.179843 0.014304 0.013965 0.593873 0.804311
7268226.220852 10.734278 -6.658267 -0.193380 0.011116 0.006014 0.491457 0.870810
7268227.320955 11.063849 -6.232593 -0.189726 0.020285 0.005526 0.515797 0.856453
7268227.620756 11.120728 -6.145295 -0.209553 0.022287 0.003846 0.624458 0.780731
7268228.120888 11.111496 -5.946990 -0.205116 0.017673 -0.003388 0.703623 0.710345
7268229.320819 11.109438 -5.421371 -0.184538 0.025192 0.002836 0.792814 0.608936
7268230.120808 10.955484 -5.082853 -0.178654 0.026302 -0.003213 0.853018 0.521208
7268230.920778 10.778200 -4.731760 -0.155704 0.020300 0.005623 0.915484 0.401803
7268231.220777 10.715777 -4.634074 -0.172878 0.024189 0.002122 0.960542 0.277072
7268231.720784 10.524886 -4.590938 -0.158968 0.021289 -0.006456 0.984944 0.171434
7268232.820721 10.025939 -4.412712 -0.141954 0.018558 0.007480 0.990036 0.139386
7268233.920790 9.536735 -4.286826 -0.129373 0.017187 -0.006111 0.991066 0.132119
7268235.020912 9.041460 -4.135279 -0.110805 0.020658 0.001139 0.995067 0.097023
7268236.120846 8.534874 -4.101334 -0.099632 0.019082 -0.004880 0.999631 0.018705
7268237.220754 8.030038 -4.087292 -0.092517 0.021751 -0.002747 0.999707 0.010229
7268238.320956 7.522521 -4.090164 -0.072469 0.020031 -0.003938 0.999789 0.002229
7268239.520899 6.984389 -4.101873 -0.060978 -0.031785 0.000499 -0.999488 0.003586
7268240.620828 6.483378 -4.107244 -0.043541 -0.023490 0.005716 -0.999597 0.014886
7268241.720575 5.996143 -4.131980 -0.030745 0.023827 0.016604 0.992840 0.115865
7268242.120697 5.832983 -4.070227 -0.015830 0.032309 0.012509 0.975114 0.218981
7268243.320913 5.358955 -3.816282 0.004614 0.023899 0.002317 0.963681 0.265975
7268244.420872 4.966341 -3.505630 0.026313 0.027263 0.010519 0.936857 0.348490
7268245.520931 4.605665 -3.141380 0.039762 0.023067 0.010543 0.902785 0.429344
7268246.720896 4.263729 -2.740783 0.051271 0.031163 0.005578 0.899654 0.435455
7268247.920882 3.915053 -2.353896 0.058923 0.020191 0.010013 0.939407 0.342062
7268248.720431 3.652778 -2.138896 0.077181 0.024536 0.011394 0.971950 0.233626
7268249.320757 3.416957 -2.037670 0.016167 0.022660 0.002453 0.991334 0.129375
7268250.420920 2.928939 -1.914753 0.040564 0.022555 0.009010 0.982619 0.184038
7268251.320502 2.554428 -1.805069 0.024638 0.017244 -0.001120 0.996955 0.076045
7268252.521066 2.019001 -1.746930 0.028114 0.025012 0.002721 0.997967 0.058564
7268253.620981 1.508763 -1.685064 0.005618 0.018752 0.000697 0.998641 0.048619
7268254.821034 0.979898 -1.641748 0.005570 0.014926 -0.001095 0.999121 0.039150
7268256.020866 0.446241 -1.598254 0.011123 0.016088 0.002014 0.999206 0.036400
7268257.220911 -0.088771 -1.557194 -0.000715 0.021516 0.003557 0.999521 0.021962
7268258.420971 -0.615535 -1.560577 0.005021 0.017574 -0.006529 0.999697 0.015976
7268259.520823 -1.103578 -1.533538 -0.018398 -0.010720 -0.010253 -0.993248 0.115062
7268259.820941 -1.234203 -1.573963 -0.011870 -0.008636 -0.007667 -0.961437 0.274783
7268260.021871 -1.314139 -1.623663 -0.017444 -0.009183 0.003917 -0.924249 0.381659
7268260.320826 -1.400811 -1.720512 -0.012764 -0.005940 -0.002374 -0.856919 0.515411
7268261.421933 -1.581535 -2.206626 -0.010884 -0.002791 0.007029 -0.836789 0.547473
7268262.621901 -1.798330 -2.695194 -0.015394 -0.013969 -0.004722 -0.866956 0.498166
7268263.421809 -1.937084 -3.001668 -0.013487 -0.002659 -0.003588 -0.808084 0.589050
7268264.520839 -2.085337 -3.483202 -0.014773 -0.002960 -0.009537 -0.796278 0.604848
7268265.721818 -2.209217 -4.008814 -0.010374 -0.007240 0.000111 -0.790296 0.612682
7268266.820772 -2.286422 -4.528131 -0.011315 -0.006723 -0.002336 -0.728170 0.685360
7268268.021739 -2.294839 -5.028789 -0.007588 -0.008681 0.002486 -0.717105 0.696906
7268270.021781 -2.376600 -5.551729 -0.015628 -0.014725 0.003679 -0.763648 0.645454
7268270.921815 -2.454103 -5.879856 -0.018487 -0.013548 -0.008174 -0.831149 0.555824
7268272.120742 -2.744225 -6.336775 -0.004256 -0.009282 -0.006403 -0.875358 0.483343
7268273.321750 -3.024234 -6.781669 0.018900 -0.006371 -0.006764 -0.857176 0.514940
7268274.321630 -3.172753 -7.190673 0.007689 -0.016213 -0.004249 -0.790136 0.612703
7268275.720761 -3.246229 -7.721568 0.003756 -0.008782 -0.006480 -0.772140 0.635359
7268276.921534 -3.357454 -8.218185 0.005469 -0.007279 -0.006736 -0.771041 0.636708
7268278.221543 -3.500901 -8.741672 0.009417 -0.010011 0.007076 -0.811437 0.584312
7268279.421039 -3.651827 -9.220556 0.022055 -0.011401 -0.003663 -0.785191 0.619138
7268280.421610 -3.687913 -9.632227 0.012367 -0.003338 -0.003776 -0.716355 0.697717
7268288.721326 -3.705001 -9.976228 0.007662 -0.008853 0.000324 -0.636085 0.771568
7268289.021359 -3.715265 -9.965497 0.005038 -0.019644 0.003596 -0.545083 0.838144
7268289.921360 -3.642911 -10.037378 0.006946 -0.007167 0.001255 -0.456738 0.889571
7268290.221289 -3.647970 -10.070313 0.006104 -0.007716 0.003281 -0.350390 0.936566
7268290.621239 -3.653034 -10.066066 0.008843 -0.001728 -0.004833 -0.242705 0.970086
7268291.920906 -3.200696 -10.280680 0.013768 -0.009638 0.000268 -0.180138 0.983594
7268293.121159 -2.719319 -10.482162 0.020356 -0.003143 0.001079 -0.235361 0.971902
7268294.421144 -2.255159 -10.702843 -0.004205 0.001736 -0.006363 -0.143021 0.989698
7268295.119817 -1.988551 -10.750039 -0.000749 -0.002822 -0.006321 -0.033651 0.999410
7268296.321250 -1.477241 -10.782754 -0.005869 0.000094 0.002406 -0.062137 0.998065
7268297.521180 -0.972515 -10.824255 -0.017804 -0.005602 0.004013 -0.062665 0.998011
7268298.721107 -0.477282 -10.891390 -0.038601 -0.001628 -0.004527 -0.060636 0.998148
7268300.021070 0.059667 -10.940947 -0.034081 0.003296 -0.000836 -0.048634 0.998811
7268301.220993 0.562204 -10.977185 -0.035868 0.001210 0.000778 -0.038800 0.999246
7268302.421044 1.077244 -11.001053 -0.067491 0.003732 -0.008082 -0.033677 0.999393
7268303.620997 1.590515 -11.034248 -0.044597 0.003445 -0.003219 -0.023075 0.999723
7268304.921056 2.129070 -11.055596 -0.065802 0.002385 -0.006535 -0.012390 0.999899
7268305.420983 2.343965 -11.059711 -0.064961 -0.000991 -0.000775 0.106264 0.994337
7268305.721003 2.448258 -11.060206 -0.078767 0.001694 0.002107 0.243507 0.969895
7268306.120947 2.556671 -10.966338 -0.059134 -0.001846 -0.008720 0.361642 0.932275
7268306.420918 2.648528 -10.866011 -0.090423 0.005418 0.006452 0.458634 0.888586
7268307.721019 2.889610 -10.390824 -0.104595 0.003945 0.002844 0.534377 0.845233
7268308.820792 3.084925 -9.954851 -0.094718 0.013882 0.001784 0.618735 0.785475
7268310.020834 3.153393 -9.421886 -0.098651 0.006683 -0.005408 0.667292 0.744746
7268311.220911 3.201100 -8.899878 -0.089842 0.004594 0.000446 0.675557 0.737294
7268312.420836 3.236181 -8.384610 -0.097100 0.009886 -0.001056 0.678101 0.734902
7268313.320832 3.229187 -8.004759 -0.083459 0.006910 -0.003304 0.753730 0.657140
7268314.220793 3.144413 -7.619267 -0.090681 0.004229 0.000676 0.821383 0.570361
7268315.020878 3.027588 -7.305380 -0.097772 0.011360 -0.005614 0.756987 0.653307
7268315.320776 2.999942 -7.166384 -0.097083 0.011675 0.004081 0.671575 0.740834
7268316.120889 3.091359 -6.860221 -0.085839 0.015282 -0.003904 0.587721 0.808910
7268317.320917 3.254092 -6.362728 -0.090477 0.013861 0.003764 0.589051 0.807968
7268318.420935 3.388165 -5.920714 -0.099603 0.011496 -0.002952 0.675689 0.737091
7268318.720758 3.414473 -5.821406 -0.108789 0.015684 0.004843 0.771340 0.636212
7268318.920774 3.393347 -5.764116 -0.086401 0.017375 -0.013234 0.840741 0.540997
7268319.120842 3.344217 -5.693512 -0.080442 0.002897 -0.010669 0.902368 0.430824
7268319.320531 3.290839 -5.616425 -0.088134 0.000287 -0.003308 0.946248 0.323424
7268319.520816 3.229932 -5.560066 -0.077031 0.000961 0.006756 0.976991 0.213172
7268319.820941 3.099487 -5.509392 -0.091704 0.002678 0.004122 0.996412 0.084498
7268321.020869 2.599144 -5.477314 -0.086509 0.007913 0.006924 0.999943 0.002046
7268322.321583 2.054719 -5.483730 -0.078536 -0.005785 -0.006414 -0.999944 0.006162
7268323.520766 1.545544 -5.448935 -0.082194 0.007807 0.003118 0.996044 0.088463
7268324.821433 1.016694 -5.374794 -0.084220 0.004284 0.020961 0.999771 0.000517
7268326.020878 0.504151 -5.381989 -0.080991 -0.008401 -0.007732 -0.999687 0.022267
7268327.220853 -0.008767 -5.480155 -0.091083 -0.010947 -0.006674 -0.999065 0.041288
7268328.420939 -0.521660 -5.533850 -0.062388 0.011409 0.020083 0.998065 0.057728
7268329.020980 -0.768965 -5.465588 -0.058088 0.015780 0.009604 0.986718 0.161389
7268330.221260 -1.260238 -5.343742 -0.031842 0.010335 -0.002617 0.997832 0.064951
7268331.520750 -1.792615 -5.357865 -0.038394 0.012076 0.000385 0.998612 0.051267
7268332.221234 -2.094385 -5.309649 -0.027117 0.010981 0.006952 0.984369 0.175638
7268332.520555 -2.209244 -5.252740 -0.022536 0.013097 0.008986 0.947402 0.319651
7268332.720823 -2.273899 -5.222092 -0.029204 0.019743 0.010800 0.906421 0.421775
7268333.121273 -2.319742 -5.155608 -0.019511 0.009395 0.001851 0.849835 0.526961
7268333.420787 -2.326471 -5.163066 -0.043475 0.026948 0.013321 0.774242 0.632175
7268333.720937 -2.334016 -5.168536 -0.036795 0.025687 0.008570 0.694413 0.719067
7268335.320802 -2.220314 -4.651365 -0.026729 0.020471 0.005484 0.723313 0.690195
7268336.720811 -2.320624 -4.157282 -0.033606 0.001718 -0.005627 0.767052 0.641558
7268337.321137 -2.336878 -3.953811 -0.026748 0.016385 0.005092 0.689055 0.724506
7268361.721719 -2.277982 -3.457901 -0.038352 0.001379 -0.007223 0.669277 0.742977
7268363.021628 -2.184722 -2.966446 -0.025731 0.016036 0.008671 0.595797 0.802928
7268364.320844 -2.023309 -2.467775 -0.012996 0.007631 0.000346 0.598622 0.800995
7268365.521452 -1.878507 -1.985274 -0.029625 0.011294 -0.002425 0.607488 0.794245
7268366.821559 -1.737659 -1.471444 -0.036586 0.008793 0.001672 0.615808 0.787845
7268368.121678 -1.623192 -0.940571 -0.036174 0.016028 0.011191 0.617007 0.786715
7268368.621541 -1.573110 -0.753670 -0.036494 0.010152 -0.000656 0.716828 0.697176
7268368.821583 -1.582033 -0.662619 -0.038723 0.017089 0.008687 0.789103 0.613962
7268369.021475 -1.594723 -0.575099 -0.043385 0.009479 0.000451 0.853944 0.520278
7268369.320422 -1.646974 -0.474566 -0.039685 0.009451 0.002902 0.917165 0.398385
7268370.321566 -2.000787 -0.225157 -0.037153 0.006032 0.004862 0.959263 0.282407
7268371.021521 -2.252739 -0.086882 -0.035491 0.009177 0.009298 0.985084 0.171577
7268372.220327 -2.754694 0.015187 -0.035249 0.006827 0.007857 0.996144 0.087111
7268373.421493 -3.284174 0.102623 -0.039897 -0.007486 -0.002884 -0.999920 0.009775
7268374.621490 -3.786684 0.074717 -0.038572 -0.009216 -0.019021 -0.999212 0.033593
7268375.821310 -4.293544 0.041245 -0.031626 -0.006582 -0.013402 -0.998051 0.060595
7268376.121405 -4.425526 0.021457 -0.029494 -0.005697 -0.005418 -0.984673 0.174233
7268376.721409 -4.624866 -0.077272 -0.039972 -0.018103 -0.007215 -0.960784 0.276613
7268377.921446 -5.039568 -0.363603 -0.032014 -0.004925 -0.008721 -0.952150 0.305467
7268379.219322 -5.457286 -0.677834 -0.040146 -0.010498 -0.003202 -0.949221 0.314420
7268380.521223 -5.862265 -1.013758 -0.029874 -0.007160 -0.000698 -0.947010 0.321125
7268381.821329 -6.281600 -1.331112 -0.032939 -0.014908 -0.010704 -0.945956 0.323774
7268383.021279 -6.699058 -1.610256 -0.027411 -0.005610 -0.014118 -0.963450 0.267456
7268384.321129 -7.164471 -1.833519 -0.027705 -0.014598 -0.009006 -0.978635 0.204887
7268385.621122 -7.650583 -2.061787 -0.026261 -0.008880 -0.005035 -0.986433 0.163849
7268386.921152 -8.164342 -2.219443 -0.024373 -0.005026 -0.016414 -0.975836 0.217831
7268388.121192 -8.623899 -2.447598 -0.016080 -0.009234 -0.007841 -0.970480 0.240877
7268389.321084 -9.078433 -2.691272 -0.014646 -0.010566 -0.005764 -0.967469 0.252702
7268390.521106 -9.509635 -2.956170 -0.006074 -0.004068 -0.017982 -0.942240 0.334431
7268390.821026 -9.604746 -3.020119 -0.026556 -0.014929 -0.007852 -0.887486 0.460526
7268391.221119 -9.657678 -3.152145 -0.015918 -0.002994 -0.016861 -0.835020 0.549953
7268391.821111 -9.745807 -3.405471 -0.004335 -0.006542 -0.008146 -0.770550 0.637294
7268393.021125 -9.801163 -3.945990 -0.006322 -0.011411 0.006161 -0.726468 0.687078
7268394.221097 -9.821965 -4.471230 -0.000527 -0.004217 -0.002089 -0.719216 0.694771
7268395.420947 -9.844990 -5.001913 0.013849 -0.001954 -0.010738 -0.759068 0.650919
7268396.520896 -9.923616 -5.502741 -0.004794 -0.008783 -0.006269 -0.765145 0.643768
7268397.720917 -9.998440 -6.027056 -0.002967 0.002486 -0.011180 -0.762301 0.647122
7268398.920849 -10.088923 -6.548617 0.015718 -0.005993 -0.008353 -0.757059 0.653265
7268400.120892 -10.138378 -7.054683 0.003657 -0.007677 -0.003579 -0.689639 0.724104
7268401.320900 -10.131627 -7.575819 0.001018 -0.001715 -0.013732 -0.745875 0.665943
7268401.820822 -10.162254 -7.788090 0.010295 -0.005357 -0.010895 -0.664131 0.747518
7268402.119843 -10.131724 -7.925342 0.009678 -0.007846 -0.000222 -0.550047 0.835097
7268402.620891 -10.033974 -8.127179 0.011199 -0.006293 -0.007918 -0.448588 0.893682
7268403.120934 -9.875361 -8.282572 -0.001270 -0.007450 0.003100 -0.346510 0.938012
7268404.220871 -9.464777 -8.576080 0.024691 -0.000004 0.006435 -0.308525 0.951195
7268405.019528 -9.163197 -8.785024 0.007746 -0.011847 -0.001700 -0.205051 0.978678
7268405.320892 -9.054903 -8.831079 -0.001045 0.008431 0.003207 -0.080390 0.996723
7268405.820965 -8.847126 -8.834025 0.003283 -0.001192 0.000544 0.030916 0.999521
7268406.920953 -8.343260 -8.788465 0.005858 0.002095 -0.000837 0.061293 0.998117
7268408.020832 -7.841814 -8.714544 -0.006654 -0.000973 0.000593 -0.003054 0.999995
7268409.220825 -7.302769 -8.731362 -0.018622 0.008023 -0.005977 -0.015390 0.999832
7268410.420733 -6.762254 -8.746503 -0.020878 0.003784 0.002122 -0.006826 0.999967
7268411.620948 -6.247843 -8.751070 -0.027829 0.005114 -0.000284 0.059860 0.998194
7268411.920523 -6.131491 -8.750761 -0.033823 0.008093 -0.003835 0.183524 0.982975
7268412.120636 -6.040209 -8.715932 -0.036398 0.021438 0.004194 0.291148 0.956429
7268412.319924 -5.941149 -8.670031 -0.002805 0.001072 -0.001199 0.395293 0.918554
7268412.620902 -5.855752 -8.574749 -0.003025 0.005219 0.002837 0.532655 0.846312
7268413.020814 -5.812656 -8.398395 -0.025552 0.003169 0.005321 0.619980 0.784594
7268414.220757 -5.723552 -7.883521 -0.034927 0.013418 0.003116 0.654269 0.756137
7268415.420776 -5.647421 -7.343545 -0.051883 0.011707 0.009974 0.661285 0.749977
7268416.520963 -5.599553 -6.839493 -0.039395 0.005772 0.007156 0.669538 0.742721
7268417.720961 -5.541765 -6.311776 -0.047889 0.007053 0.002669 0.671788 0.740705
7268418.920934 -5.490484 -5.804021 -0.057462 0.009883 0.000336 0.681186 0.732043
7268420.120889 -5.461710 -5.304538 -0.056276 0.005923 0.000768 0.685328 0.728210
7268421.320889 -5.426909 -4.772892 -0.065152 0.009955 0.004611 0.687405 0.726191
7268422.520823 -5.388085 -4.250538 -0.078729 0.009198 0.003409 0.697331 0.716683
7268423.720858 -5.443524 -3.747878 -0.068722 0.010251 -0.000176 0.699914 0.714154
7268424.921378 -5.441225 -3.205407 -0.066710 0.007043 0.003644 0.706792 0.707377
7268426.120903 -5.460899 -2.674285 -0.067913 0.005901 0.000637 0.714646 0.699462
7268427.420759 -5.486977 -2.128692 -0.054981 0.002487 -0.006185 0.671473 0.740999
7268428.620894 -5.424800 -1.596422 -0.058208 0.006354 0.000791 0.671531 0.740949
7268429.820778 -5.372386 -1.085042 -0.064733 0.016325 -0.002239 0.681870 0.731288
7268431.021146 -5.371012 -0.559946 -0.048561 0.002431 -0.005731 0.683710 0.729727
7268432.221248 -5.325984 -0.027547 -0.030691 0.007368 -0.000034 0.689606 0.724147
7268432.921016 -5.350168 0.196612 -0.053294 0.004655 0.005247 0.581542 0.813486
7268433.121117 -5.361776 0.200736 -0.062453 0.014085 0.007801 0.488295 0.872530
7268433.321125 -5.374253 0.201825 -0.059298 0.014090 -0.003473 0.393585 0.919174
7268433.521154 -5.377619 0.196760 -0.054461 0.010886 -0.006134 0.281434 0.959499
7268433.721099 -5.373812 0.203643 -0.068759 0.018727 -0.000462 0.160652 0.986833
7268434.020807 -5.378686 0.215235 -0.058968 0.013321 -0.005010 0.054389 0.998418
7268435.622006 -4.843582 0.165126 -0.056839 0.000902 -0.006354 -0.005116 0.999966
7268436.820966 -4.339832 0.164228 -0.045385 0.002948 -0.006387 -0.010090 0.999924
7268438.021992 -3.835746 0.150096 -0.041462 0.005133 -0.008539 -0.009348 0.999907
7268439.220687 -3.330679 0.121934 -0.045422 0.002376 -0.013906 -0.001941 0.999899
7268440.420928 -2.819415 0.118395 -0.048566 -0.005931 -0.004349 -0.001213 0.999972
7268441.620986 -2.301504 0.127135 -0.042443 -0.002658 -0.009667 -0.048755 0.998760
7268442.520883 -1.923305 0.088265 -0.043057 0.007362 -0.003957 -0.161759 0.986795
7268443.720943 -1.447084 -0.133423 -0.035080 0.001088 -0.008473 -0.217590 0.976003
7268444.920793 -0.985309 -0.364888 -0.035228 -0.002239 -0.016331 -0.208406 0.977904
7268446.120884 -0.485461 -0.585435 -0.010982 -0.013270 0.002850 -0.203382 0.979005
7268447.320774 -0.018754 -0.852118 -0.041456 -0.001687 -0.005293 -0.203557 0.979047
7268448.520826 0.451759 -1.027083 -0.044526 -0.007057 -0.008655 -0.113107 0.993520
7268449.721777 0.972391 -1.143715 -0.018437 0.006347 -0.003185 -0.147637 0.989016
7268450.920796 1.474293 -1.301672 -0.015073 -0.002474 -0.006480 -0.147258 0.989074
7268452.220850 2.001009 -1.456725 -0.031149 -0.011619 -0.001594 -0.136983 0.990504
7268453.421607 2.495426 -1.598086 -0.006304 -0.004990 -0.004449 -0.131119 0.991344
7268454.621674 2.999627 -1.761213 0.003113 -0.004762 -0.007761 -0.127064 0.991853
7268455.821565 3.510697 -1.880136 0.007848 -0.010423 -0.012601 -0.149991 0.988552
7268456.521733 3.809699 -2.003263 0.020886 -0.008728 -0.012279 -0.255671 0.966646
7268457.721661 4.248535 -2.278115 0.010435 -0.002243 -0.006704 -0.362778 0.931849
7268458.921589 4.599464 -2.668926 0.055224 -0.004454 -0.009725 -0.404385 0.914526
7268460.121518 4.940494 -3.052050 0.054277 -0.004419 -0.017150 -0.392031 0.919781
7268461.321585 5.331303 -3.407711 0.018070 0.003918 -0.005448 -0.446280 0.894868
7268462.621334 5.603659 -3.868057 0.008714 -0.003767 -0.009177 -0.511026 0.859508
7268463.921427 5.861964 -4.334476 0.006242 0.000612 -0.006672 -0.424798 0.905263
7268464.521431 6.061614 -4.513502 -0.024075 -0.009204 -0.002632 -0.515772 0.856672
7268465.120865 6.161135 -4.753226 -0.004116 0.000244 -0.014668 -0.609803 0.792417
7268466.321365 6.269765 -5.254236 -0.000844 0.020452 -0.003079 -0.618331 0.785646
7268467.521381 6.300561 -5.759639 -0.031765 0.001827 -0.004764 -0.695592 0.718419
7268468.721404 6.306228 -6.265060 -0.042557 -0.001926 -0.006561 -0.694455 0.719503
7268591.720865 6.323087 -6.798588 -0.040531 -0.005499 0.000511 -0.689301 0.724454
7268592.818849 6.295785 -7.078454 0.020951 -0.072726 -0.098410 -0.667504 0.734483
7268593.920869 6.426102 -7.379449 0.189013 -0.173618 -0.137419 -0.684094 0.694973
7268594.620877 6.433950 -7.603216 0.321213 -0.152768 -0.145241 -0.765269 0.608219
7268596.420935 6.250896 -8.034248 0.522438 -0.195864 -0.146328 -0.714890 0.655102
7268597.920889 6.122822 -8.461441 0.755693 -0.128814 -0.161557 -0.729158 0.652407
7268599.020856 6.084166 -8.790078 0.930880 -0.176704 -0.089513 -0.642880 0.739911
7268600.320756 6.221264 -9.147884 1.119484 -0.110749 -0.188560 -0.670167 0.709265
7268601.720842 6.136322 -9.575303 1.337299 -0.147899 -0.161503 -0.741769 0.633893
7268603.220781 6.062409 -10.051579 1.497583 -0.123421 -0.144865 -0.761097 0.620091
7268604.120780 5.978601 -10.307772 1.644574 -0.159539 -0.141848 -0.688682 0.692923
7268605.521440 6.140531 -10.685393 1.971077 -0.137268 -0.145583 -0.725209 0.658813
7268606.420824 6.037086 -11.001971 2.036722 -0.066191 -0.049135 -0.796422 0.599096
7268607.520081 5.959718 -11.454285 1.991293 0.000540 0.002195 -0.859479 0.511167
7268608.021262 5.940943 -11.495808 2.020199 -0.009333 -0.003806 -0.914581 0.404278
7268608.321268 5.965989 -11.506691 2.030592 -0.011831 -0.007075 -0.962939 0.269365
7268608.621237 5.988628 -11.511307 2.037887 -0.015713 -0.011735 -0.993237 0.114438
7268608.821315 5.984739 -11.505641 2.022193 0.010875 0.021184 0.999716 0.001371
7268609.020881 5.985813 -11.510590 2.017039 0.013049 0.013971 0.994298 0.104908
7268609.621163 5.907559 -11.445410 2.022674 0.016349 0.011815 0.978125 0.207038
7268610.320745 5.682472 -11.373640 2.020822 0.023364 0.005824 0.995383 0.092910
7268611.221294 5.344867 -11.326039 2.046761 -0.011376 -0.004260 -0.999774 0.017450
7268612.620378 4.839897 -11.390656 2.017710 -0.013458 0.004932 -0.996955 0.076649
7268613.220890 4.625638 -11.421408 2.002674 0.014448 0.011460 0.998744 0.046586
7268613.521203 4.577506 -11.422036 2.015994 0.020030 0.009258 0.981233 0.191558
7268613.721272 4.565086 -11.417032 2.002150 0.017773 0.010170 0.953245 0.301503
7268613.921117 4.559659 -11.423153 1.980849 0.021267 0.018494 0.909408 0.414948
7268614.121073 4.549913 -11.433661 1.987063 0.016035 0.011555 0.856777 0.515309
7268614.421109 4.543835 -11.436472 2.001387 0.022465 0.012517 0.786456 0.617111
7268616.721062 4.505621 -10.929626 2.029513 0.018897 0.006736 0.737687 0.674845
7268618.021188 4.514307 -10.701714 2.077998 0.114919 -0.061984 0.744400 0.654844
7268619.721016 4.407565 -10.343552 2.181241 0.136870 -0.100956 0.657672 0.733854
7268619.920942 4.375447 -10.340777 2.193091 0.130495 -0.090733 0.578291 0.800199
7268621.822079 4.597202 -9.952210 2.433932 0.113049 -0.121498 0.586748 0.792581
7268622.122052 4.570708 -9.851263 2.458770 0.098459 -0.130362 0.675857 0.718700
7268622.722085 4.604413 -9.796532 2.481530 0.143330 -0.157842 0.738072 0.640150
7268627.720767 4.578898 -9.391973 2.803275 0.168687 -0.142162 0.696766 0.682533
7268629.020932 4.701831 -8.947906 2.993895 0.198802 -0.134737 0.650815 0.720252
7268630.720882 4.658651 -8.487906 3.187968 0.105372 -0.156317 0.700476 0.688328
7268632.120791 4.741144 -8.042999 3.482826 0.195736 -0.137676 0.653458 0.718140
7268633.521919 4.742838 -7.627784 3.618964 0.111102 -0.209005 0.606938 0.758682
7268634.620822 4.796225 -7.286355 3.826483 0.190925 -0.132434 0.620549 0.748951
7268636.021829 4.975505 -6.827131 4.002473 0.101776 -0.080032 0.610353 0.781476
7268636.521793 4.989183 -6.559464 4.082786 0.015243 -0.009942 0.617138 0.786644
7268637.321842 4.994766 -6.496614 4.043928 0.005545 -0.017255 0.503484 0.863814
7268637.621805 4.983147 -6.488945 4.043261 0.015947 -0.011769 0.362528 0.931762
7268637.821895 4.972488 -6.489119 4.039948 0.013543 -0.008996 0.259579 0.965585
7268638.021901 4.957617 -6.481319 4.041932 0.018952 -0.013072 0.148387 0.988661
7268638.321776 4.959868 -6.483860 4.044699 0.019643 -0.017138 0.021336 0.999432
7268639.720965 5.476447 -6.514897 4.062139 0.014080 -0.009171 -0.052328 0.998489
7268640.921801 5.888184 -6.577760 4.055565 0.008230 -0.010741 0.077002 0.996939
7268641.221750 5.882404 -6.587775 4.047911 0.011362 -0.023017 0.226079 0.973771
7268641.421797 5.861118 -6.593061 4.051324 0.004354 -0.021720 0.342389 0.939297
7268641.620819 5.860001 -6.596482 4.056871 -0.003871 -0.025339 0.447183 0.894075
7268642.021758 5.858844 -6.625275 4.042377 0.002200 -0.015730 0.545359 0.838052
7268642.420899 5.862485 -6.643840 4.043768 -0.006332 -0.017829 0.634073 0.773042
7268644.121678 5.962294 -6.127919 4.064242 0.007267 -0.010203 0.593664 0.804616
7268645.421558 6.066199 -5.631638 4.065665 0.017754 -0.006639 0.644673 0.764223
7268646.721632 6.160288 -5.133070 4.058649 -0.005038 -0.000199 0.662571 0.748982
7268648.421663 6.198471 -4.629366 4.042150 0.003108 -0.016114 0.673166 0.739310
7268803.821078 6.322527 -4.098094 4.058482 0.018041 0.001227 0.758533 0.651383
7268804.121009 6.329791 -3.978181 4.045500 0.002606 -0.014946 0.842192 0.538964
7268804.421065 6.301280 -3.933824 4.051524 0.004831 -0.014090 0.909394 0.415670
7268804.721142 6.291541 -3.941537 4.044724 -0.004854 -0.012585 0.956417 0.291691
7268805.820659 6.054732 -3.835267 4.054679 0.003078 0.002144 0.980787 0.195046
7268806.420999 5.832217 -3.745416 4.045505 -0.002998 0.002834 0.996113 0.087983
7268807.720947 5.326136 -3.692754 4.041912 -0.001850 -0.002772 0.998745 0.049980
7268809.021078 4.790264 -3.665499 4.039179 0.002434 0.004992 -0.999415 0.033737
7268810.320901 4.263235 -3.717010 4.023311 -0.006060 -0.010812 -0.998561 0.052185
7268811.620899 3.741659 -3.743001 4.023734 -0.000977 -0.002906 -0.999718 0.023558
7268811.920882 3.622867 -3.742752 4.016678 -0.001643 -0.003622 -0.988649 0.150192
7268812.221998 3.516791 -3.764674 4.000463 0.003146 -0.012458 -0.958756 0.283941
7268812.621900 3.402848 -3.876063 4.036368 -0.000664 -0.002955 -0.921548 0.388253
7268813.920982 3.067571 -4.273232 4.007432 0.003832 -0.016651 -0.904752 0.425596
7268814.820955 2.834532 -4.557024 4.004559 0.001968 -0.005847 -0.848704 0.528833
7268815.120868 2.781703 -4.641589 3.987242 0.004015 -0.015216 -0.763870 0.645179
7268815.320800 2.772678 -4.709677 3.979106 -0.013493 -0.015910 -0.681392 0.731622
7268815.520783 2.769787 -4.810957 4.001986 0.003604 -0.009704 -0.595998 0.802919
7268816.920798 2.952016 -5.322002 4.007243 0.003592 -0.002433 -0.639224 0.769008
7268817.820810 2.992358 -5.682670 3.999701 -0.001165 -0.009037 -0.721118 0.692752
7268818.120877 3.010326 -5.812473 4.004091 0.005661 -0.013995 -0.806749 0.590701
7268818.420853 2.987592 -5.909303 4.006663 0.002082 -0.009198 -0.888217 0.459327
7268818.620838 2.928237 -5.976280 3.999944 -0.001657 0.001467 -0.934152 0.356868
7268818.920847 2.829549 -6.055239 3.993626 0.005898 -0.013433 -0.967765 0.251427
7268819.320758 2.678074 -6.121422 3.995365 0.001261 0.004634 -0.989651 0.143417
7268819.620761 2.564957 -6.158216 3.987037 0.004059 -0.011198 -0.999903 0.007230
7268820.421742 2.271036 -6.099627 3.985607 -0.000476 0.017607 0.994940 0.098912
7268821.821759 1.752656 -5.989898 3.969615 0.007986 0.000122 0.998487 0.054413
7268823.221748 1.244964 -5.956096 3.970679 0.003716 0.006571 0.999950 0.006518
7268824.521546 0.725502 -5.940517 3.957017 -0.000643 0.005974 0.999971 0.004755
7268825.721649 0.216107 -5.899242 3.949968 -0.000519 0.001471 0.998104 0.061534
7268827.021696 -0.316014 -5.842944 3.932681 -0.000358 -0.005957 0.998376 0.056662
7268828.321611 -0.833953 -5.780655 3.929869 0.005983 0.002985 0.998640 0.051699
7268829.621520 -1.376321 -5.711847 3.943123 -0.002498 0.001128 0.999096 0.042421
7268830.921596 -1.917899 -5.664514 3.912980 0.002934 -0.003988 -0.999516 0.030721
7268832.221529 -2.429361 -5.747341 3.902938 0.001041 0.002024 -0.997740 0.067154
7268833.520828 -2.971953 -5.762269 3.895514 -0.002777 -0.007931 0.999485 0.030980
7268834.721452 -3.481014 -5.721710 3.888720 0.001533 0.001309 0.999508 0.031300
7268835.921473 -3.987996 -5.685907 3.866156 0.005082 0.003760 0.999824 0.017636
7268837.321371 -4.464072 -5.662760 3.858235 0.000699 0.002810 0.988005 0.154396
7268837.621424 -4.468723 -5.671997 3.855036 0.006087 0.002355 0.953159 0.302398
7268838.221454 -4.503410 -5.645199 3.849370 0.015479 0.003763 0.912303 0.409205
7268839.821379 -4.783893 -5.265225 3.847662 0.001957 -0.007492 0.962089 0.272624
7268840.021325 -4.769315 -5.263505 3.849045 -0.000680 -0.011966 0.985756 0.167752
7268840.221415 -4.748247 -5.257698 3.834967 0.002623 -0.018709 0.998401 0.053277
7268840.421022 -4.737621 -5.246556 3.839506 0.001219 0.003308 -0.998010 0.062955
7268840.621325 -4.720199 -5.235268 3.849040 -0.002788 0.002437 -0.982694 0.185201
7268840.821342 -4.720040 -5.224123 3.853064 -0.001381 0.006094 -0.951343 0.308072
7268841.021423 -4.716225 -5.207833 3.849344 0.001522 0.003500 -0.907555 0.419916
7268841.221379 -4.711709 -5.187959 3.866717 0.005207 -0.007496 -0.849093 0.528164
7268841.521144 -4.720540 -5.163640 3.854815 0.002002 -0.004291 -0.773202 0.634143
7268842.221301 -4.754303 -5.144040 3.852707 0.007478 -0.003142 -0.701353 0.712768
7268843.821352 -4.729816 -5.653832 3.845999 0.002150 -0.008743 -0.681852 0.731435
7268845.121275 -4.697556 -6.184031 3.857926 0.011784 -0.013055 -0.726076 0.687390
7268846.419745 -4.749879 -6.703921 3.847682 0.016657 -0.021137 -0.749721 0.661206
7268847.721226 -4.812511 -7.230925 3.845183 0.006023 -0.013063 -0.746135 0.665639
7268849.021015 -4.865682 -7.775148 3.824546 0.012486 -0.011517 -0.737930 0.674663
7268850.321290 -4.912658 -8.296308 3.822360 0.005802 -0.003687 -0.730461 0.682920
7268852.021218 -4.918989 -8.385660 3.808653 0.007492 -0.014410 -0.823805 0.566640
7268852.321203 -4.909693 -8.395792 3.798916 0.010942 -0.013346 -0.899672 0.436226
7268852.521081 -4.907153 -8.396386 3.797322 0.004462 -0.013123 -0.940528 0.339434
7268852.721258 -4.905949 -8.404890 3.806067 0.004681 -0.017001 -0.973812 0.226669
7268853.021201 -4.898617 -8.408256 3.805909 0.003343 -0.011690 -0.995589 0.093034
7268855.121115 -5.056255 -8.379443 3.812402 0.000956 0.000241 -0.979369 0.202078
7268855.621048 -5.112508 -8.377508 3.794595 -0.002284 -0.008754 -0.951613 0.307167
7268856.420698 -5.300298 -8.513990 3.805088 0.003482 -0.002474 -0.903302 0.428984
7268856.721159 -5.319448 -8.507025 3.793503 -0.000823 0.003516 -0.830558 0.556921
7268857.221009 -5.324430 -8.475471 3.798811 0.000710 -0.007608 -0.765436 0.643467
7268863.421858 -5.336466 -8.447088 3.804692 0.002538 -0.007690 -0.684736 0.728746
7268863.720805 -5.356722 -8.426535 3.793075 -0.007348 -0.001750 -0.577377 0.816443
7268864.220839 -5.380268 -8.395590 3.797520 -0.002980 -0.007701 -0.488866 0.872320
7268865.920947 -5.411809 -8.391719 3.799600 0.007756 -0.007023 -0.384347 0.923129
7268866.220777 -5.442833 -8.403153 3.798647 -0.006222 -0.004724 -0.277148 0.960796
7268872.820956 -5.492321 -8.395631 3.809492 0.006347 -0.009665 -0.167086 0.985875
7268873.220850 -5.500204 -8.394648 3.796963 -0.002371 -0.007882 -0.054243 0.998494
7268875.420850 -5.541237 -8.410836 3.806071 0.007089 -0.015598 0.067306 0.997585
7268875.720950 -5.537689 -8.422237 3.806501 -0.008708 -0.014820 0.195361 0.980581
7268876.018391 -5.545663 -8.445559 3.804458 0.004347 -0.011892 0.317116 0.948302
7268958.320854 -5.274575 -8.235490 3.823886 -0.000190 -0.019027 0.423833 0.905540
7268959.020832 -5.132310 -8.026546 3.831376 -0.001725 -0.014590 0.523054 0.852173
7268960.320835 -4.945391 -7.542839 3.846800 0.002284 -0.017995 0.589418 0.807624
7268961.320747 -4.850720 -7.160902 3.835980 -0.000462 -0.022068 0.674391 0.738044
7268962.620889 -4.830815 -6.655890 3.848494 -0.000916 -0.017278 0.650145 0.759613
7268963.920802 -4.748739 -6.152692 3.854635 0.001448 -0.019982 0.651773 0.758150
7268964.320704 -4.711926 -6.004589 3.848326 0.005258 -0.006924 0.743925 0.668207
7268964.620882 -4.741082 -5.899927 3.856038 0.004940 -0.006211 0.820971 0.570915
7268965.320875 -4.875395 -5.646040 3.854874 0.001681 -0.004399 0.892630 0.450766
7268965.620808 -4.939500 -5.548472 3.838268 -0.007975 -0.011320 0.947618 0.319106
7268966.020870 -5.050393 -5.481761 3.842191 0.002388 -0.009044 0.977049 0.212809
7268967.320839 -5.559204 -5.305238 3.838833 -0.008068 0.000217 0.988097 0.153623
7268968.620771 -6.067096 -5.150695 3.819771 -0.011630 -0.012976 0.989669 0.142307
7268969.120790 -6.261397 -5.095036 3.821074 -0.006856 -0.006234 0.999170 0.039676
7268970.420555 -6.790530 -5.102680 3.802255 0.011344 -0.011108 -0.999788 0.013139
7268971.620952 -7.291121 -5.110141 3.794465 0.008470 -0.005669 -0.999609 0.026031
7268972.920841 -7.811283 -5.124139 3.771264 -0.010576 -0.007625 0.998360 0.055738
7268974.220917 -8.318825 -5.055332 3.766797 -0.005279 -0.006184 0.997487 0.070380
7268975.520745 -8.837941 -4.990428 3.760347 -0.004616 -0.001944 0.997860 0.065194
7268976.820921 -9.354583 -4.929140 3.746804 0.002472 -0.000347 0.998316 0.057954
7268978.120757 -9.874379 -4.879047 3.727812 -0.004612 0.001833 0.998708 0.050578
7268978.820779 -10.166740 -4.842853 3.720827 -0.002048 0.001062 0.982357 0.186999
7268979.120805 -10.277112 -4.812137 3.712217 -0.007973 -0.000487 0.944110 0.329535
7268979.420766 -10.354152 -4.719877 3.714244 0.000023 -0.013017 0.890662 0.454480
7268980.620924 -10.579515 -4.268559 3.732454 0.000118 -0.009325 0.849113 0.528128
7268981.121330 -10.648470 -4.090424 3.717605 0.004988 -0.003901 0.777939 0.628308
7268981.420764 -10.666162 -3.970219 3.721760 0.003506 -0.010599 0.696891 0.717090
7268982.621266 -10.580194 -3.479049 3.725021 0.008414 -0.015845 0.625126 0.780317
7268983.221240 -10.524405 -3.278539 3.728611 0.005986 -0.014825 0.703342 0.710672
7268984.521205 -10.527933 -2.756120 3.730143 0.009085 -0.008485 0.680466 0.732674
7268992.521110 -10.471151 -2.231426 3.726898 0.002536 -0.016937 0.680047 0.732968
7268993.821022 -10.429093 -1.691595 3.727631 -0.002327 -0.015827 0.689671 0.723946
7268995.020881 -10.415529 -1.173913 3.728091 0.005971 -0.004038 0.714335 0.699767
7268996.221043 -10.441713 -0.633689 3.732638 0.001352 -0.011274 0.706772 0.707350
7268997.420909 -10.430765 -0.117457 3.730953 -0.003329 -0.017484 0.706460 0.707529
7268998.620850 -10.459436 0.393147 3.730374 0.003424 -0.004519 0.710614 0.703559
7268999.821866 -10.414517 0.908478 3.732365 -0.003700 -0.014175 0.674747 0.737903
7269001.120567 -10.352116 1.446576 3.733897 -0.010548 -0.019096 0.631899 0.774744
7269002.421771 -10.239839 1.977039 3.744373 -0.000497 -0.015544 0.634734 0.772574
7269003.619948 -10.141156 2.489836 3.754059 0.007633 -0.017293 0.635027 0.772259
7269004.821843 -10.043862 3.005656 3.766854 0.001301 -0.015227 0.642869 0.765824
7269005.820782 -9.932723 3.381462 3.770313 0.006759 -0.008385 0.555265 0.831604
7269006.120787 -9.888105 3.490959 3.775960 0.009547 -0.025463 0.463194 0.885839
7269006.420861 -9.804300 3.611389 3.789635 0.017042 -0.014560 0.347881 0.937271
7269007.120770 -9.559072 3.761682 3.791758 0.014364 -0.019355 0.227196 0.973551
7269008.321722 -9.053299 3.941235 3.771006 0.002965 -0.020540 0.111973 0.993494
7269008.921681 -8.796273 3.960645 3.798732 0.015867 -0.021116 -0.005156 0.999638
7269009.621641 -8.480685 3.908782 3.811873 0.016375 -0.021035 -0.109335 0.993647
7269010.921653 -7.958842 3.788889 3.816745 0.005735 -0.020868 -0.028653 0.999355
7269012.021728 -7.484972 3.701554 3.830628 0.012374 -0.023168 -0.135314 0.990455
7269013.321696 -6.966188 3.580414 3.833528 0.009289 -0.025941 -0.039535 0.998838
7269014.521616 -6.448978 3.545343 3.848554 0.013756 -0.015337 -0.070299 0.997313
7269015.721519 -5.940002 3.435344 3.863936 0.006045 -0.020069 -0.047368 0.998658
7269016.921561 -5.416451 3.393117 3.860162 0.004090 -0.021301 -0.020993 0.999544
7269018.121490 -4.901443 3.392722 3.873100 0.004401 -0.017438 -0.014609 0.999732
7269019.321446 -4.379681 3.359112 3.889666 0.007486 -0.015104 -0.048614 0.998675
7269020.521487 -3.852031 3.288410 3.890973 0.005363 -0.021747 -0.073831 0.997019
7269021.721423 -3.328056 3.212228 3.906028 0.006085 -0.018291 -0.070775 0.997306
7269022.921455 -2.794678 3.126519 3.914290 0.007355 -0.017223 -0.064119 0.997767
7269024.121413 -2.287335 3.064163 3.916633 0.004564 -0.022690 -0.054500 0.998245
7269025.321384 -1.789666 3.005638 3.914611 -0.002082 -0.017187 -0.048920 0.998653
7269026.521315 -1.262641 2.953019 3.932269 0.003948 -0.019164 -0.042990 0.998884
7269027.721223 -0.745604 2.898420 3.940185 0.002216 -0.022512 -0.032916 0.999202
7269028.921190 -0.229238 2.879224 3.962958 0.000462 -0.018319 -0.029244 0.999404
7269030.121201 0.282669 2.833042 3.967755 0.005640 -0.017592 -0.019393 0.999641
7269031.320922 0.805861 2.809335 3.975085 0.003813 -0.022538 -0.008391 0.999704
7269032.521248 1.320948 2.797272 3.981544 0.004616 -0.016471 -0.003795 0.999846
7269033.721160 1.846245 2.787289 3.980558 0.004434 -0.020590 -0.001985 0.999776
7269034.521170 2.169752 2.758541 3.985361 0.004889 -0.020674 -0.122423 0.992251
7269035.721139 2.676443 2.583421 3.987258 -0.008797 -0.017998 -0.245198 0.969266
7269036.021167 2.797806 2.527281 3.990083 0.012561 -0.020512 -0.363373 0.931333
7269037.221114 3.098650 2.085209 4.001737 0.014998 -0.024114 -0.455034 0.890021
7269037.721131 3.223431 1.901673 4.012222 0.010733 -0.019046 -0.552401 0.833292
7269038.420956 3.300071 1.593630 4.010992 0.012701 -0.014414 -0.657555 0.753162
7269039.620954 3.314059 1.054680 4.029524 0.010991 -0.021508 -0.712902 0.700847
7269040.821078 3.266550 0.512095 4.004263 0.010659 -0.021290 -0.712237 0.701535
7269042.020997 3.258960 -0.002275 3.986848 0.005094 -0.016652 -0.707508 0.706491
7269043.120895 3.173187 -0.504115 4.000976 0.007732 -0.017405 -0.759106 0.650688
7269044.320864 3.121042 -1.030955 3.992423 0.002896 -0.019090 -0.714312 0.699561
7269045.420961 3.105870 -1.555206 4.041348 -0.002194 -0.020681 -0.717017 0.696745
7269046.520996 3.079953 -2.086132 4.058265 -0.001901 -0.024962 -0.714983 0.698694
7269047.620772 3.015030 -2.597339 4.058183 -0.002813 -0.024432 -0.777452 0.628461
7269048.820973 2.897234 -3.101564 4.018430 0.009262 -0.019837 -0.752183 0.658590
7269049.120948 2.878183 -3.238905 4.023567 0.014485 -0.022983 -0.664284 0.746987
7269049.420953 2.879652 -3.369556 4.002670 -0.000271 -0.022611 -0.542156 0.839973
7269049.620787 2.907321 -3.439317 4.005089 -0.001134 -0.023821 -0.450346 0.892536
7269049.820828 2.967353 -3.486982 4.018507 0.000621 -0.024658 -0.335594 0.941684
7269050.020897 3.046188 -3.537075 4.013268 -0.002412 -0.012196 -0.223101 0.974716
7269050.420802 3.205604 -3.594625 4.028735 0.002397 -0.007905 -0.103108 0.994636
7269051.220903 3.549972 -3.642020 4.019891 0.004503 -0.020686 0.012439 0.999698
7269052.420795 4.088849 -3.589352 4.030633 0.001231 -0.009266 0.077337 0.996961
7269053.620533 4.594171 -3.509908 4.036296 -0.002001 -0.010896 -0.001490 0.999938
7269054.020844 4.797311 -3.518441 4.045065 0.009521 -0.011788 -0.138947 0.990184
7269055.320785 5.275615 -3.685303 4.042721 0.003519 -0.006769 -0.124158 0.992233
7269067.820777 4.905440 -3.613687 4.024808 -0.013344 -0.007128 -0.004738 0.999874
7269068.120801 4.877096 -3.620872 4.025304 -0.006817 -0.004734 0.135213 0.990782
7269068.320725 4.861109 -3.635960 4.033117 -0.005904 -0.002760 0.245818 0.969294
7269068.620826 4.848825 -3.671919 4.027383 -0.010842 -0.009537 0.364222 0.931200
7269069.821330 4.962851 -3.571415 4.038369 0.006722 -0.009555 0.455507 0.890155
7269070.921225 5.072061 -3.381814 4.037712 -0.007422 -0.008769 0.550226 0.834936
7269071.620757 5.085411 -3.401240 4.036909 -0.009791 -0.010141 0.636242 0.771361
7269077.820902 5.180699 -2.885773 4.047944 0.004301 -0.009730 0.644539 0.764497
7269078.921107 5.252960 -2.452633 4.046439 0.007250 -0.009544 0.560643 0.827971
7269080.221004 5.487798 -1.993086 4.043233 0.004514 -0.011340 0.524870 0.851095
7269080.920878 5.586388 -1.756398 4.042648 0.024130 -0.005525 0.399565 0.916371
7269081.221069 5.680018 -1.695740 4.064958 0.017644 -0.028986 0.285009 0.957924
7269081.922269 5.933135 -1.563971 4.047156 0.007887 -0.016795 0.164583 0.986189
7269082.221087 6.077586 -1.528976 4.053686 0.016616 -0.011613 0.056769 0.998181
7269083.522213 6.611595 -1.564780 4.057856 0.019101 -0.015057 -0.022872 0.999442
7269084.822260 7.152824 -1.544969 4.059615 0.008702 -0.020347 0.051122 0.998447
7269086.121033 7.689375 -1.537382 4.077949 0.007263 -0.011855 -0.030837 0.999428
7269087.320917 8.192283 -1.576580 4.079410 0.007020 -0.017965 -0.029708 0.999373
7269088.520912 8.706898 -1.591378 4.071688 0.006269 -0.008567 -0.021977 0.999702
7269089.720863 9.234776 -1.615447 4.107781 0.005968 -0.011432 -0.014545 0.999811
7269091.022097 9.766829 -1.664033 4.077551 0.018836 -0.012183 -0.088322 0.995839
7269092.222034 10.268076 -1.783616 4.100887 0.015074 -0.014150 -0.035369 0.999160
7269093.520772 10.804316 -1.776669 4.081769 0.000197 -0.007737 -0.001750 0.999969
7269094.820892 10.827384 -1.783032 4.068430 -0.008843 -0.013649 0.109698 0.993832
7269096.020871 11.102124 -1.718235 4.082840 0.010759 -0.021851 0.242087 0.969949
7269096.320921 11.211667 -1.660729 4.083035 0.005363 -0.015682 0.380182 0.924763
7269096.621993 11.286156 -1.584408 4.079509 0.007315 -0.014159 0.477621 0.878421
7269097.620879 11.458190 -1.201861 4.092803 0.002978 -0.007177 0.573063 0.819475
7269098.921989 11.562784 -0.683234 4.081749 0.008207 -0.010038 0.634956 0.772439
7269100.121993 11.666157 -0.183120 4.097891 0.008155 -0.005390 0.644634 0.764429
7269101.421756 11.720319 0.341431 4.091401 -0.003876 -0.002087 0.711053 0.703125
7269108.321602 11.726521 0.869687 4.097291 0.010319 -0.008435 0.686092 0.727392
7269108.921482 11.746130 1.085717 4.102338 0.008783 -0.002765 0.764185 0.644931
7269109.221761 11.710293 1.207543 4.080487 0.003785 -0.003964 0.850588 0.525805
7269109.521776 11.651113 1.299933 4.041097 0.003738 0.005346 0.909081 0.416568
7269110.121709 11.583610 1.388808 4.070382 -0.001245 -0.006566 0.948860 0.315627
7269111.220316 11.606160 1.405655 4.064782 0.002879 -0.002435 0.978153 0.207852
7269111.521756 11.625224 1.411571 4.068069 0.004596 -0.001750 0.995408 0.095599
7269113.321562 11.286560 1.445724 4.078005 -0.002117 -0.000566 -0.999956 0.009134
7269114.519887 10.745122 1.463277 4.094117 -0.001091 0.001458 0.998808 0.048776
7269115.721568 10.231668 1.493369 4.083314 0.006250 0.005634 0.998823 0.047772
7269116.921537 9.715717 1.553249 4.081833 0.000050 -0.008373 0.999299 0.036489
7269118.121526 9.205310 1.588646 4.082074 0.004841 -0.001286 0.999551 0.029539
7269119.321525 8.678082 1.597617 4.075562 0.007253 0.006284 0.999759 0.019757
7269120.521426 8.152587 1.629011 4.091665 0.010872 -0.001012 0.999892 0.009883
7269121.721367 7.649515 1.614288 4.078622 0.002973 0.003068 0.999979 0.004902
7269122.921340 7.129515 1.673109 4.089539 0.006573 0.003125 0.996759 0.080117
7269124.021447 6.676033 1.730997 4.073234 -0.006807 -0.002926 -0.998017 0.062507
7269124.321412 6.567536 1.724737 4.065565 -0.004674 -0.007115 -0.980375 0.196958
7269124.521505 6.514852 1.688458 4.072464 -0.017689 -0.004599 -0.951177 0.308103
7269124.721457 6.437633 1.626245 4.073373 -0.007258 0.001185 -0.905779 0.423688
7269125.021404 6.362430 1.536334 4.053621 0.008729 -0.008349 -0.858806 0.512159
7269126.221370 6.177752 1.040708 4.077068 -0.001525 -0.000190 -0.798473 0.602028
7269127.421449 6.066733 0.520423 4.062861 0.001049 -0.012105 -0.778923 0.627002
7269128.621304 5.955522 -0.001750 4.068701 0.000775 -0.002600 -0.771880 0.635763
7269129.821325 5.869703 -0.528683 4.062667 0.000634 -0.005721 -0.768846 0.639408
7269131.020894 5.769194 -1.033073 4.064305 0.000609 -0.010454 -0.788602 0.614815
7269132.221300 5.633314 -1.546192 4.056509 0.000312 -0.001255 -0.805914 0.592031
7269133.421262 5.498367 -2.066251 4.070949 -0.004044 -0.005366 -0.753963 0.656882
7269134.521195 5.418983 -2.575900 4.066175 0.003412 -0.013164 -0.827503 0.561297
7269135.821170 5.215232 -3.077874 4.049457 0.004563 -0.013349 -0.790275 0.612590
7269136.221054 5.195783 -3.239693 4.070139 -0.000252 -0.015725 -0.713035 0.700952
7269136.521083 5.183954 -3.363804 4.044424 -0.006413 -0.014914 -0.608587 0.793321
7269136.921020 5.241267 -3.505431 4.066875 0.007307 -0.013642 -0.523032 0.852173
7269138.021075 5.501156 -3.927138 4.058892 0.008468 -0.010740 -0.417464 0.908591
7269138.321190 5.583131 -3.993817 4.059680 -0.001907 -0.024389 -0.283890 0.958545
7269138.621074 5.686826 -4.067698 4.058076 -0.000969 -0.014889 -0.162560 0.986586
7269139.920995 6.201664 -4.191509 4.075689 0.000343 -0.007695 -0.139183 0.990237
7269141.020955 6.542855 -4.255877 4.061463 0.001477 -0.008513 -0.034351 0.999372
7269179.420564 7.073420 -4.203958 4.073205 0.001658 -0.014641 -0.007147 0.999866
7269180.820997 7.609466 -4.205554 4.071615 0.003284 -0.020650 -0.000115 0.999781
7269182.120947 8.117729 -4.182728 4.076903 -0.001046 -0.012294 0.003129 0.999919
7269183.420956 8.650396 -4.158490 4.074735 0.001985 -0.013135 -0.062361 0.997965
7269184.620981 9.159032 -4.236435 4.112048 0.000904 -0.015519 -0.096244 0.995236
7269185.820861 9.664522 -4.328554 4.068717 -0.004830 -0.015345 -0.080393 0.996633
7269186.920753 10.161885 -4.402904 4.072855 0.001115 -0.014871 -0.167259 0.985800
7269187.220894 10.286242 -4.460158 4.081723 -0.003405 -0.018746 -0.275322 0.961163
7269187.520770 10.413805 -4.534066 4.083496 0.001653 -0.015573 -0.388937 0.921131
7269188.220870 10.593765 -4.782238 4.078607 -0.002333 -0.015065 -0.502223 0.864604
7269195.520775 10.673420 -5.100021 4.091075 -0.002317 -0.008547 -0.377696 0.925887
7269195.821461 10.628550 -5.104367 4.080278 -0.018095 -0.010772 -0.231134 0.972694
7269196.121484 10.592932 -5.097069 4.085493 -0.013387 -0.014785 -0.118077 0.992804
7269197.220835 10.855618 -5.133389 4.090394 -0.015832 -0.010015 -0.011011 0.999764
7269198.521414 11.399885 -5.083045 4.120121 -0.008742 -0.004588 0.000022 0.999951
7269199.820773 11.905409 -4.994976 4.097089 0.000022 -0.016836 0.091675 0.995647
7269201.020891 12.445915 -4.921878 4.109745 0.000029 -0.008369 0.016234 0.999833
7269201.620885 12.690116 -4.902183 4.122556 -0.004657 -0.009928 0.123288 0.992310
7269202.220768 12.904386 -4.798971 4.098941 -0.001522 -0.004176 0.249899 0.968262
7269203.021362 13.185264 -4.607775 4.093999 -0.004480 -0.011206 0.357467 0.933848
7269203.421334 13.289591 -4.479782 4.094586 0.009264 -0.013955 0.459587 0.887975
7269204.320936 13.489361 -4.117515 4.096427 -0.001261 -0.001162 0.554202 0.832380
7269204.820792 13.573500 -3.927183 4.089862 0.007759 -0.007345 0.637791 0.770135
7269206.021386 13.600032 -3.399436 4.082513 0.000714 0.003234 0.703721 0.710469
7269207.221398 13.582610 -2.893448 4.068992 -0.004208 -0.003133 0.659021 0.752106
7269208.421250 13.671385 -2.368275 4.061602 0.003943 -0.005023 0.646160 0.763175
7269209.621365 13.766114 -1.845785 4.074648 -0.003120 0.002464 0.698264 0.715829
7269210.821176 13.713112 -1.332378 4.052869 -0.002965 -0.000757 0.693411 0.720535
7269212.021252 13.759365 -0.797990 4.046568 0.005315 -0.005630 0.661930 0.749526
7269213.221250 13.823217 -0.272320 4.040853 -0.000495 0.002473 0.668945 0.743307
7269214.420456 13.856997 0.239482 4.030488 -0.003071 -0.005207 0.672837 0.739766
7269215.621182 13.911638 0.757905 3.998700 0.000931 -0.005154 0.679353 0.733793
7269216.821173 13.978106 1.274817 4.006519 -0.008433 -0.009621 0.584220 0.811495
7269217.121134 14.013022 1.411170 3.992682 0.003419 -0.008201 0.471585 0.881776
7269217.420268 14.099099 1.512307 3.997533 0.009016 -0.015224 0.334729 0.942148
7269217.620979 14.193112 1.564491 4.008292 0.008954 -0.006970 0.234854 0.971964
7269218.521014 14.576473 1.681752 3.994633 0.002579 -0.012140 0.132761 0.991070
7269219.720621 15.111965 1.802752 4.005430 0.004576 -0.017657 0.018793 0.999657
7269220.921080 15.630979 1.752801 4.014249 0.002524 -0.010834 -0.065346 0.997801
7269222.120997 16.148441 1.668365 4.010683 0.001949 -0.015830 -0.070759 0.997366
7269223.320887 16.658833 1.575750 4.019015 0.004486 -0.014018 -0.072002 0.997296
7269223.720927 16.804600 1.572305 4.010747 0.001185 -0.006666 -0.197902 0.980199
7269224.020964 16.906584 1.489719 3.963674 -0.012982 -0.011691 -0.331920 0.943146
7269224.420914 17.033491 1.355728 3.959914 -0.000857 -0.004228 -0.434956 0.900441
7269225.620967 17.308769 0.917877 4.002050 -0.004208 -0.015497 -0.483995 0.874923
7269226.320864 17.468147 0.642952 4.000247 0.000746 -0.017190 -0.574113 0.818595
7269226.620870 17.514317 0.538173 3.961334 0.000478 -0.017461 -0.664173 0.747375
7269227.820909 17.479973 0.036823 4.009463 -0.003295 -0.015691 -0.675941 0.736782
7269229.020872 17.528147 -0.490784 4.013202 -0.012453 -0.020435 -0.669249 0.742652
7269229.920867 17.514736 -0.876390 4.034690 -0.004614 -0.021765 -0.744223 0.667561
7269231.120809 17.450005 -1.408169 4.034975 -0.010763 -0.017116 -0.745028 0.666727
7269232.420865 17.388847 -1.946371 4.046436 -0.012562 -0.013433 -0.789575 0.613378
7269233.620772 17.267521 -2.463919 4.059030 -0.012235 -0.015091 -0.738601 0.673862
7269234.820645 17.161392 -2.992713 4.051544 -0.012994 -0.018407 -0.790141 0.612511
7269236.121622 17.007748 -3.516473 4.069936 -0.009992 -0.011461 -0.788956 0.614262
7269237.321606 16.897978 -4.011706 4.080667 -0.019208 -0.016678 -0.783447 0.620938
7269237.820751 16.812538 -4.254311 4.102010 -0.008603 -0.026262 -0.849837 0.526320
7269238.120833 16.756916 -4.372559 4.075948 -0.003499 -0.020332 -0.901543 0.432198
7269239.320845 16.587126 -4.531529 4.085308 -0.010742 -0.017699 -0.944781 0.327047
7269239.620786 16.570404 -4.561167 4.090058 -0.004277 -0.020099 -0.979146 0.202118
7269240.320815 16.405231 -4.571292 4.094965 -0.005484 -0.020810 -0.995230 0.095152
7269241.621137 15.891706 -4.654954 4.098726 -0.013683 -0.017012 -0.996544 0.080150
7269242.321361 15.567390 -4.693243 4.105704 0.008542 0.022980 0.999282 0.028886
7269243.520820 15.057465 -4.636288 4.091856 0.007224 0.008771 0.999720 0.020758
7269244.720778 14.533609 -4.687471 4.109442 -0.005967 -0.007853 -0.998043 0.061746
7269245.921282 14.028662 -4.745765 4.105411 -0.012579 -0.012996 -0.989964 0.140159
7269247.121330 13.525629 -4.893272 4.101047 -0.006630 -0.003908 -0.996010 0.088904
7269248.220765 13.031561 -4.984173 4.100763 -0.001479 -0.023170 -0.996068 0.085494
7269249.421335 12.496897 -5.067168 4.095081 -0.005523 -0.011828 -0.995828 0.090309
7269250.621270 11.987008 -5.198505 4.098597 -0.008163 -0.013758 -0.995132 0.097242
7269251.821382 11.465342 -5.312970 4.122830 -0.008161 -0.017450 -0.994933 0.098682
7269255.921191 11.131880 -5.381230 4.097362 -0.007738 -0.009842 -0.974722 0.223069
7269256.221132 11.146040 -5.377982 4.097451 -0.012415 -0.000047 -0.928854 0.370238
7269256.421244 11.143535 -5.368445 4.083294 -0.014680 0.003168 -0.882359 0.470338
7269256.820832 11.141615 -5.368560 4.091869 -0.013943 -0.006555 -0.827655 0.561026
7269262.921040 11.015774 -5.865086 4.096748 -0.011571 -0.005044 -0.784445 0.620069
7269264.220907 10.913243 -6.370754 4.105429 -0.009132 -0.009257 -0.778112 0.627991
7269265.521035 10.817969 -6.874153 4.136204 -0.012122 -0.008284 -0.723492 0.690177
7269266.820844 10.771534 -7.396713 4.126444 -0.011200 -0.019708 -0.756168 0.653984
7269268.020967 10.699269 -7.916276 4.125001 -0.004392 -0.015158 -0.748051 0.663454
7269269.320957 10.656071 -8.445114 4.134308 -0.006304 -0.013761 -0.740277 0.672132
7269270.620666 10.616241 -8.993570 4.143744 -0.008806 -0.011028 -0.735336 0.677556
7269271.820861 10.577759 -9.515326 4.144328 -0.003423 -0.017550 -0.733165 0.679816
7269273.020793 10.534829 -10.027802 4.139957 -0.009016 -0.016399 -0.725080 0.688411
7269274.220871 10.540956 -10.548719 4.165259 -0.010826 -0.003430 -0.723951 0.689758
7269275.420946 10.510022 -11.078015 4.162111 -0.009298 -0.011730 -0.722158 0.691566
7269276.620768 10.503016 -11.606311 4.160694 -0.011053 -0.019160 -0.713449 0.700358
7269277.820950 10.445368 -12.121942 4.175033 -0.009025 -0.010310 -0.778292 0.627753
7269279.020918 10.330108 -12.642411 4.179000 -0.008646 -0.017942 -0.777250 0.628876
7269280.020915 10.236754 -13.060324 4.190850 -0.003602 -0.008403 -0.850908 0.525235
7269280.320846 10.152564 -13.190112 4.189189 -0.001663 -0.020978 -0.918775 0.394219
7269280.520881 10.096931 -13.263429 4.171647 -0.002189 -0.021255 -0.956699 0.290293
7269280.721656 10.022332 -13.314273 4.174820 0.004443 -0.014602 -0.982803 0.184027
7269280.920877 9.937172 -13.321435 4.170702 -0.021491 -0.029719 -0.997000 0.068164
7269281.220861 9.778852 -13.323557 4.171113 0.000341 0.022649 0.998784 0.043783
7269282.421597 9.245981 -13.275115 4.174495 0.001824 0.016861 0.999833 0.006862
7269283.621632 8.727549 -13.266577 4.177950 -0.003385 -0.013544 -0.999900 0.002356
7269284.820798 8.195131 -13.252887 4.173009 -0.009340 -0.013835 -0.999861 0.000578
7269285.321644 7.987610 -13.230598 4.167356 0.004385 -0.015689 -0.993688 0.110991
7269285.620889 7.884740 -13.277258 4.146586 -0.019195 -0.012328 -0.967208 0.252959
7269285.821498 7.791380 -13.324397 4.142465 -0.005367 -0.020307 -0.933662 0.357538
7269286.121438 7.694501 -13.392966 4.145779 -0.003673 -0.019671 -0.869021 0.494371
7269286.321511 7.665801 -13.464065 4.153772 -0.023942 -0.016710 -0.804099 0.593778
7269286.521548 7.645923 -13.563741 4.161367 -0.008090 -0.008330 -0.735668 0.677243
7269287.121515 7.670430 -13.828094 4.164699 -0.004599 -0.008861 -0.658910 0.752155
7269288.221432 7.701655 -14.346371 4.184825 0.002090 -0.018100 -0.701004 0.712924
7269288.921413 7.696369 -14.643163 4.167646 0.009835 -0.016587 -0.597214 0.801850
7269289.120863 7.729048 -14.716006 4.172619 -0.009542 -0.020236 -0.508315 0.860881
7269289.320812 7.784070 -14.799447 4.179217 -0.005849 -0.009637 -0.401253 0.915898
7269289.521369 7.838003 -14.867261 4.163254 -0.005933 -0.011551 -0.296598 0.954914
7269289.721485 7.905312 -14.921923 4.173496 0.005362 -0.008524 -0.191417 0.981457
7269289.921435 7.991590 -14.951694 4.175701 0.000506 -0.017750 -0.080838 0.996569
7269291.021334 8.512714 -15.002246 4.184159 -0.003031 -0.010300 -0.044185 0.998966
7269292.221465 9.036151 -15.083723 4.194437 -0.008825 -0.005790 -0.050162 0.998685
7269293.421367 9.567116 -15.141629 4.196001 0.001680 -0.010371 -0.089233 0.995955
7269294.520433 10.063132 -15.226499 4.197212 -0.002802 -0.009594 -0.082715 0.996523
7269295.721284 10.577784 -15.310010 4.196903 0.010695 -0.013556 -0.079698 0.996669
7269296.921337 11.095772 -15.389690 4.201900 0.005010 -0.009970 -0.071056 0.997410
7269298.121237 11.596946 -15.445870 4.207220 -0.001635 -0.009323 -0.061567 0.998058
7269299.321164 12.099663 -15.503916 4.203814 0.004931 -0.016717 -0.060289 0.998029
7269300.521173 12.618981 -15.580100 4.201029 0.009278 -0.011112 -0.049582 0.998665
7269301.721266 13.140441 -15.615057 4.199594 0.001340 -0.008397 -0.041431 0.999105
7269302.821210 13.638909 -15.659689 4.196007 0.000382 -0.009808 -0.041347 0.999097
7269304.021166 14.158405 -15.701893 4.186419 0.006657 -0.014847 -0.025335 0.999547
7269305.221135 14.697642 -15.721452 4.188919 -0.002951 -0.007955 -0.022647 0.999708
7269305.721185 14.923040 -15.728344 4.185707 0.004672 -0.008349 -0.132867 0.991088
7269306.021089 15.047799 -15.769153 4.198593 0.003603 -0.008002 -0.246663 0.969062
7269306.921154 15.366035 -16.012625 4.196489 -0.005013 -0.012821 -0.352178 0.935832
7269307.821295 15.623560 -16.309130 4.176554 0.005377 -0.012682 -0.454774 0.890500
7269308.521000 15.758194 -16.576048 4.197701 0.011633 -0.014428 -0.563182 0.826125
7269308.821130 15.813989 -16.709507 4.197132 0.013878 -0.008454 -0.658681 0.752247
7269309.121020 15.807559 -16.860386 4.198244 0.007751 -0.016437 -0.752372 0.658488
7269310.320935 15.702024 -17.382315 4.198047 0.002881 -0.014534 -0.737681 0.674987
7269311.420907 15.637877 -17.880543 4.189736 0.003809 -0.011597 -0.738116 0.674563
7269312.621044 15.577530 -18.417507 4.185395 -0.002463 -0.015790 -0.731978 0.681141
7269313.821059 15.550207 -18.933147 4.182642 0.004208 -0.011606 -0.730958 0.682311
7269315.020854 15.493444 -19.468739 4.186160 -0.000616 -0.009422 -0.729213 0.684222
7269316.120826 15.465717 -19.970060 4.183419 -0.000218 -0.006769 -0.722845 0.690977
7269317.320934 15.440813 -20.500788 4.178888 -0.006725 -0.013224 -0.720974 0.692803
7269318.520908 15.416807 -21.041485 4.186297 -0.000344 -0.006315 -0.715796 0.698281
7269319.720864 15.421506 -21.558578 4.179538 -0.003705 -0.006782 -0.708332 0.705837
7269320.920979 15.425188 -22.083893 4.173505 -0.008225 -0.012224 -0.705583 0.708474
7269322.020866 15.414216 -22.585836 4.168311 -0.008171 -0.014765 -0.696396 0.717459
7269323.220789 15.450604 -23.109253 4.168033 -0.001354 -0.005844 -0.726469 0.687173
7269324.420584 15.401245 -23.641558 4.175051 -0.004320 -0.009852 -0.739545 0.673021
7269325.620891 15.339520 -24.172291 4.161867 -0.007648 -0.008079 -0.729666 0.683713
7269326.820814 15.317024 -24.694735 4.171568 -0.006394 -0.003234 -0.727044 0.686554
7269328.020809 15.279046 -25.220444 4.167942 -0.005965 -0.007198 -0.737571 0.675205
7269329.220936 15.214109 -25.728018 4.152280 -0.007576 -0.008734 -0.764870 0.644080
7269330.420841 15.157489 -26.242754 4.159374 -0.009229 -0.003452 -0.722439 0.691364
7269331.520344 15.147796 -26.746441 4.144626 -0.001941 -0.007047 -0.713122 0.701002
7269332.720903 15.089758 -27.261734 4.146363 -0.004422 -0.003960 -0.762183 0.647335
7269333.920767 15.052830 -27.777147 4.140949 -0.012311 -0.013196 -0.707300 0.706683
7269335.121404 15.002410 -28.323744 4.151402 -0.004575 -0.004189 -0.737777 0.675016
7269336.320800 14.972717 -28.858297 4.139445 -0.005628 0.000497 -0.729702 0.683742
7269337.521389 14.942579 -29.393431 4.133075 -0.010876 -0.007730 -0.729852 0.683475
7269338.721367 14.909165 -29.936529 4.125114 -0.001542 -0.002592 -0.720692 0.693249
7269339.921286 14.913135 -30.441679 4.124231 -0.007359 0.004006 -0.713707 0.700394
7269341.121273 14.868313 -30.953501 4.116956 -0.009164 -0.006438 -0.761944 0.647546
7269342.321312 14.779426 -31.493792 4.119008 -0.003957 -0.005982 -0.758110 0.652087
7269343.521175 14.720803 -32.014511 4.116405 -0.004164 -0.002839 -0.747607 0.664122
7269346.421248 14.689268 -32.518013 4.109364 -0.003167 -0.004740 -0.736956 0.675916
7269347.721113 14.650415 -33.035061 4.069802 -0.003456 -0.008400 -0.729140 0.684305
7270380.820856 -0.146745 0.022147 0.007297 -0.008131 0.003720 0.014438 0.999856
7270400.420627 0.357561 0.033648 0.028422 0.010603 -0.007607 0.006159 0.999896
7270400.720843 0.446476 0.031436 0.023305 0.011534 -0.006077 -0.100479 0.994854
7270401.020777 0.560457 -0.009362 0.023409 -0.003505 -0.013841 -0.210529 0.977483
7270432.021113 1.025423 -0.240338 0.030477 -0.003364 -0.014478 -0.263826 0.964456
7270432.721129 1.224221 -0.337741 0.036462 -0.002983 -0.009867 -0.157185 0.987515
7270433.621146 1.449723 -0.398646 0.044631 -0.011603 -0.002609 -0.042521 0.999025
7270436.921080 1.589169 -0.416747 0.045027 0.000091 -0.010826 -0.155558 0.987767
7270437.121099 1.611556 -0.431301 0.038207 0.006424 -0.011593 -0.263617 0.964536
7270437.320936 1.658612 -0.451252 0.020280 0.011143 -0.014010 -0.371678 0.928189
7270437.521107 1.707224 -0.491067 0.039257 0.004262 -0.006045 -0.476644 0.879066
7270437.721030 1.742022 -0.558768 0.042954 -0.009176 -0.009057 -0.579452 0.814905
7270437.920969 1.775048 -0.634427 0.041514 0.009421 -0.015242 -0.676661 0.736077
7270438.121023 1.786416 -0.706151 0.035432 0.007847 -0.010217 -0.760194 0.649569
7270438.320941 1.766716 -0.770396 0.048500 -0.004591 -0.020727 -0.836418 0.547681
7270438.520967 1.719520 -0.841254 0.056769 0.002094 -0.026668 -0.897136 0.440944
7270438.721123 1.672468 -0.896096 0.041838 0.011772 -0.023148 -0.944996 0.326049
7270438.921105 1.611343 -0.949247 0.042783 0.015424 -0.014347 -0.977447 0.210129
7270439.120952 1.528883 -0.980763 0.042468 -0.000571 -0.022505 -0.995796 0.088785
7270439.320975 1.435392 -0.998412 0.048347 -0.000086 0.025119 0.999252 0.029385
7270439.620979 1.320463 -0.982417 0.041036 -0.002017 0.020111 0.989823 0.140858
7270440.920920 0.835116 -0.750667 0.041313 0.011083 0.017693 0.986569 0.162003
7270442.220999 0.341657 -0.594757 0.035317 0.007102 0.012360 0.992207 0.123782
7270443.520891 -0.167852 -0.476524 0.034395 0.010689 0.014556 0.996216 0.085013
7270444.820811 -0.683123 -0.384328 0.021359 0.010772 0.005901 0.996998 0.076446
7270446.120933 -1.198092 -0.300366 0.019879 0.008084 0.004271 0.997051 0.076198
7270447.520778 -1.728099 -0.226030 0.014773 0.009479 0.008155 0.993765 0.110795
7270448.820760 -2.224392 -0.130355 0.019629 0.016927 0.003711 0.998606 0.049852
7270450.219802 -2.713292 -0.024181 0.013975 0.007233 0.006605 0.993836 0.110428
7270452.720798 -3.205175 0.067521 0.017529 0.008615 0.006694 0.995059 0.098688
7270454.120761 -3.724203 0.178915 0.011030 0.009409 0.000778 0.996011 0.088729
7270454.620764 -3.909487 0.197094 0.007809 -0.009522 0.001129 -0.998805 0.047928
7270454.920844 -4.019678 0.199818 -0.003078 -0.005272 -0.009804 -0.981756 0.189817
7270455.120945 -4.084384 0.164945 0.004184 -0.020008 -0.004592 -0.952009 0.305381
7270455.320941 -4.159468 0.107599 0.006685 -0.012143 0.002761 -0.907933 0.418931
7270455.620915 -4.234121 0.011671 -0.007521 0.001013 -0.006182 -0.859188 0.511621
7270456.920570 -4.502764 -0.410712 0.005266 -0.004646 0.002201 -0.897933 0.440102
7270457.920756 -4.767800 -0.733717 -0.004857 -0.002222 -0.009459 -0.945174 0.326424
7270459.220751 -5.186154 -1.034257 -0.002235 -0.006845 -0.008221 -0.954605 0.297681
7270466.821285 -5.561530 -1.126117 -0.009771 -0.003985 0.002733 -0.984707 0.174152
7270469.020829 -6.059430 -1.227931 0.005059 -0.007069 -0.011942 -0.990790 0.134694
7270470.220552 -6.573157 -1.379044 0.002987 -0.009479 -0.007527 -0.990412 0.137615
7270471.420827 -7.107350 -1.462714 0.000752 -0.017675 -0.009592 -0.998572 0.049494
7270472.520855 -7.610929 -1.495461 0.004425 -0.004202 0.002210 -0.998205 0.059704
7270473.720722 -8.146917 -1.568063 0.004599 -0.006693 -0.002816 -0.997671 0.067818
7270474.821139 -8.643363 -1.625599 0.021668 -0.011065 -0.010964 -0.997197 0.073175
7270476.021164 -9.168931 -1.708083 0.020335 -0.013267 -0.007991 -0.996270 0.084895
7270476.621087 -9.460414 -1.767597 0.035814 -0.011502 -0.002403 -0.978480 0.206007
7270477.021169 -9.602108 -1.843043 0.008701 -0.016921 -0.008628 -0.947529 0.319104
7270477.321204 -9.670623 -1.896566 0.032817 -0.010988 0.002123 -0.903267 0.428933
7270477.620392 -9.689372 -1.908991 0.022347 -0.004432 0.001421 -0.848755 0.528766
7270478.121086 -9.687108 -1.905633 0.015567 -0.013867 0.008741 -0.771729 0.635741
7270480.921128 -9.744867 -2.406034 0.036701 -0.005650 0.002153 -0.711456 0.702704
7270483.620930 -10.014373 -2.361742 0.016167 -0.007297 0.001193 -0.633686 0.773555
7270536.821129 -9.977612 -2.889463 0.030213 -0.011090 -0.008361 -0.665404 0.746354
7270538.121090 -9.982901 -3.413476 0.057913 -0.006774 -0.007016 -0.736803 0.676037
7270539.421023 -10.014565 -3.947264 0.045047 -0.006820 -0.005941 -0.735170 0.677823
7270540.521000 -10.065293 -4.456808 0.039946 -0.002449 -0.006592 -0.734600 0.678464
7270541.820909 -10.083431 -4.990807 0.035032 -0.008428 -0.010099 -0.727303 0.686191
7270542.420999 -10.112364 -5.237631 0.054876 -0.007505 -0.006985 -0.796711 0.604273
7270543.520904 -10.228963 -5.733088 0.054579 -0.006620 -0.006804 -0.743175 0.669029
7270544.719155 -10.273863 -6.246792 0.057867 -0.009611 -0.004094 -0.733226 0.679905
7270545.920916 -10.303077 -6.780149 0.050433 -0.005834 -0.009493 -0.729289 0.684115
7270547.120808 -10.336467 -7.323604 0.052866 -0.003827 -0.008532 -0.681407 0.731845
7270548.020847 -10.241324 -7.730062 0.047732 -0.018255 -0.011520 -0.582421 0.812601
7270548.720848 -10.110052 -8.025867 0.053933 -0.012118 -0.010551 -0.483726 0.875072
7270549.320933 -9.937849 -8.256015 0.085978 -0.004854 -0.004370 -0.372922 0.927840
7270549.720824 -9.790728 -8.375389 0.055664 -0.009410 -0.000329 -0.271553 0.962377
7270550.820804 -9.339240 -8.599970 0.050445 0.000655 -0.006498 -0.226189 0.974061
7270551.420837 -9.100080 -8.717114 0.051569 0.003270 -0.001111 -0.123408 0.992350
7270551.920938 -8.880563 -8.747232 0.033189 -0.003287 -0.001081 -0.004839 0.999982
7270552.920904 -8.665816 -8.746278 0.046626 -0.005617 0.002000 0.111155 0.993785
7270559.020819 -8.341612 -9.139772 0.040630 -0.007929 -0.001217 0.126548 0.991928
7270610.421402 -7.832511 -9.040681 0.036502 0.010896 -0.005612 0.091477 0.995732
7270611.921268 -7.305787 -9.004416 0.033691 -0.005223 -0.002898 0.082706 0.996556
7270622.521128 -6.800287 -8.862110 0.024619 -0.009628 -0.004563 0.000968 0.999943
7270623.621100 -6.330803 -8.834879 0.025208 0.007140 0.002213 0.110590 0.993838
7270624.221141 -6.090902 -8.773349 0.004562 0.003247 -0.000337 0.221350 0.975189
7270624.521043 -5.977960 -8.712367 0.017215 0.002793 -0.007471 0.348422 0.937304
7270624.820714 -5.880798 -8.637959 0.000960 0.001527 -0.000512 0.456329 0.889809
7270625.221111 -5.826441 -8.519558 0.004906 0.006938 -0.006148 0.552321 0.833580
7270626.420993 -5.667634 -8.019706 0.003547 0.002547 0.004872 0.600749 0.799419
7270627.621012 -5.537144 -7.504087 0.016273 0.003277 0.001663 0.610868 0.791724
7270628.720947 -5.396322 -7.003827 0.005354 0.009333 0.008676 0.619417 0.784958
7270629.920980 -5.271149 -6.480615 -0.010897 0.007555 0.001429 0.630650 0.776029
7270631.120925 -5.164812 -5.945258 -0.017510 0.015167 0.016711 0.635223 0.771999
7270632.320754 -5.065292 -5.414913 -0.022191 0.011095 0.004292 0.642353 0.766317
7270633.420792 -4.993495 -4.914026 -0.013960 0.005020 0.005192 0.651467 0.758643
7270634.520866 -4.957231 -4.412566 -0.025146 0.010179 0.003008 0.701156 0.712929
7270635.720841 -4.950181 -3.888534 -0.031713 0.011183 0.001971 0.670338 0.741969
7270637.621629 -4.918371 -3.357720 -0.017829 0.016135 0.008527 0.673177 0.739257
7270638.820924 -4.869765 -2.848806 -0.044950 0.011697 0.005925 0.679270 0.733772
7270640.020869 -4.860160 -2.340961 -0.011431 0.007826 0.000288 0.689547 0.724199
7270641.320844 -4.861430 -1.801620 -0.017584 0.004306 -0.002847 0.693861 0.720090
7270642.520769 -4.848926 -1.277943 -0.000196 0.008806 -0.002365 0.698492 0.715560
7270643.220894 -4.834852 -0.971712 0.001167 0.008596 0.003792 0.610924 0.791633
7270654.920620 -4.692251 -0.550863 -0.002666 0.004247 -0.007359 0.527815 0.849317
7270656.320868 -4.405325 -0.214364 -0.003333 0.000970 -0.011187 0.438317 0.898750
7270657.020843 -4.242237 -0.125491 -0.000580 0.000274 -0.009235 0.337819 0.941166
7270657.620948 -4.095160 -0.055373 0.001015 0.003776 -0.004862 0.225477 0.974229
7270659.021257 -3.589518 0.042773 0.002137 0.005593 -0.001765 0.168661 0.985657
7270659.820946 -3.290856 0.145228 0.003732 0.001453 -0.003455 0.054098 0.998529
7270660.820507 -2.880008 0.149951 -0.003622 0.010309 -0.014350 -0.063588 0.997820
7270663.121083 -2.386064 0.042268 0.005626 -0.002956 -0.016801 -0.033863 0.999281
7270664.321061 -1.873565 0.001537 0.011497 0.004461 -0.002600 -0.026560 0.999634
7270665.522041 -1.357120 -0.018527 0.013947 0.005321 -0.006037 -0.017516 0.999814
7270666.721006 -0.819696 -0.049732 0.051267 0.002700 -0.010098 -0.008445 0.999910
7270667.921976 -0.284055 -0.047599 0.025717 -0.000353 -0.006386 -0.006055 0.999961
7270669.121936 0.244333 -0.068130 0.047567 0.002101 -0.008826 -0.003379 0.999953
7270670.320871 0.769830 -0.062135 0.028834 0.001503 -0.008682 0.014661 0.999854
7270671.521871 1.317190 -0.041812 0.032124 0.002967 -0.003838 0.017792 0.999830
7270672.720809 1.856197 -0.021196 0.038252 0.004281 -0.004257 0.027676 0.999599
7270673.921911 2.383799 0.009373 0.032106 0.003718 -0.006974 0.036685 0.999296
7270675.121868 2.900095 0.060611 0.041325 0.009692 -0.008122 0.036128 0.999267
7270676.220819 3.416433 0.110692 0.028355 -0.003496 -0.001223 0.111574 0.993749
7270677.420811 3.900746 0.245421 0.040567 0.002742 -0.003480 0.001240 0.999989
7270678.621854 4.428676 0.196486 0.048308 0.001099 -0.010833 -0.052250 0.998575
7270679.921745 4.959618 0.099485 0.051898 0.009584 -0.007280 -0.128760 0.991603
7270681.121298 5.461777 -0.033943 0.043235 0.000460 -0.007556 -0.114162 0.993433
7270682.121829 5.882707 -0.078970 0.048680 0.006019 -0.006744 -0.010663 0.999902
7270683.321791 6.388596 -0.094495 0.043283 -0.000436 -0.009031 0.000549 0.999959
7270684.521736 6.891099 -0.086113 0.037972 0.012599 -0.009124 0.001402 0.999878
7270685.721644 7.414845 -0.090158 0.043524 0.003238 -0.007577 0.012952 0.999882
7270686.921667 7.940752 -0.066711 0.036922 -0.000472 -0.007706 0.019810 0.999774
7270688.121580 8.469867 -0.044104 0.041381 0.016519 -0.003133 0.024336 0.999562
7270689.321492 8.993093 -0.016933 0.042446 0.005381 -0.007524 0.031635 0.999457
7270689.921547 9.243076 -0.006140 0.034608 0.000728 -0.020059 -0.093738 0.995395
7270691.121543 9.757329 -0.179481 0.047421 -0.001746 -0.008223 -0.175804 0.984389
7270692.321503 10.242129 -0.356712 0.048598 -0.000349 -0.012857 -0.172836 0.984867
7270693.521507 10.751277 -0.516780 0.037327 0.000207 -0.010659 -0.164242 0.986363
7270694.721354 11.250823 -0.671436 0.045730 -0.005920 -0.008327 -0.165952 0.986081
7270695.721445 11.623129 -0.863419 0.044453 0.000610 -0.008575 -0.275821 0.961171
7270696.921324 12.073590 -1.134297 0.043149 -0.002592 -0.007589 -0.323816 0.946086
7270698.121350 12.470573 -1.469754 0.042032 0.006348 -0.012947 -0.344178 0.938794
7270698.521408 12.571220 -1.577269 0.038468 0.003553 -0.015782 -0.440547 0.897584
7270699.121453 12.616077 -1.634022 0.034050 -0.001506 -0.008689 -0.533142 0.845980
7270700.821135 12.755604 -2.133020 0.042395 0.003626 -0.013621 -0.589267 0.807816
7270702.021266 12.860395 -2.660372 0.041688 0.000028 -0.010413 -0.639391 0.768811
7270705.421235 12.940382 -3.007644 0.032587 -0.000227 -0.011584 -0.716911 0.697068
7270709.521163 12.944860 -3.540250 0.027931 0.005178 -0.002633 -0.719683 0.694279
7270739.920957 12.734594 -3.399376 0.010867 -0.001763 0.010404 -0.786346 0.617696
7270740.620870 12.686744 -3.337360 0.016845 -0.006864 -0.010094 -0.848438 0.529155
7270742.220883 12.436834 -3.809524 0.010667 -0.002841 -0.006471 -0.905753 0.423748
7270743.520991 12.087445 -4.211257 0.011832 -0.003496 -0.014156 -0.874738 0.484376
7270744.321304 11.910959 -4.496657 0.007449 -0.002993 -0.005187 -0.921149 0.389164
7270745.620878 11.504331 -4.843848 0.011585 -0.011020 -0.010449 -0.911111 0.411880
7270746.320832 11.320886 -5.077553 0.009271 -0.010451 -0.007949 -0.861689 0.507267
7270747.521279 11.102625 -5.539276 0.014372 -0.001743 -0.001358 -0.840250 0.542195
7270748.721312 10.899749 -6.013774 0.004201 -0.004224 0.001421 -0.837767 0.546010
7270749.321208 10.803112 -6.278509 -0.001611 -0.000843 -0.002720 -0.774902 0.632075
7270750.520754 10.731112 -6.798776 0.022638 -0.002653 -0.002214 -0.746184 0.665731
7270751.721155 10.672638 -7.325771 -0.015414 -0.008863 0.002956 -0.738349 0.674354
7270752.821181 10.665401 -7.829497 -0.021586 -0.007653 -0.004537 -0.737831 0.674927
7270754.721136 10.349054 -8.245387 -0.031895 -0.012561 0.010777 -0.729424 0.683862
7270756.020784 10.315373 -8.744800 -0.036730 -0.005036 0.002630 -0.717340 0.696700
7270757.221108 10.319491 -9.267812 -0.036921 -0.010068 -0.005240 -0.716303 0.697697
7270758.421046 10.271240 -9.795190 -0.036479 0.000143 -0.001933 -0.760370 0.649488
7270759.621019 10.202922 -10.325887 -0.047016 -0.002360 0.000207 -0.755413 0.655245
7270760.820189 10.075079 -10.832309 -0.060321 -0.008791 0.000781 -0.756539 0.653889
7270762.020914 9.944592 -11.363313 -0.052665 0.002654 -0.000888 -0.741094 0.671395
7270762.820902 9.942978 -11.585019 -0.079898 -0.003872 0.005178 -0.655519 0.755151
7270766.621931 10.092497 -12.089174 -0.092642 -0.020251 0.008751 -0.663626 0.747739
7270767.820816 10.105062 -12.589561 -0.093169 -0.006567 0.001217 -0.654870 0.755712
7270768.920866 10.008249 -13.106476 -0.109304 -0.009478 0.005710 -0.722489 0.691294
7270770.120807 9.933377 -13.627975 -0.101181 -0.008830 0.002124 -0.708663 0.705488
7270770.520855 9.914855 -13.809525 -0.106205 -0.000701 -0.007834 -0.599016 0.800698
7270770.720772 9.952887 -13.889080 -0.109032 -0.005097 -0.010198 -0.508799 0.860810
7270771.020781 10.041398 -14.011870 -0.124617 -0.004462 0.004351 -0.396738 0.917911
7270772.221806 10.475442 -14.335590 -0.111864 0.002341 0.003496 -0.313055 0.949726
7270772.821733 10.700248 -14.483756 -0.108811 0.002329 -0.006276 -0.208570 0.977985
7270773.421677 10.978746 -14.566597 -0.125512 0.006511 0.003531 -0.105632 0.994378
7270774.520808 11.482723 -14.655385 -0.131748 0.005952 0.003867 -0.076836 0.997018
7270775.621754 11.991640 -14.698575 -0.121336 0.009130 -0.000230 -0.026128 0.999617
7270776.721718 12.511912 -14.681861 -0.136171 0.003111 0.002199 0.030585 0.999525
7270777.820846 13.023517 -14.702026 -0.139782 0.007266 -0.002311 -0.049257 0.998757
7270778.921595 13.527099 -14.628408 -0.143144 0.009052 0.008102 -0.034750 0.999322
7270780.121601 14.001323 -14.469364 -0.150003 0.012087 0.004432 -0.032779 0.999380
7270781.820769 14.527355 -14.422640 -0.147591 -0.001850 0.014549 -0.011023 0.999832
7271002.220839 -0.160450 0.022062 0.007088 -0.007081 0.001278 -0.020538 0.999763
7271012.420856 -0.148686 0.024859 0.022320 0.000398 -0.003055 -0.144930 0.989437
7271012.620898 -0.164059 0.034659 0.022377 -0.003941 -0.009465 -0.254081 0.967129
7271012.820963 -0.167858 0.047740 0.017128 0.008311 -0.014440 -0.385320 0.922632
7271013.020826 -0.157984 0.068285 0.012950 0.002263 -0.014544 -0.517048 0.855830
7271013.220878 -0.151370 0.094558 0.014454 -0.011384 -0.009427 -0.642126 0.766456
7271013.520907 -0.150981 0.098350 0.012892 -0.004299 -0.015701 -0.741652 0.670587
7271015.920881 -0.385356 0.522084 0.003413 0.004712 -0.001926 -0.797968 0.602679
7271018.920937 -0.766936 0.117838 0.033746 -0.007720 -0.008231 -0.789866 0.613176
7271019.620903 -0.973360 -0.368351 0.038560 0.001130 0.007089 -0.790517 0.612398
7271020.320809 -1.140228 -0.869875 0.046500 -0.000654 -0.005668 -0.782501 0.622623
7271021.020777 -1.434759 -1.346430 0.033229 -0.002660 -0.003496 -0.778637 0.627459
7271021.720842 -1.622395 -1.810606 0.035700 -0.016901 -0.004095 -0.777981 0.628047
7271023.920958 -2.020185 -2.122960 0.037304 -0.005926 0.004090 -0.765951 0.642859
7271026.220834 -2.264359 -2.593548 0.038598 -0.016497 -0.006539 -0.750854 0.660230
7271027.720828 -2.313090 -3.097259 0.016178 -0.016852 0.001615 -0.736778 0.675923
7271028.621009 -2.357786 -3.649032 0.029297 -0.007566 0.002334 -0.732585 0.680629
7271029.420965 -2.378250 -4.192642 0.017574 0.003048 -0.002533 -0.722961 0.690878
7271032.020887 -2.418022 -4.697378 0.035646 -0.011914 -0.004036 -0.701949 0.712116
7271033.120782 -2.419603 -4.809304 0.026754 -0.016813 -0.000719 -0.614869 0.788450
7271033.820840 -2.440952 -4.801794 0.022951 -0.014945 0.002366 -0.530095 0.847803
7271034.120778 -2.466410 -4.791831 0.012795 -0.019393 0.009589 -0.423187 0.905784
7271035.420933 -2.126516 -5.097404 0.013262 0.003496 0.000338 -0.325180 0.945645
7271035.820707 -2.131454 -5.114786 0.017435 -0.013409 0.007310 -0.214521 0.976600
7271036.320980 -2.129364 -5.130111 0.015057 -0.015864 0.001223 -0.111533 0.993633
7271039.220853 -1.631500 -5.142970 0.003231 -0.001283 -0.001003 -0.056779 0.998385
7271042.520983 -1.093954 -5.216984 -0.006190 -0.006500 0.009342 -0.036082 0.999284
7271043.220994 -0.578468 -5.252624 0.005866 0.002176 0.005571 -0.028134 0.999586
7271043.920913 -0.057796 -5.278365 -0.017673 -0.003477 0.015872 -0.017603 0.999713
7271044.620990 0.470824 -5.281507 -0.020864 0.000006 -0.003938 -0.014213 0.999891
7271045.320911 0.976639 -5.261246 -0.038499 0.003839 0.000806 -0.007219 0.999966
7271047.621901 1.496246 -5.225762 -0.041777 -0.004008 0.001942 0.011054 0.999929
7271053.921718 1.999693 -5.261333 -0.057534 0.001637 0.003383 0.033958 0.999416
7271057.320803 2.334529 -5.483494 -0.045786 0.000138 -0.004417 -0.075485 0.997137
7271058.419647 2.826509 -5.636810 -0.041350 0.007355 -0.000582 -0.090899 0.995833
7271059.221766 2.863802 -5.669220 -0.060946 -0.011066 -0.007316 0.027380 0.999537
7271120.521301 3.009939 -5.653983 -0.033847 0.000447 -0.002730 0.130774 0.991408
7271121.320854 2.985478 -5.677319 -0.057417 -0.003734 -0.000344 0.261108 0.965302
7271121.620491 2.982207 -5.697111 -0.062229 -0.007878 -0.004558 0.384062 0.923263
7271122.320799 2.984302 -5.730996 -0.060499 0.003070 -0.001582 0.493291 0.869857
7271122.721304 3.001726 -5.767230 -0.072351 0.000413 -0.010513 0.595864 0.803017
7271123.221218 3.006494 -5.780675 -0.064026 -0.011051 -0.011935 0.682327 0.730866
7271123.421283 3.018237 -5.782722 -0.063358 0.001967 -0.006212 0.761303 0.648364
7271123.720792 3.040334 -5.788506 -0.067406 0.006218 -0.005132 0.827426 0.561516
7271128.321148 3.071259 -5.803922 -0.058314 0.007682 0.005989 0.882703 0.469831
7271128.921191 3.108891 -5.789979 -0.034209 0.009319 -0.007503 0.938140 0.346049
7271129.420784 3.126153 -5.789725 -0.062270 0.010632 -0.000496 0.969484 0.244924
7271131.720258 2.750869 -5.571732 -0.047250 0.008459 0.003841 0.990117 0.139938
7271132.721142 2.719325 -5.553885 -0.055205 0.018841 -0.001307 0.999202 0.035203
7271134.622009 2.180553 -5.533555 -0.085613 0.018144 -0.000161 0.989637 0.142444
7271136.420968 1.674070 -5.379910 -0.045062 0.015401 -0.007793 0.991365 0.129989
7271137.220929 1.137043 -5.244218 -0.034409 0.010748 0.000591 0.995977 0.088958
7271137.921082 0.640675 -5.184301 -0.026149 0.011252 0.007438 0.999558 0.026492
7271138.620923 0.095210 -5.206295 -0.029670 -0.008241 -0.002411 -0.999961 0.002253
7271139.320903 -0.451588 -5.249614 0.004196 0.000118 -0.004080 -0.999962 0.007654
7271140.720906 -0.966682 -5.239017 -0.002592 0.012637 0.017379 0.994636 0.101179
7271142.620960 -1.478610 -5.103083 0.023313 0.009467 -0.005650 0.989225 0.145986
7271143.420889 -1.912860 -5.046033 0.013715 0.006307 0.014015 0.967078 0.254014
7271144.720961 -1.954148 -5.041778 0.008512 0.015300 -0.006541 0.935027 0.354186
7271146.520793 -2.240860 -4.780919 0.009893 0.015559 -0.002030 0.886359 0.462732
7271147.120857 -2.240143 -4.794324 0.011316 0.011721 0.001505 0.828231 0.560262
7271147.721744 -2.232120 -4.808143 0.015950 0.014420 -0.003590 0.754159 0.656524
7271160.220814 -2.197903 -4.301926 0.020574 -0.002893 -0.002872 0.726370 0.687292
7271161.021540 -2.245776 -3.784508 0.023735 0.001030 0.010742 0.705792 0.708337
7271162.621510 -2.175278 -3.242895 -0.002807 0.007464 0.003776 0.645155 0.764006
7271163.321563 -2.064142 -2.742145 0.018248 0.008749 0.004226 0.651666 0.758444
7271164.721403 -2.002206 -2.275956 0.010462 0.011455 -0.010800 0.569240 0.822021
7271165.621409 -1.734086 -1.832739 0.013276 -0.006367 -0.006082 0.556706 0.830663
7271168.421329 -1.363265 -1.404768 0.019152 0.004045 -0.003362 0.565572 0.824682
7271169.121312 -1.184949 -0.914036 0.021288 0.009174 -0.005562 0.568640 0.822516
7271171.321330 -1.047725 -0.430162 0.041297 0.003037 -0.002393 0.584506 0.811380
7271174.321367 -1.003861 -0.226495 0.014445 0.001226 0.001406 0.491600 0.870819
7271174.521226 -1.017919 -0.226178 0.008424 0.009869 -0.009337 0.387570 0.921740
7271174.721261 -1.030166 -0.222205 0.005793 0.008994 -0.004359 0.256280 0.966551
7271174.921242 -1.042611 -0.225428 0.014704 0.004698 -0.011380 0.155320 0.987788
7271176.621158 -1.008636 -0.303054 0.022531 0.005458 -0.007191 0.048303 0.998792
7271177.321180 -0.568639 -0.271743 0.022912 0.005686 -0.002342 -0.109765 0.993939
7271177.521096 -0.420556 -0.314068 0.019572 0.013538 -0.008593 -0.230310 0.972985
7271177.821189 -0.230001 -0.433805 0.027878 0.018894 0.003099 -0.338351 0.940825
7271179.821132 0.155117 -0.834838 0.034217 -0.000506 -0.005013 -0.396981 0.917813
7271181.321112 0.345081 -1.095704 0.018560 -0.017108 -0.004088 -0.270033 0.962690
7271182.721194 0.805973 -1.322364 0.045178 0.003774 -0.004901 -0.176878 0.984213
7271183.421167 1.283654 -1.499085 0.043015 -0.004764 -0.005645 -0.172228 0.985029
7271184.121021 1.812679 -1.674685 0.051417 0.000932 0.005807 -0.155117 0.987879
7271184.721048 2.244670 -1.783682 0.069682 0.001027 0.001932 -0.047842 0.998853
7271185.420974 2.772153 -1.823969 0.037743 0.001176 -0.000732 -0.015024 0.999886
7271186.021082 3.228767 -1.861238 0.060232 -0.004474 0.008249 -0.118054 0.992963
7271186.721080 3.729695 -2.028806 0.074380 0.002254 -0.006308 -0.167318 0.985880
7271187.421016 4.239894 -2.201666 0.058081 -0.004026 -0.006698 -0.246961 0.968994
7271187.820919 4.484821 -2.365557 0.084620 0.005946 -0.011110 -0.360357 0.932729
7271188.121054 4.658897 -2.524871 0.095974 0.000768 0.000787 -0.457739 0.889086
7271188.520938 4.824966 -2.805998 0.075446 -0.002523 -0.010599 -0.557405 0.830169
7271189.220881 4.990661 -3.305420 0.081640 0.003280 -0.004368 -0.576276 0.817237
7271189.920836 5.142732 -3.804536 0.083415 0.000963 -0.018631 -0.566839 0.823617
7271191.120869 5.481655 -4.220215 0.089069 0.004331 -0.011888 -0.560948 0.827755
7271192.019797 5.889269 -4.527355 0.065227 0.013128 0.005455 -0.559658 0.828602
7271193.020851 6.170232 -4.689704 0.042944 -0.005867 -0.010712 -0.651829 0.758267
7271195.620757 6.196205 -5.243006 0.039700 -0.005063 0.023004 -0.669421 0.742510
7271198.120763 6.209508 -5.507642 0.018587 -0.014131 -0.000743 -0.749825 0.661485
7271199.520875 6.171705 -6.037828 -0.014464 -0.001222 0.004310 -0.744978 0.667074
7271204.220464 6.237767 -6.294510 0.004976 -0.007148 0.007571 -0.662475 0.749012
7271757.320886 6.254894 -6.564009 0.009556 -0.007738 0.013045 -0.717312 0.696587
7271764.720929 6.246071 -7.070595 0.017385 -0.065918 -0.053125 -0.704217 0.704919
7271766.721031 6.211019 -7.414728 0.224140 -0.159845 -0.118996 -0.668749 0.716285
7271769.520900 6.293319 -7.860406 0.454458 -0.116060 -0.126339 -0.699213 0.694024
7271772.020755 6.172779 -8.316268 0.696207 -0.156668 -0.111027 -0.751000 0.631765
7271774.420765 6.063152 -8.752308 0.921405 -0.113219 -0.149018 -0.729994 0.657331
7271776.920965 6.094737 -9.207871 1.164446 -0.114885 -0.085724 -0.700733 0.698875
7271778.520832 6.042724 -9.631243 1.435731 -0.132957 -0.134135 -0.684469 0.704153
7271780.718964 6.069444 -10.110905 1.608365 -0.135980 -0.110827 -0.699921 0.692342
7271782.920826 5.995010 -10.564918 1.836197 -0.111399 -0.111405 -0.715379 0.680744
7271784.420811 5.963265 -10.926049 1.939613 -0.061989 -0.008506 -0.719064 0.692121
7271788.320813 5.981395 -11.019702 2.039933 -0.008900 0.001647 -0.796343 0.604778
7271789.621495 5.893240 -11.218821 2.029863 -0.005791 -0.002665 -0.859411 0.511245
7271789.820797 5.892648 -11.224962 2.056631 -0.013295 -0.006567 -0.907996 0.418717
7271790.219529 5.899071 -11.198773 2.072019 -0.016244 -0.001868 -0.951111 0.308415
7271791.120776 5.942344 -11.175300 2.070967 -0.024192 -0.004312 -0.977934 0.207465
7271791.420784 5.953820 -11.188486 2.076905 -0.015967 -0.006596 -0.997735 0.065011
7271791.920949 5.927692 -11.205831 2.076371 0.019441 0.004886 0.998975 0.040575
7271795.220772 5.415014 -11.221606 2.040166 0.014034 -0.009723 0.998686 0.048316
7271798.420960 4.934479 -11.402724 2.018705 0.017015 -0.004841 0.999390 0.030114
7271799.320903 4.872058 -11.437418 2.008920 0.022537 0.003391 0.987982 0.152879
7271799.821232 4.856214 -11.455289 2.014246 0.015157 -0.003607 0.964977 0.261871
7271800.020754 4.857324 -11.464266 2.008481 0.015916 0.005466 0.931442 0.363501
7271800.420155 4.864802 -11.500146 2.039289 0.019335 0.001913 0.887779 0.459859
7271801.020333 4.880744 -11.541988 2.057298 0.023719 -0.002068 0.826703 0.562135
7271801.621155 4.871578 -11.556543 2.084908 0.017908 0.001985 0.762423 0.646829
7271803.021271 4.802134 -11.581542 2.023991 0.018678 0.001564 0.675888 0.736766
7271808.420966 4.583904 -11.109677 2.046705 -0.006797 -0.004819 0.661179 0.750182
7271811.021979 4.572177 -10.712886 2.064535 0.086722 -0.092795 0.680442 0.721711
7271812.420942 4.566408 -10.230987 2.271228 0.157175 -0.145143 0.666960 0.713719
7271813.921967 4.549926 -9.791137 2.514924 0.155992 -0.156299 0.654968 0.722671
7271815.320894 4.630917 -9.373202 2.786944 0.121397 -0.124611 0.666403 0.725012
7271817.820832 4.608209 -8.905839 3.028558 0.093612 -0.119813 0.658145 0.737379
7271819.621767 4.702892 -8.451980 3.291747 0.113890 -0.113557 0.624498 0.764288
7271822.020807 4.795513 -8.037498 3.566010 0.100041 -0.120433 0.668857 0.726717
7271823.720780 4.920352 -7.537446 3.664925 0.122084 -0.129249 0.676228 0.714917
7271825.619999 4.893980 -7.107371 3.938919 0.111569 -0.104458 0.684739 0.712582
7271826.821606 4.831060 -6.673714 4.051078 0.016431 -0.037255 0.679244 0.732782
7271828.020833 4.841907 -6.582830 4.106208 0.002299 -0.005156 0.573935 0.818881
7271828.821686 4.922924 -6.478639 4.123450 0.009740 -0.012470 0.481124 0.876510
7271829.721579 5.234603 -6.074061 4.083602 0.007048 -0.005051 0.488623 0.872452
7271831.821586 5.654495 -6.419659 4.080638 -0.009076 -0.011117 0.500492 0.865622
7271835.621273 5.906853 -6.503309 4.096462 0.000403 -0.014710 0.591508 0.806165
7271836.021484 5.934031 -6.525595 4.090384 -0.002820 -0.020889 0.674888 0.737619
7271919.020823 6.063867 -6.033313 4.102780 0.005595 -0.011373 0.714331 0.699694
7271920.420763 6.071969 -5.502213 4.111935 0.007536 -0.016078 0.721451 0.692237
7271921.621796 6.026872 -4.989073 4.099205 -0.005429 -0.011744 0.731120 0.682127
7271934.521711 6.144788 -4.711871 4.085115 -0.003831 -0.018280 0.803411 0.595131
7271935.021701 6.174981 -4.717781 4.086635 -0.002635 -0.017155 0.868447 0.495478
7271935.221600 6.199636 -4.707918 4.071948 -0.004594 -0.027921 0.924385 0.380411
7271935.421668 6.230167 -4.709458 4.101035 -0.001135 -0.019886 0.970057 0.242061
7271935.621524 6.238479 -4.697806 4.100781 -0.001804 -0.005808 0.995182 0.097858
7271935.921558 6.233029 -4.677879 4.086503 0.003852 0.004699 -0.999944 0.008609
7271938.021514 6.246033 -4.345952 4.094209 -0.002995 -0.007062 0.994689 0.102637
7271941.721418 6.393848 -4.074208 4.096728 -0.002167 -0.006857 0.972315 0.233563
7271943.621365 6.618993 -3.891779 4.115356 0.001462 -0.004479 0.992075 0.125558
7271944.121523 6.647189 -3.880999 4.099930 0.000952 -0.009197 0.999858 0.014116
7271946.021329 6.698284 -3.832806 4.113602 0.000364 -0.002878 0.992291 0.123895
7271947.921273 6.489132 -3.763365 4.105628 0.000912 -0.015831 0.999746 0.016023
7271950.321286 5.988551 -3.726004 4.105906 -0.003170 -0.001412 0.999239 0.038843
7271967.320882 5.479196 -3.671829 4.101031 0.003604 -0.001216 0.999650 0.026192
7271968.620852 4.958763 -3.659629 4.090817 -0.004850 0.002796 0.999907 0.012401
7271969.320954 4.400233 -3.653239 4.076396 -0.005611 0.002152 0.999936 0.009597
7271970.020812 3.864478 -3.671624 4.086620 -0.000029 0.013503 0.999880 0.007540
7271972.820961 3.356119 -3.816485 4.061794 -0.005760 0.001066 -0.999950 0.008122
7271974.820807 2.810769 -3.938349 4.051201 -0.000323 0.005440 -0.999693 0.024172
7271975.520898 2.293759 -3.995128 4.017975 -0.002422 -0.005598 -0.999534 0.029918
7271976.220857 1.761233 -4.019439 4.037743 -0.006955 0.001121 -0.999241 0.038308
7271976.920756 1.235448 -4.084714 4.040035 0.015308 0.001279 -0.998590 0.050816
7271979.520785 0.749844 -4.364496 4.017870 0.001527 0.002148 -0.997889 0.064887
7271980.720866 0.192655 -4.384022 4.035545 0.004137 -0.003970 -0.997043 0.076630
7271981.820864 -0.295555 -4.532909 3.983255 -0.006754 0.000563 -0.996145 0.087461
7271983.718600 -0.750558 -4.776781 3.981262 0.000510 0.001424 -0.996054 0.088740
7271984.920840 -1.256762 -4.886259 3.977189 0.011944 0.008104 -0.993830 0.109972
7271986.220927 -1.452931 -4.926368 3.965704 0.002564 -0.000204 0.999996 0.001086
7272016.420856 -1.950344 -4.996414 3.945109 0.013645 0.005418 0.999778 0.015144
7272021.320801 -2.270986 -5.382362 3.934479 0.002428 -0.007690 0.999961 0.003720
7272024.720799 -2.800223 -5.389826 3.935765 0.001117 0.014544 -0.999823 0.011869
7272025.621655 -3.321320 -5.392198 3.927570 0.012255 -0.007474 -0.999627 0.023241
7272026.621593 -3.856365 -5.389562 3.923928 0.003308 -0.000985 -0.999633 0.026879
7272027.621720 -4.094213 -5.402229 3.908726 0.005593 0.002692 -0.990920 0.134309
7272029.221525 -4.397921 -5.462806 3.895377 -0.002953 0.004109 -0.967271 0.253697
7272029.721554 -4.407226 -5.470838 3.908780 0.001619 0.005300 -0.932166 0.361990
7272030.221447 -4.405672 -5.447440 3.899968 -0.001519 0.005093 -0.886496 0.462705
7272031.421157 -4.406529 -5.418804 3.898018 0.003498 -0.000948 -0.821572 0.570093
7272032.721402 -4.420177 -5.378692 3.892428 0.003059 -0.008776 -0.757919 0.652282
7272040.021379 -4.782083 -5.756503 3.891567 0.001609 -0.016236 -0.724362 0.689227
7272040.921406 -4.818720 -6.258650 3.915016 0.011491 -0.008298 -0.722348 0.691384
7272042.121357 -4.819177 -6.775213 3.900275 0.015073 -0.005234 -0.706682 0.707352
7272044.520986 -4.865136 -7.296788 3.884473 0.015970 -0.003945 -0.706516 0.707506
7272046.219812 -4.984526 -7.776554 3.867273 0.006206 -0.000346 -0.762027 0.647516
7272047.221078 -5.084444 -8.291066 3.862690 0.002213 -0.014034 -0.740511 0.671894
7272051.421140 -5.267385 -8.783463 3.851196 0.003740 -0.007428 -0.713295 0.700814
7272136.021163 -5.230846 -8.712131 3.848602 0.007607 -0.001709 -0.787112 0.616761
7272136.721197 -5.201245 -8.679458 3.834605 -0.002233 -0.012052 -0.851685 0.523910
7272137.321203 -5.199813 -8.668783 3.840537 0.000475 -0.010591 -0.908464 0.417829
7272137.621397 -5.192570 -8.664237 3.860440 0.002874 -0.007734 -0.951204 0.308454
7272138.121283 -5.177674 -8.657256 3.931581 0.008490 -0.011086 -0.983998 0.177633
7272138.421156 -5.146259 -8.659444 3.877179 0.000899 -0.007572 -0.998661 0.051165
7272138.921109 -5.142915 -8.674705 3.845982 0.002629 -0.000779 0.995418 0.095585
7272139.421275 -5.132131 -8.688645 3.854368 0.006475 0.001392 0.979882 0.199466
7272140.121193 -5.133424 -8.684303 3.862975 -0.002708 0.004858 0.953557 0.301161
7272140.621215 -5.130027 -8.691905 3.905410 -0.005132 0.001398 0.913720 0.406310
7272140.921117 -5.125976 -8.709783 3.899012 0.005697 -0.004985 0.859668 0.510797
7272141.421242 -5.122556 -8.725844 3.862872 0.005530 -0.009039 0.792245 0.610111
7272141.721086 -5.133806 -8.727696 3.861779 0.008398 -0.007679 0.714554 0.699487
7272144.521051 -5.085229 -8.199235 3.861640 0.003572 -0.018614 0.678808 0.734071
7272145.421290 -5.003366 -7.683506 3.880493 0.004043 -0.005402 0.687424 0.726225
7272147.019208 -4.867987 -7.489295 3.879269 0.002024 -0.005349 0.601317 0.798990
7272150.420951 -4.800524 -6.961674 3.889729 0.004392 -0.023559 0.661486 0.749574
7272151.220936 -4.717562 -6.422951 3.896352 -0.002538 -0.001296 0.673483 0.739197
7272152.520953 -4.656655 -5.903138 3.900370 0.006514 -0.009669 0.684726 0.728707
7272153.220909 -4.653831 -5.700513 3.889897 0.007065 -0.016397 0.597637 0.801568
7272153.920876 -4.658984 -5.713246 3.889161 0.001759 -0.015478 0.506579 0.862053
7272154.320489 -4.672722 -5.703160 3.895769 0.005518 -0.017311 0.405354 0.913979
7272154.720956 -4.699448 -5.714623 3.888007 0.011056 -0.019538 0.270136 0.962560
7272155.120853 -4.687117 -5.721056 3.892056 0.012857 -0.021697 0.162226 0.986431
7272155.520992 -4.725060 -5.715560 3.881681 0.014038 -0.024690 0.044687 0.998597
7272160.120938 -4.218132 -5.703690 3.906049 -0.008646 -0.023262 0.024455 0.999393
7272162.820851 -3.644248 -5.683469 3.918827 0.006854 -0.018670 -0.020251 0.999597
7272164.220947 -3.108404 -5.708180 3.940295 -0.003078 -0.013296 0.001788 0.999905
7272164.920842 -2.559106 -5.704173 3.947195 0.009894 -0.010594 0.013438 0.999805
7272165.620789 -2.020185 -5.689038 3.958153 0.011517 -0.017870 0.015890 0.999648
7272166.320860 -1.502285 -5.672038 3.951198 0.006128 -0.020568 0.021552 0.999537
7272167.020795 -0.946309 -5.648901 3.985120 0.003353 -0.003951 0.033932 0.999411
7272167.720860 -0.396670 -5.604307 3.987635 0.002690 -0.014437 0.120896 0.992557
7272168.420785 0.093489 -5.460824 3.999372 0.013275 -0.006313 0.157043 0.987482
7272168.920762 0.200458 -5.465163 3.967614 0.000765 -0.010716 0.284044 0.958751
7272169.220750 0.219052 -5.477062 3.992323 -0.004125 -0.018113 0.394985 0.918500
7272170.420861 0.497248 -5.045623 4.009138 -0.007011 -0.005836 0.473441 0.880778
7272170.720827 0.564991 -4.899858 4.004264 0.001957 -0.000837 0.375669 0.926751
7272171.820940 0.876350 -4.667041 4.028412 0.005379 -0.015094 0.273645 0.961697
7272172.420941 1.279424 -4.495203 4.036479 0.004081 -0.008630 0.169273 0.985523
7272173.920874 1.772539 -4.399443 4.037856 -0.003550 -0.002972 0.124558 0.992202
7272174.920795 2.291900 -4.229024 4.067565 0.008008 0.000933 0.054433 0.998485
7272176.420877 2.849384 -4.133766 4.060058 0.008185 -0.026849 -0.035314 0.998982
7272177.620779 3.377223 -4.102177 4.067822 0.013271 -0.003217 -0.029511 0.999471
7272178.721322 3.890395 -4.144596 4.074893 0.006083 -0.025636 -0.020934 0.999434
7272179.420921 4.421683 -4.147381 4.092649 0.006964 -0.006620 -0.002624 0.999950
7272180.721410 4.971697 -4.154171 4.082832 0.009595 -0.011428 0.009772 0.999841
7272181.421186 5.501672 -4.118681 4.102287 0.003394 -0.018620 0.009392 0.999777
7272182.121229 6.034082 -4.092436 4.100942 0.007114 0.002863 -0.045896 0.998917
7272182.620757 6.415189 -4.167014 4.107043 0.010407 -0.015176 -0.160291 0.986898
7272183.321208 6.923700 -4.352212 4.147179 0.009073 -0.009947 -0.094751 0.995410
7272184.020830 7.435738 -4.430329 4.112897 0.011181 -0.016936 -0.062659 0.997829
7272184.721345 7.959211 -4.483628 4.130411 0.006321 -0.007842 -0.055501 0.998408
7272185.421074 8.506127 -4.605281 4.123705 -0.001041 -0.014968 -0.165059 0.986170
7272186.021253 8.959191 -4.826787 4.133293 0.001360 -0.011860 -0.216424 0.976227
7272186.620772 9.110087 -4.872113 4.111395 -0.005384 -0.014399 -0.071752 0.997304
7272187.121068 9.113076 -4.878210 4.114124 -0.002643 -0.016860 0.034490 0.999259
7272188.021100 9.618184 -4.864503 4.131524 -0.002024 -0.007781 0.028167 0.999571
7272188.921024 9.799082 -4.879673 4.128959 -0.014971 -0.012987 -0.077333 0.996808
7272190.721055 10.329330 -4.905697 4.131151 -0.021431 -0.010977 -0.077845 0.996675
7272191.720676 10.805350 -4.959624 4.147149 0.000051 -0.015309 -0.192585 0.981161
7272193.021065 10.730713 -5.007780 4.126770 -0.022855 -0.011124 -0.075055 0.996855
7272208.321660 11.026103 -5.072709 4.125328 -0.012839 -0.011358 0.027020 0.999488
7272212.621662 11.545002 -5.061756 4.149381 -0.006273 -0.003325 -0.043031 0.999049
7272214.621542 12.107232 -5.052900 4.138357 -0.007904 -0.011665 -0.022194 0.999654
7272215.921459 12.642828 -5.033600 4.151829 -0.000991 -0.007392 -0.009787 0.999924
7272217.721497 13.168157 -4.992478 4.155511 -0.002531 -0.002435 0.010940 0.999934
7272218.721423 13.283977 -5.008975 4.141272 -0.010039 -0.007731 0.141717 0.989826
7272219.421532 13.281727 -5.040596 4.149153 -0.009047 -0.009635 0.247701 0.968746
7272220.721387 13.529243 -4.832845 4.148946 -0.002358 -0.004575 0.345748 0.938313
7272221.119488 13.628087 -4.791288 4.153055 -0.006481 -0.005527 0.454500 0.890706
7272226.121286 13.679286 -4.481563 4.141518 0.002266 -0.000713 0.558804 0.829296
7272226.621373 13.697261 -4.362584 4.143324 0.000530 -0.000657 0.646437 0.762967
7272229.521191 13.650040 -3.849314 4.127740 -0.003721 0.002541 0.724225 0.689550
7272233.721144 13.467011 -3.668036 4.111077 -0.004527 -0.005770 0.797696 0.603015
7272235.721075 13.379414 -3.500243 4.117676 -0.001595 -0.007293 0.717015 0.697018
7272236.821103 13.320113 -3.597496 4.072950 0.004571 -0.018878 0.640203 0.767961
7272238.521076 13.312318 -3.572336 4.116310 -0.005156 -0.012850 0.717346 0.696580
7272303.221664 13.473977 -3.209400 4.114119 -0.004270 -0.006355 0.636012 0.771641
7272303.721665 13.448343 -3.227689 4.110103 0.008941 -0.013227 0.526333 0.850129
7272303.921706 13.436381 -3.228365 4.106719 0.011423 -0.005815 0.420074 0.907400
7272304.120804 13.420345 -3.225716 4.111116 0.011963 -0.006473 0.315665 0.948773
7272304.618233 13.395667 -3.227294 4.139377 0.002285 -0.008552 0.214740 0.976631
7272308.920080 13.234988 -3.478361 4.124406 -0.001955 -0.006723 0.113572 0.993505
7272310.221445 13.763184 -3.376153 4.064991 -0.003974 -0.000067 0.121533 0.992579
7272311.621553 13.742459 -3.487370 4.103653 -0.001627 -0.012582 -0.010244 0.999867
7272312.221494 13.733027 -3.474724 4.108147 -0.003781 -0.014917 -0.119943 0.992661
7272315.821353 13.645011 -3.596493 4.124143 -0.010474 -0.000004 -0.221067 0.975202
7272316.321431 13.652986 -3.571293 4.114907 -0.006772 -0.007819 -0.345082 0.938516
7272316.521280 13.648612 -3.560654 4.118773 -0.003904 -0.014846 -0.442010 0.896879
7272316.921390 13.632829 -3.538863 4.119224 -0.002251 -0.018440 -0.542243 0.840017
7272317.421316 13.644051 -3.513483 4.128203 -0.005331 -0.018096 -0.632902 0.774002
7272317.721373 13.649313 -3.504979 4.136502 -0.002847 -0.019922 -0.727461 0.685854
7272320.421227 13.529019 -4.009953 4.135601 -0.003140 -0.016210 -0.778805 0.627048
7272322.221245 13.475319 -4.532378 4.132145 -0.002937 0.000581 -0.766123 0.642687
7272324.521267 13.556548 -4.746233 4.129292 -0.013082 -0.014268 -0.830185 0.557151
7272324.921199 13.576897 -4.759602 4.135437 -0.006121 -0.019368 -0.896252 0.443080
7272325.121229 13.577626 -4.763880 4.134521 -0.003386 -0.018282 -0.941798 0.335664
7272325.521077 13.607609 -4.769291 4.133756 -0.007156 -0.014743 -0.975563 0.219109
7272325.921178 13.618438 -4.784528 4.142410 -0.010505 -0.014463 -0.994656 0.101689
7272326.221126 13.621161 -4.784437 4.140816 0.003887 0.016763 0.999731 0.015564
7272333.421007 13.098757 -4.965482 4.147823 -0.000862 0.010093 0.998760 0.048752
7272334.520942 12.597689 -4.940405 4.141537 -0.002612 0.002605 0.999517 0.030866
7272336.021005 12.069467 -4.996146 4.140386 0.001322 0.014111 0.999813 0.013130
7272337.620887 11.499711 -4.939242 4.130336 0.004848 -0.006385 -0.999940 0.007517
7272340.420928 11.018422 -4.926808 4.134710 -0.000145 -0.014940 -0.992356 0.122502
7272340.720848 10.973981 -4.907083 4.124775 -0.007127 0.006096 -0.972959 0.230787
7272341.020913 10.985885 -4.896454 4.126251 -0.020877 -0.001836 -0.939069 0.343088
7272341.320892 10.975011 -4.893381 4.129434 -0.010660 0.005210 -0.888844 0.458057
7272341.619223 10.969027 -4.890589 4.125656 -0.009533 -0.005350 -0.830726 0.556574
7272341.920791 10.950967 -4.875004 4.111980 -0.013103 -0.002369 -0.749333 0.662059
7272343.220897 10.930684 -5.405456 4.147694 -0.002474 -0.015489 -0.682290 0.730913
7272345.420937 10.965973 -5.911499 4.154025 -0.015792 -0.004789 -0.691040 0.722629
7272346.120824 10.998717 -6.427949 4.155603 -0.003711 -0.010649 -0.686428 0.727110
7272346.720828 11.021646 -6.831614 4.128619 0.000050 -0.018640 -0.762921 0.646223
7272347.520972 10.889667 -7.362270 4.165883 -0.011423 -0.009780 -0.780622 0.624822
7272348.220892 10.847322 -7.907104 4.172116 -0.001530 -0.007218 -0.727417 0.686156
7272348.920768 10.826234 -8.427776 4.174578 -0.003483 -0.012054 -0.715704 0.698291
7272349.620755 10.805475 -8.959644 4.191856 -0.000759 -0.010750 -0.708604 0.705524
7272350.320794 10.820373 -9.502425 4.190354 -0.005941 -0.011058 -0.705003 0.709093
7272351.020777 10.845284 -10.040642 4.190313 -0.006357 -0.002466 -0.696613 0.717415
7272351.620767 10.820532 -10.506144 4.210901 0.003092 -0.009420 -0.773116 0.634188
7272352.020756 10.750571 -10.786036 4.230167 -0.006837 -0.011677 -0.854193 0.519780
7272352.220751 10.699156 -10.916322 4.187531 0.008047 -0.015244 -0.907262 0.420213
7272352.420861 10.580447 -11.023052 4.171175 0.007419 -0.020764 -0.952988 0.302205
7272352.820778 10.296719 -11.155632 4.216213 0.008557 -0.017561 -0.981433 0.190805
7272353.920919 10.155149 -11.171288 4.186130 -0.014668 -0.002515 -0.951340 0.307783
7272354.221541 10.149526 -11.154455 4.184597 -0.016124 -0.010784 -0.911276 0.411338
7272354.421585 10.140360 -11.132171 4.182417 -0.016443 -0.005470 -0.857113 0.514837
7272354.720791 10.133797 -11.104918 4.180176 -0.017044 -0.011436 -0.798509 0.601632
7272355.020774 10.138614 -11.095883 4.191964 -0.018927 -0.004399 -0.718140 0.695627
7272356.220907 10.218494 -11.652781 4.204116 -0.008283 -0.004366 -0.680081 0.733077
7272356.920888 10.230555 -12.188377 4.220338 -0.000094 -0.014786 -0.729504 0.683817
7272357.620870 10.209085 -12.718843 4.212900 -0.008269 -0.009913 -0.729998 0.683328
7272358.320750 10.181073 -13.275394 4.232162 0.003165 -0.004138 -0.722990 0.690839
7272359.620799 10.161298 -13.719235 4.212927 -0.013125 -0.019846 -0.802818 0.595749
7272359.820976 10.162212 -13.724211 4.214648 -0.007493 -0.016705 -0.860130 0.509745
7272360.220842 10.189955 -13.729837 4.221023 -0.010144 -0.008416 -0.915714 0.401615
7272360.520812 10.210299 -13.730118 4.216384 -0.001656 -0.015429 -0.969168 0.245910
7272360.820771 10.229217 -13.729758 4.200706 -0.009730 -0.017579 -0.990479 0.136189
7272362.220773 9.724465 -13.763717 4.218428 0.005609 -0.009241 -0.997053 0.075953
7272363.220805 9.179908 -13.805811 4.224889 -0.007624 -0.011495 -0.996278 0.085090
7272364.121279 8.683770 -13.877764 4.209201 -0.001131 0.004857 0.999033 0.043677
7272366.821243 8.273504 -13.566628 4.192513 -0.020525 0.003579 -0.999750 0.008106
7272409.221466 8.055184 -13.306427 4.209894 -0.000547 0.008878 -0.992293 0.123592
7272409.821409 8.087252 -13.287739 4.200508 -0.009765 0.009536 -0.966496 0.256317
7272410.421464 8.071628 -13.272737 4.193510 -0.015216 -0.008483 -0.934818 0.354700
7272411.421534 7.684581 -13.602224 4.146857 -0.000519 -0.007843 -0.879069 0.476631
7272411.821479 7.670941 -13.596501 4.156615 -0.014084 -0.012697 -0.808143 0.588681
7272412.621531 7.641952 -13.595339 4.206579 -0.014221 -0.009475 -0.739333 0.673123
7272413.621471 7.568463 -14.101564 4.206338 0.006328 -0.005954 -0.708418 0.705739
7272413.921390 7.543961 -14.108331 4.201184 -0.009408 -0.001447 -0.584580 0.811280
7272414.221400 7.542545 -14.090474 4.192829 -0.010052 -0.005058 -0.466202 0.884607
7272414.721390 7.535730 -14.126968 4.195759 -0.002029 -0.008726 -0.360234 0.932819
7272415.021327 7.517348 -14.139705 4.201235 -0.006118 -0.013110 -0.234032 0.972121
7272416.221228 7.489289 -14.137959 4.202781 -0.001270 -0.007491 -0.113579 0.993500
7272418.421273 7.992306 -14.055237 4.208228 -0.001720 -0.011636 -0.028229 0.999532
7272419.121306 8.534751 -14.090777 4.225049 -0.002757 -0.006166 -0.023143 0.999709
7272419.721248 8.808947 -14.094127 4.191860 0.015527 -0.001151 -0.149598 0.988624
7272420.921233 9.345450 -14.278616 4.226451 0.005117 0.000939 -0.171105 0.985239
7272422.021282 9.867753 -14.501153 4.234978 0.005998 0.001205 -0.190553 0.981658
7272422.321302 10.059841 -14.549356 4.247045 -0.006750 0.006933 -0.316169 0.948654
7272422.521189 10.102962 -14.562607 4.239152 0.006695 -0.006167 -0.418978 0.907951
7272423.121101 10.094444 -14.554052 4.207542 -0.007792 -0.014578 -0.511695 0.859008
7272423.621096 10.083949 -14.573647 4.222727 -0.012905 -0.014643 -0.400509 0.916085
7272423.921223 10.057978 -14.564524 4.218374 -0.021036 -0.012581 -0.286207 0.957854
7272424.221060 10.039632 -14.565200 4.223358 -0.015485 -0.017611 -0.186987 0.982082
7272425.221062 10.050515 -14.586012 4.218884 -0.005359 -0.017587 -0.084592 0.996246
7272428.920996 10.362800 -14.995580 4.234851 -0.013252 -0.010495 -0.053292 0.998436
7272431.121075 10.721463 -15.358327 4.241783 -0.007978 -0.010756 -0.027182 0.999541
7272433.920888 11.283666 -15.472116 4.247755 -0.001221 -0.010467 -0.000931 0.999944
7272434.720706 11.796445 -15.497942 4.242685 -0.001827 -0.004253 0.007894 0.999958
7272436.820924 12.316767 -15.502639 4.250844 -0.010618 -0.021944 -0.078303 0.996631
7272437.720875 12.812923 -15.590259 4.246380 -0.000937 -0.012582 -0.069264 0.997519
7272438.420905 13.318727 -15.692673 4.248761 0.009024 -0.008462 -0.047011 0.998818
7272439.220770 13.876479 -15.718184 4.240929 0.001928 -0.010246 0.010134 0.999894
7272440.320901 14.394123 -15.678564 4.229146 -0.002499 -0.004738 -0.047165 0.998873
7272441.519280 14.930498 -15.763949 4.246775 0.000883 -0.001549 -0.068783 0.997630
7272442.420911 15.380634 -15.807155 4.224188 0.006898 -0.010350 -0.183272 0.982983
7272443.620910 15.683495 -15.989128 4.241481 0.004400 -0.011419 -0.295036 0.955408
7272443.920803 15.786724 -16.046265 4.235988 0.001665 -0.000233 -0.429774 0.902935
7272444.220855 15.807919 -16.049490 4.227550 -0.000592 -0.013114 -0.543081 0.839578
7272447.420755 15.887499 -16.338188 4.239946 -0.001219 -0.018816 -0.649557 0.760079
7272449.020785 15.841696 -16.844465 4.227417 -0.007445 -0.009412 -0.712466 0.701604
7272449.720802 15.836227 -17.380558 4.249393 -0.003877 -0.009502 -0.712049 0.702055
7272450.420882 15.821921 -17.894070 4.234025 -0.004452 -0.013117 -0.706671 0.707406
7272451.120889 15.816291 -18.433836 4.263462 0.005052 0.001050 -0.701009 0.713133
7272452.121317 15.813622 -18.896854 4.230565 0.002727 -0.009901 -0.775467 0.631305
7272452.720921 15.811874 -18.892069 4.222047 -0.009916 -0.005660 -0.837464 0.546373
7272453.920934 15.611501 -19.413227 4.220618 -0.001326 0.000437 -0.781861 0.623451
7272454.620843 15.486108 -19.935450 4.227611 -0.003067 -0.004095 -0.721411 0.692488
7272455.320704 15.479266 -20.451654 4.230228 0.002265 -0.012065 -0.687583 0.726002
7272456.020826 15.517907 -20.968479 4.224395 -0.005677 -0.007487 -0.679039 0.734042
7272456.720828 15.454302 -21.475510 4.224288 0.000930 0.000566 -0.664259 0.747502
7272457.620856 15.472288 -21.986961 4.218308 0.001823 0.006501 -0.686923 0.726699
7272458.520782 15.483542 -22.027155 4.211325 -0.020862 -0.006684 -0.759239 0.650443
7272459.320449 15.401999 -22.573099 4.197016 -0.002259 -0.002005 -0.749778 0.661683
7272460.320800 15.336642 -23.088352 4.208831 -0.006816 -0.003319 -0.667387 0.744672
7272461.720832 15.314182 -23.467047 4.217686 -0.009309 -0.003340 -0.741636 0.670730
7272462.520878 15.252648 -24.017580 4.204311 0.000905 0.001121 -0.739878 0.672740
